{
"type": "FeatureCollection",
"name": "barriers",
"crs": { "type": "name", "properties": { "name": "urn:ogc:def:crs:OGC:1.3:CRS84" } },
"features": [
{ "type": "Feature", "properties": { "edge_id": 73333, "segment_id": "b8e5b9fd-5b84-4704-bcc1-c0d3b2f7df2b", "u": "5eca33e3-055f-4c9a-a40f-30948394935c", "v": "d1f0f5d9-6f08-43ec-a0b8-844b0eb60aba", "part": 0, "cls": "path", "subclass": null, "name": null, "length_m": 288.91643132751113, "is_bridge": false, "is_tunnel": false, "is_covered": false, "is_structure": false, "walk_ok": true, "walk_oneway": false, "walk_restricted": false, "walk_sidepath": false, "under_at_m": [ ], "bike_ok": false, "bike_oneway": false, "bike_restricted": false, "bike_facility": "", "low_stress": false, "max_abs_grade": 0.25289166074448011, "elev_min": 478.38021850585938, "elev_max": 519.36846923828125, "cum_gain_fwd": 0.0, "cum_loss_fwd": 40.988250732421875, "net_change_fwd": -40.988250732421875, "avg_grade_fwd": -0.14186887504602727, "n_samples": 59, "d_abs_above_3": 288.91644287109375, "d_abs_above_5": 278.95379638671875, "d_abs_above_8": 224.15932083129883, "d_abs_above_10": 194.27140617370605, "d_abs_above_15": 134.49558258056641, "grade_reliable": true, "max_abs_grade_reliable": 0.25289166074448011, "shortest_use": 24, "flat_use": 0, "flat_use_per_objective": 0.0, "unavoidability": 0.0, "barrier_score": 17.535493472347881, "neighborhood": "Hirzenbach" }, "geometry": { "type": "LineString", "coordinates": [ [ 8.577520608420595, 47.395537110159772 ], [ 8.577593708420652, 47.395572510159738 ], [ 8.577631908420688, 47.395584110159675 ], [ 8.577677408420728, 47.39559041015972 ], [ 8.577718208420762, 47.395590710159688 ], [ 8.577755408420801, 47.395585510159677 ], [ 8.577946408420997, 47.39555111015963 ], [ 8.578336208421399, 47.395472110159481 ], [ 8.578632608421707, 47.39540771015934 ], [ 8.578714608421793, 47.395394810159324 ], [ 8.578935208422003, 47.395384610159269 ], [ 8.578998208422066, 47.395395410159232 ], [ 8.579117108422182, 47.395396710159218 ], [ 8.579276008422333, 47.395386410159169 ], [ 8.579385308422454, 47.395361710159122 ], [ 8.579521608422592, 47.395320610159054 ], [ 8.57967090842275, 47.395288110159058 ], [ 8.579862708422938, 47.395277510158969 ], [ 8.580027708423087, 47.395293310158941 ], [ 8.580190908423244, 47.395311610158878 ], [ 8.5803517084234, 47.395312010158868 ], [ 8.58059920842361, 47.395416810158821 ], [ 8.580711208423695, 47.395488010158815 ], [ 8.580990008423909, 47.395666010158777 ], [ 8.581061136103648, 47.395661153060267 ] ] } },
{ "type": "Feature", "properties": { "edge_id": 60146, "segment_id": "41853ad3-1c4d-4ea7-a460-393b9357c5e1", "u": "018e0327-c8ea-411e-89c8-308588b52504", "v": "bdb5bd62-1dce-4b72-9139-9e0643de4417", "part": 2, "cls": "residential", "subclass": null, "name": "Kurhausstrasse", "length_m": 177.05416253037237, "is_bridge": false, "is_tunnel": false, "is_covered": false, "is_structure": false, "walk_ok": true, "walk_oneway": false, "walk_restricted": false, "walk_sidepath": false, "under_at_m": [ ], "bike_ok": true, "bike_oneway": false, "bike_restricted": false, "bike_facility": "", "low_stress": true, "max_abs_grade": 0.1063672515200474, "elev_min": 564.7957763671875, "elev_max": 582.3424072265625, "cum_gain_fwd": 17.546630859375, "cum_loss_fwd": -0.0, "net_change_fwd": 17.546630859375, "avg_grade_fwd": 0.099103178355488583, "n_samples": 37, "d_abs_above_3": 177.05416870117188, "d_abs_above_5": 177.05416870117188, "d_abs_above_8": 177.05416870117188, "d_abs_above_10": 83.608907699584961, "d_abs_above_15": 0.0, "grade_reliable": true, "max_abs_grade_reliable": 0.1063672515200474, "shortest_use": 74, "flat_use": 151, "flat_use_per_objective": 50.333333333333336, "unavoidability": 0.68018018018018023, "barrier_score": 13.936245832519207, "neighborhood": "Hottingen" }, "geometry": { "type": "LineString", "coordinates": [ [ 8.571131459865649, 47.372472374177732 ], [ 8.571174508421626, 47.372465710154188 ], [ 8.57163060842209, 47.372397010154032 ], [ 8.572154208422614, 47.372332010153869 ], [ 8.572394508422855, 47.372315010153777 ], [ 8.572641008423092, 47.372319210153734 ], [ 8.572972208423405, 47.372348110153645 ], [ 8.573446095100927, 47.372393144310806 ] ] } },
{ "type": "Feature", "properties": { "edge_id": 74734, "segment_id": "21f14647-d2c6-4d8b-9dde-ce9bd25a5e18", "u": "25fe77c3-8d20-4d2b-ba9a-d06d579b102b", "v": "2ffb4346-8929-49d4-94ce-69af6095b51d", "part": 0, "cls": "path", "subclass": null, "name": null, "length_m": 302.58203536881922, "is_bridge": false, "is_tunnel": false, "is_covered": false, "is_structure": false, "walk_ok": true, "walk_oneway": false, "walk_restricted": false, "walk_sidepath": false, "under_at_m": [ ], "bike_ok": false, "bike_oneway": false, "bike_restricted": false, "bike_facility": "", "low_stress": false, "max_abs_grade": 0.43789566940033592, "elev_min": 520.17822265625, "elev_max": 565.0242919921875, "cum_gain_fwd": 47.63262939453125, "cum_loss_fwd": 2.78656005859375, "net_change_fwd": 44.8460693359375, "avg_grade_fwd": 0.14821127728792555, "n_samples": 62, "d_abs_above_3": 277.78022766113281, "d_abs_above_5": 262.89913368225098, "d_abs_above_8": 233.13698387145996, "d_abs_above_10": 218.25590705871582, "d_abs_above_15": 148.81084728240967, "grade_reliable": true, "max_abs_grade_reliable": 0.43789566940033592, "shortest_use": 10, "flat_use": 0, "flat_use_per_objective": 0.0, "unavoidability": 0.0, "barrier_score": 13.249936292634523, "neighborhood": "Hottingen" }, "geometry": { "type": "LineString", "coordinates": [ [ 8.584470608429886, 47.387283610155094 ], [ 8.584485408429929, 47.387197110155043 ], [ 8.58452890842999, 47.387151710155024 ], [ 8.584550908430019, 47.387110410155017 ], [ 8.584543808430034, 47.387024310154985 ], [ 8.58452290843004, 47.386946810154974 ], [ 8.584491908430058, 47.386807410154894 ], [ 8.584461208430074, 47.386656310154869 ], [ 8.584407808430049, 47.386570410154889 ], [ 8.584369508430052, 47.386429410154861 ], [ 8.584342008430038, 47.386397710154831 ], [ 8.584287908430007, 47.386352010154845 ], [ 8.584269908429993, 47.386327110154845 ], [ 8.584264108429995, 47.386304310154856 ], [ 8.584274408430018, 47.386269410154817 ], [ 8.584300308430056, 47.386228910154827 ], [ 8.584307708430069, 47.386207310154795 ], [ 8.584287108430065, 47.386147510154771 ], [ 8.584255008430071, 47.386042210154748 ], [ 8.58426860843009, 47.386000510154737 ], [ 8.584279308430112, 47.385966810154692 ], [ 8.584282108430129, 47.385940510154683 ], [ 8.584262408430119, 47.385898810154728 ], [ 8.584272408430136, 47.385879310154671 ], [ 8.584301308430177, 47.385845110154627 ], [ 8.584313108430196, 47.385800810154656 ], [ 8.584319908430214, 47.385769510154645 ], [ 8.584314308430219, 47.385735610154633 ], [ 8.584301008430209, 47.38571871015462 ], [ 8.584238408430165, 47.385674810154647 ], [ 8.584217408430147, 47.385661510154648 ], [ 8.584209308430141, 47.385645910154608 ], [ 8.584206008430147, 47.385621910154647 ], [ 8.584160008430141, 47.38551901015461 ], [ 8.584140308430126, 47.385498510154612 ], [ 8.5841077084301, 47.385484510154598 ], [ 8.58403280843004, 47.385422010154599 ], [ 8.584008108430023, 47.385434710154655 ], [ 8.583994708430009, 47.385440610154639 ], [ 8.583966808429976, 47.385441110154652 ], [ 8.583933408429953, 47.385416910154646 ], [ 8.583900108429924, 47.385389310154693 ], [ 8.583874008429907, 47.3853601101547 ], [ 8.583845008429892, 47.385329710154643 ], [ 8.583816008429878, 47.38528931015464 ], [ 8.583794408429865, 47.385256810154644 ], [ 8.583776308429858, 47.38520981015462 ], [ 8.583746208429842, 47.38517741015464 ], [ 8.583685108429796, 47.38514861015463 ], [ 8.583624308429741, 47.385125110154668 ], [ 8.583572408429704, 47.385095610154622 ], [ 8.583515608429654, 47.385074110154633 ], [ 8.583467708429612, 47.385056810154659 ], [ 8.583320608429485, 47.385003710154656 ], [ 8.583283762185072, 47.385021772950864 ] ] } },
{ "type": "Feature", "properties": { "edge_id": 5007, "segment_id": "7e9b62df-6777-46b6-ab21-a53f6c4bf85b", "u": "54440bbf-3480-4594-b8fe-fb51fab06bf4", "v": "feeeb3ef-8703-48a3-8722-c207a11d2c73", "part": 3, "cls": "track", "subclass": null, "name": "Frymannstrasse", "length_m": 194.50081434296723, "is_bridge": false, "is_tunnel": false, "is_covered": false, "is_structure": false, "walk_ok": true, "walk_oneway": false, "walk_restricted": false, "walk_sidepath": false, "under_at_m": [ ], "bike_ok": true, "bike_oneway": false, "bike_restricted": false, "bike_facility": "", "low_stress": false, "max_abs_grade": 0.17814778439669443, "elev_min": 464.57757568359375, "elev_max": 477.29922485351562, "cum_gain_fwd": 2.572174072265625, "cum_loss_fwd": 12.721649169921875, "net_change_fwd": -10.14947509765625, "avg_grade_fwd": -0.052182174278181864, "n_samples": 40, "d_abs_above_3": 189.51361083984375, "d_abs_above_5": 169.56479644775391, "d_abs_above_8": 99.743995666503906, "d_abs_above_10": 14.961593627929688, "d_abs_above_15": 9.974395751953125, "grade_reliable": true, "max_abs_grade_reliable": 0.17814778439669443, "shortest_use": 32, "flat_use": 3, "flat_use_per_objective": 1.0, "unavoidability": 0.03125, "barrier_score": 11.087964524336774, "neighborhood": "Leimbach" }, "geometry": { "type": "LineString", "coordinates": [ [ 8.514047083475759, 47.337837494570785 ], [ 8.513942908376817, 47.337405510159321 ], [ 8.513888808376896, 47.336973610159212 ], [ 8.513884608376923, 47.33686701015921 ], [ 8.513898208376965, 47.336765810159129 ], [ 8.513922008377014, 47.336686010159099 ], [ 8.513971708377094, 47.336597410159079 ], [ 8.514036008377181, 47.336511510159013 ], [ 8.514132308377302, 47.336423310158992 ], [ 8.514250608377443, 47.336341210158942 ], [ 8.514063078476505, 47.336224934178766 ] ] } },
{ "type": "Feature", "properties": { "edge_id": 58070, "segment_id": "8eb74b3f-5dd8-4d44-aabc-7b96cec530a6", "u": "673e07b7-5302-4aee-96b5-ab348f3ae3af", "v": "efaead7b-e680-45b3-ae4a-ca0c23c430f2", "part": 0, "cls": "path", "subclass": null, "name": null, "length_m": 77.283115781400085, "is_bridge": false, "is_tunnel": false, "is_covered": false, "is_structure": false, "walk_ok": true, "walk_oneway": false, "walk_restricted": false, "walk_sidepath": false, "under_at_m": [ ], "bike_ok": true, "bike_oneway": false, "bike_restricted": false, "bike_facility": "shared_path", "low_stress": true, "max_abs_grade": 0.30946607944023352, "elev_min": 453.20053100585938, "elev_max": 464.95114135742188, "cum_gain_fwd": 0.0, "cum_loss_fwd": 11.7506103515625, "net_change_fwd": -11.7506103515625, "avg_grade_fwd": -0.15204627443802862, "n_samples": 17, "d_abs_above_3": 77.283119201660156, "d_abs_above_5": 77.283119201660156, "d_abs_above_8": 72.452919006347656, "d_abs_above_10": 57.962337493896484, "d_abs_above_15": 28.981168746948242, "grade_reliable": true, "max_abs_grade_reliable": 0.30946607944023352, "shortest_use": 42, "flat_use": 81, "flat_use_per_objective": 27.0, "unavoidability": 0.6428571428571429, "barrier_score": 10.044931196074121, "neighborhood": "Hirslanden" }, "geometry": { "type": "LineString", "coordinates": [ [ 8.574181108428926, 47.358327110148736 ], [ 8.574128408428862, 47.35836761014879 ], [ 8.573961508428711, 47.358345110148804 ], [ 8.573646108428415, 47.358295510148864 ], [ 8.573447008428241, 47.358253210148945 ], [ 8.573400108428203, 47.35821221014892 ], [ 8.573252708428077, 47.35816261014898 ] ] } },
{ "type": "Feature", "properties": { "edge_id": 72410, "segment_id": "aeeb7a3b-8d04-4966-be8e-32050e61a11d", "u": "965afe83-c5fa-4155-91cd-5ee8906630ae", "v": "9857d35b-271a-47fa-aa11-34a19ea3e12e", "part": 1, "cls": "path", "subclass": null, "name": "Unterholzweg", "length_m": 223.85013350427087, "is_bridge": false, "is_tunnel": false, "is_covered": false, "is_structure": false, "walk_ok": true, "walk_oneway": false, "walk_restricted": false, "walk_sidepath": false, "under_at_m": [ ], "bike_ok": true, "bike_oneway": false, "bike_restricted": false, "bike_facility": "shared_path", "low_stress": true, "max_abs_grade": 0.24836428889127468, "elev_min": 507.37661743164062, "elev_max": 549.36566162109375, "cum_gain_fwd": 0.0, "cum_loss_fwd": 41.989044189453125, "net_change_fwd": -41.989044189453125, "avg_grade_fwd": -0.18757659212438349, "n_samples": 46, "d_abs_above_3": 223.85012817382812, "d_abs_above_5": 223.85012817382812, "d_abs_above_8": 218.87568092346191, "d_abs_above_10": 213.9012336730957, "d_abs_above_15": 179.08010482788086, "grade_reliable": true, "max_abs_grade_reliable": 0.24836428889127468, "shortest_use": 18, "flat_use": 0, "flat_use_per_objective": 0.0, "unavoidability": 0.0, "barrier_score": 10.007348260680924, "neighborhood": "Schwamendingen-Mitte" }, "geometry": { "type": "LineString", "coordinates": [ [ 8.562443332022141, 47.40003326298519 ], [ 8.562515408404655, 47.400044910165505 ], [ 8.562539608404636, 47.40019091016557 ], [ 8.562481408404539, 47.400324110165656 ], [ 8.562495508404536, 47.40039221016567 ], [ 8.562552408404549, 47.400508210165626 ], [ 8.562634508404592, 47.400630510165684 ], [ 8.562652108404592, 47.400680910165718 ], [ 8.562629708404558, 47.400723210165729 ], [ 8.562543308404473, 47.400734810165737 ], [ 8.562492008404421, 47.400733710165738 ], [ 8.562480108404406, 47.400755910165763 ], [ 8.562515608404425, 47.400783510165759 ], [ 8.562592308404497, 47.400808810165756 ], [ 8.562613108404507, 47.400827210165787 ], [ 8.56258640840448, 47.400846410165784 ], [ 8.562521208404416, 47.400849010165814 ], [ 8.562492208404379, 47.400869110165814 ], [ 8.562503708404385, 47.400896410165828 ], [ 8.56260060840447, 47.40092991016575 ], [ 8.56266720840452, 47.400967310165761 ], [ 8.562663308404511, 47.400997210165805 ], [ 8.562613108404454, 47.401014610165831 ], [ 8.562613208404445, 47.401042010165817 ], [ 8.562644408404468, 47.40106951016584 ], [ 8.562755408404561, 47.401116610165808 ], [ 8.562775708404567, 47.401142310165795 ], [ 8.56277070840455, 47.401180810165805 ], [ 8.56269360840446, 47.401241010165869 ], [ 8.562657008404409, 47.401291110165921 ], [ 8.562674208404413, 47.401328810165893 ], [ 8.562755308404483, 47.401349410165871 ], [ 8.562843408404563, 47.401364010165871 ], [ 8.562882208404602, 47.401378410165869 ], [ 8.562888908404599, 47.401400510165885 ], [ 8.562874108404582, 47.401413210165877 ], [ 8.562810008404515, 47.401431010165886 ], [ 8.562768208404469, 47.401454710165943 ], [ 8.562771708404457, 47.4014784101659 ] ] } },
{ "type": "Feature", "properties": { "edge_id": 67918, "segment_id": "e7aa3694-a1de-4597-b600-c1423912023b", "u": "28c194c3-714c-46b2-ba28-9c1a0090fdb6", "v": "7d5c8eb5-1881-49d4-a4f0-7f8abd209250", "part": 0, "cls": "steps", "subclass": null, "name": "Schäppiweg", "length_m": 82.027358186863367, "is_bridge": false, "is_tunnel": false, "is_covered": false, "is_structure": false, "walk_ok": true, "walk_oneway": false, "walk_restricted": false, "walk_sidepath": false, "under_at_m": [ ], "bike_ok": false, "bike_oneway": false, "bike_restricted": false, "bike_facility": "", "low_stress": false, "max_abs_grade": 0.2654478958890204, "elev_min": 521.4931640625, "elev_max": 541.8343505859375, "cum_gain_fwd": 20.3411865234375, "cum_loss_fwd": -0.0, "net_change_fwd": 20.3411865234375, "avg_grade_fwd": 0.24798051246850436, "n_samples": 18, "d_abs_above_3": 82.027359008789062, "d_abs_above_5": 82.027359008789062, "d_abs_above_8": 82.027359008789062, "d_abs_above_10": 82.027359008789062, "d_abs_above_15": 82.027359008789062, "grade_reliable": true, "max_abs_grade_reliable": 0.2654478958890204, "shortest_use": 44, "flat_use": 85, "flat_use_per_objective": 28.333333333333332, "unavoidability": 0.64393939393939392, "barrier_score": 9.5805554398566741, "neighborhood": "Oberstrass" }, "geometry": { "type": "LineString", "coordinates": [ [ 8.549742408395439, 47.389880110166011 ], [ 8.550828808396497, 47.389880810165685 ] ] } },
{ "type": "Feature", "properties": { "edge_id": 58158, "segment_id": "e2c239e0-5908-478f-ad53-1396186df001", "u": "2168004b-507a-4ac1-8c7b-3c618a94484d", "v": "e6bcc1dd-d47d-4057-a099-c06ee57e9f5f", "part": 0, "cls": "residential", "subclass": null, "name": "Waserstrasse", "length_m": 122.89095220980558, "is_bridge": false, "is_tunnel": false, "is_covered": false, "is_structure": false, "walk_ok": true, "walk_oneway": false, "walk_restricted": false, "walk_sidepath": false, "under_at_m": [ ], "bike_ok": true, "bike_oneway": false, "bike_restricted": false, "bike_facility": "", "low_stress": true, "max_abs_grade": 0.1756008828158224, "elev_min": 496.94955444335938, "elev_max": 512.66851806640625, "cum_gain_fwd": 15.718963623046875, "cum_loss_fwd": -0.0, "net_change_fwd": 15.718963623046875, "avg_grade_fwd": 0.12790985203658678, "n_samples": 26, "d_abs_above_3": 122.89095306396484, "d_abs_above_5": 122.89095306396484, "d_abs_above_8": 117.97531509399414, "d_abs_above_10": 103.22840118408203, "d_abs_above_15": 24.578193664550781, "grade_reliable": true, "max_abs_grade_reliable": 0.1756008828158224, "shortest_use": 38, "flat_use": 81, "flat_use_per_objective": 27.0, "unavoidability": 0.71052631578947367, "barrier_score": 8.200308685285183, "neighborhood": "Hirslanden" }, "geometry": { "type": "LineString", "coordinates": [ [ 8.576179108430726, 47.358774710148303 ], [ 8.576215808430753, 47.358785610148324 ], [ 8.576261208430793, 47.358793410148287 ], [ 8.57630050843084, 47.358792210148302 ], [ 8.576336608430875, 47.358782210148298 ], [ 8.576377008430919, 47.358765810148292 ], [ 8.576423108430966, 47.358742210148229 ], [ 8.576532508431109, 47.358641610148197 ], [ 8.576660408431263, 47.358531710148092 ], [ 8.576799808431421, 47.358462310148049 ], [ 8.576930208431559, 47.358425010148004 ], [ 8.577108808431746, 47.358401310147933 ], [ 8.577467708432104, 47.358348810147803 ], [ 8.577570708432203, 47.358348810147803 ] ] } },
{ "type": "Feature", "properties": { "edge_id": 60358, "segment_id": "304faeb9-5a3e-436f-a937-6e9ec3a0466b", "u": "7c3e40d8-5f5a-4cc5-9e9e-57cf6d36776c", "v": "1af84ef2-1efe-4796-ae3c-eaaea876d9c6", "part": 2, "cls": "residential", "subclass": null, "name": "Susenbergstrasse", "length_m": 183.46276864410589, "is_bridge": false, "is_tunnel": false, "is_covered": false, "is_structure": false, "walk_ok": true, "walk_oneway": false, "walk_restricted": false, "walk_sidepath": false, "under_at_m": [ ], "bike_ok": true, "bike_oneway": false, "bike_restricted": false, "bike_facility": "", "low_stress": true, "max_abs_grade": 0.098597584759226017, "elev_min": 595.2550048828125, "elev_max": 609.5357666015625, "cum_gain_fwd": 0.0, "cum_loss_fwd": 14.28076171875, "net_change_fwd": -14.28076171875, "avg_grade_fwd": -0.077840108002584285, "n_samples": 38, "d_abs_above_3": 183.4627685546875, "d_abs_above_5": 163.62895202636719, "d_abs_above_8": 104.12751770019531, "d_abs_above_10": 0.0, "d_abs_above_15": 0.0, "grade_reliable": true, "max_abs_grade_reliable": 0.098597584759226017, "shortest_use": 40, "flat_use": 70, "flat_use_per_objective": 23.333333333333332, "unavoidability": 0.58333333333333326, "barrier_score": 7.2355943526198017, "neighborhood": "Fluntern" }, "geometry": { "type": "LineString", "coordinates": [ [ 8.565269785579011, 47.381353690414279 ], [ 8.565762208413682, 47.381166210158568 ], [ 8.566094708414033, 47.381050310158436 ], [ 8.566355008414313, 47.38096551015834 ], [ 8.566643008414626, 47.380855310158168 ], [ 8.566986208415006, 47.380701010158056 ], [ 8.567041508415068, 47.380674910158035 ], [ 8.567235008415292, 47.380573510157951 ], [ 8.567301208415362, 47.380536110157941 ], [ 8.567346021840967, 47.380506487724077 ] ] } },
{ "type": "Feature", "properties": { "edge_id": 73570, "segment_id": "81d5c52c-fd4d-4257-a56e-d74b064af3cd", "u": "5af90c61-91db-48fe-8699-a8e7453dd47a", "v": "2f6b5107-2559-40f9-b1f3-4c304fac3937", "part": 0, "cls": "track", "subclass": null, "name": "Hanslinweg", "length_m": 150.7277189481496, "is_bridge": false, "is_tunnel": false, "is_covered": false, "is_structure": false, "walk_ok": true, "walk_oneway": false, "walk_restricted": false, "walk_sidepath": false, "under_at_m": [ ], "bike_ok": true, "bike_oneway": false, "bike_restricted": false, "bike_facility": "", "low_stress": false, "max_abs_grade": 0.15888378398734654, "elev_min": 601.644775390625, "elev_max": 624.03338623046875, "cum_gain_fwd": 22.38861083984375, "cum_loss_fwd": -0.0, "net_change_fwd": 22.38861083984375, "avg_grade_fwd": 0.14853678220449859, "n_samples": 32, "d_abs_above_3": 150.72772216796875, "d_abs_above_5": 150.72772216796875, "d_abs_above_8": 150.72772216796875, "d_abs_above_10": 150.72772216796875, "d_abs_above_15": 82.657131195068359, "grade_reliable": true, "max_abs_grade_reliable": 0.15888378398734654, "shortest_use": 30, "flat_use": 0, "flat_use_per_objective": 0.0, "unavoidability": 0.0, "barrier_score": 7.1844571014789844, "neighborhood": "Fluntern" }, "geometry": { "type": "LineString", "coordinates": [ [ 8.56906740841359, 47.391743710160995 ], [ 8.569009708413548, 47.39170131016099 ], [ 8.568821608413399, 47.391607910161014 ], [ 8.567487608412284, 47.391027810161219 ], [ 8.567428608412243, 47.390977910161205 ] ] } },
{ "type": "Feature", "properties": { "edge_id": 73324, "segment_id": "34df2d83-b808-4ee3-baff-e5982a54feca", "u": "99d3f867-f0f6-413d-b247-b3ff381599d9", "v": "30d71312-39be-4f45-9c68-dc845dcb2b8b", "part": 1, "cls": "path", "subclass": null, "name": null, "length_m": 168.56379485566396, "is_bridge": false, "is_tunnel": false, "is_covered": false, "is_structure": false, "walk_ok": true, "walk_oneway": false, "walk_restricted": false, "walk_sidepath": false, "under_at_m": [ ], "bike_ok": false, "bike_oneway": false, "bike_restricted": false, "bike_facility": "", "low_stress": false, "max_abs_grade": 0.19362796205431168, "elev_min": 560.141357421875, "elev_max": 578.52703857421875, "cum_gain_fwd": 18.38568115234375, "cum_loss_fwd": -0.0, "net_change_fwd": 18.38568115234375, "avg_grade_fwd": 0.10907253799380955, "n_samples": 35, "d_abs_above_3": 168.56379699707031, "d_abs_above_5": 168.56379699707031, "d_abs_above_8": 109.0706787109375, "d_abs_above_10": 64.450859069824219, "d_abs_above_15": 39.662071228027344, "grade_reliable": true, "max_abs_grade_reliable": 0.19362796205431168, "shortest_use": 22, "flat_use": 0, "flat_use_per_objective": 0.0, "unavoidability": 0.0, "barrier_score": 7.1805060962895206, "neighborhood": "Schwamendingen-Mitte" }, "geometry": { "type": "LineString", "coordinates": [ [ 8.573126212624835, 47.393339360252568 ], [ 8.572977708416913, 47.393237810160336 ], [ 8.572883308416843, 47.393158910160345 ], [ 8.572810508416779, 47.393128710160369 ], [ 8.572641708416628, 47.393100710160375 ], [ 8.572398508416386, 47.393126210160432 ], [ 8.57204190841602, 47.393203210160614 ], [ 8.57172580841568, 47.393310610160718 ], [ 8.571110608415045, 47.393428910160949 ] ] } },
{ "type": "Feature", "properties": { "edge_id": 58154, "segment_id": "7d8308c7-179f-4309-aa21-129edb7dc7c0", "u": "1d2164e8-ceca-4010-ac57-f589cd70db4f", "v": "3add5d34-8960-4764-9862-9fc8fc2084c4", "part": 0, "cls": "steps", "subclass": null, "name": "Wasersteig", "length_m": 48.271421734230998, "is_bridge": false, "is_tunnel": false, "is_covered": false, "is_structure": false, "walk_ok": true, "walk_oneway": false, "walk_restricted": false, "walk_sidepath": false, "under_at_m": [ ], "bike_ok": false, "bike_oneway": false, "bike_restricted": false, "bike_facility": "", "low_stress": false, "max_abs_grade": 0.37730153223429302, "elev_min": 474.42279052734375, "elev_max": 488.51480102539062, "cum_gain_fwd": 0.0, "cum_loss_fwd": 14.092010498046875, "net_change_fwd": -14.092010498046875, "avg_grade_fwd": -0.29193277353425745, "n_samples": 11, "d_abs_above_3": 48.27142333984375, "d_abs_above_5": 48.27142333984375, "d_abs_above_8": 48.27142333984375, "d_abs_above_10": 48.27142333984375, "d_abs_above_15": 48.27142333984375, "grade_reliable": true, "max_abs_grade_reliable": 0.37730153223429302, "shortest_use": 38, "flat_use": 0, "flat_use_per_objective": 0.0, "unavoidability": 0.0, "barrier_score": 6.9208949257121812, "neighborhood": "Hirslanden" }, "geometry": { "type": "LineString", "coordinates": [ [ 8.575318508429897, 47.358745410148551 ], [ 8.575177008429771, 47.358709610148551 ], [ 8.574953708429586, 47.358638110148668 ], [ 8.574713708429343, 47.358653810148709 ] ] } },
{ "type": "Feature", "properties": { "edge_id": 73334, "segment_id": "b8e5b9fd-5b84-4704-bcc1-c0d3b2f7df2b", "u": "d1f0f5d9-6f08-43ec-a0b8-844b0eb60aba", "v": "b0bd34fc-82b9-4f75-b0cf-0be7adeba058", "part": 1, "cls": "path", "subclass": null, "name": null, "length_m": 157.96579116327848, "is_bridge": false, "is_tunnel": false, "is_covered": false, "is_structure": false, "walk_ok": true, "walk_oneway": false, "walk_restricted": false, "walk_sidepath": false, "under_at_m": [ ], "bike_ok": false, "bike_oneway": false, "bike_restricted": false, "bike_facility": "", "low_stress": false, "max_abs_grade": 0.1711580045913787, "elev_min": 470.88836669921875, "elev_max": 478.38021850585938, "cum_gain_fwd": 1.1041259765625, "cum_loss_fwd": 8.595977783203125, "net_change_fwd": -7.491851806640625, "avg_grade_fwd": -0.047427052505272668, "n_samples": 33, "d_abs_above_3": 74.04646110534668, "d_abs_above_5": 69.11003303527832, "d_abs_above_8": 54.300746917724609, "d_abs_above_10": 44.427883148193359, "d_abs_above_15": 19.745724678039551, "grade_reliable": true, "max_abs_grade_reliable": 0.1711580045913787, "shortest_use": 24, "flat_use": 0, "flat_use_per_objective": 0.0, "unavoidability": 0.0, "barrier_score": 6.4889063062092438, "neighborhood": "Hirzenbach" }, "geometry": { "type": "LineString", "coordinates": [ [ 8.581061136103648, 47.395661153060267 ], [ 8.581076408423993, 47.395660110158765 ], [ 8.581276708424177, 47.395694410158669 ], [ 8.58134620842424, 47.395705710158616 ], [ 8.581409608424302, 47.39570251015865 ], [ 8.581528908424426, 47.395668210158632 ], [ 8.581624508424539, 47.395624410158547 ], [ 8.581796108424731, 47.395529310158494 ], [ 8.582027708424981, 47.395444610158378 ], [ 8.582142408425101, 47.395423310158378 ], [ 8.582262408425226, 47.395390010158309 ], [ 8.582400408425364, 47.395358310158251 ], [ 8.582515108425497, 47.395306910158226 ], [ 8.582664008425651, 47.395271310158179 ], [ 8.582737208425721, 47.39526701015815 ], [ 8.582876808425839, 47.395312810158117 ], [ 8.582955408425914, 47.395339610158125 ] ] } },
{ "type": "Feature", "properties": { "edge_id": 74911, "segment_id": "0276e9ab-843c-439b-94d6-da68b57c2ad2", "u": "b2f8c8b2-0515-4995-9fc7-32d1f4c2ef82", "v": "25fe77c3-8d20-4d2b-ba9a-d06d579b102b", "part": 5, "cls": "track", "subclass": null, "name": "Sagentobelweg", "length_m": 371.49776911292946, "is_bridge": false, "is_tunnel": false, "is_covered": false, "is_structure": false, "walk_ok": true, "walk_oneway": false, "walk_restricted": false, "walk_sidepath": false, "under_at_m": [ ], "bike_ok": true, "bike_oneway": false, "bike_restricted": false, "bike_facility": "", "low_stress": false, "max_abs_grade": 0.17360003511801114, "elev_min": 498.66397094726562, "elev_max": 520.17822265625, "cum_gain_fwd": 24.58343505859375, "cum_loss_fwd": 3.069183349609375, "net_change_fwd": 21.514251708984375, "avg_grade_fwd": 0.057912195759895951, "n_samples": 76, "d_abs_above_3": 312.05813598632812, "d_abs_above_5": 267.4783935546875, "d_abs_above_8": 153.5523796081543, "d_abs_above_10": 79.252857685089111, "d_abs_above_15": 29.719831466674805, "grade_reliable": true, "max_abs_grade_reliable": 0.17360003511801114, "shortest_use": 10, "flat_use": 0, "flat_use_per_objective": 0.0, "unavoidability": 0.0, "barrier_score": 6.4492025764267353, "neighborhood": null }, "geometry": { "type": "LineString", "coordinates": [ [ 8.584949638448991, 47.390475475625465 ], [ 8.584788308429259, 47.390297810155943 ], [ 8.584625008429157, 47.39013331015596 ], [ 8.584417808429013, 47.389930210155967 ], [ 8.584383608428999, 47.389877110155936 ], [ 8.584369108428996, 47.38983011015592 ], [ 8.584341108429042, 47.38960431015586 ], [ 8.584324308429077, 47.389443510155807 ], [ 8.584281108429082, 47.389280510155757 ], [ 8.58425310842911, 47.389117610155722 ], [ 8.584233808429145, 47.388945710155689 ], [ 8.584243608429183, 47.388836910155611 ], [ 8.584263908429241, 47.388733410155581 ], [ 8.584245008429262, 47.38859811015557 ], [ 8.584210808429251, 47.388510910155546 ], [ 8.584206408429278, 47.388412010155541 ], [ 8.584215908429329, 47.388295410155472 ], [ 8.584265908429417, 47.388156610155427 ], [ 8.584279808429487, 47.387991510155352 ], [ 8.584404508429682, 47.387748310155231 ], [ 8.584438608429737, 47.387682910155235 ], [ 8.584456708429768, 47.387630610155206 ], [ 8.584461208429792, 47.387566710155184 ], [ 8.584462508429814, 47.387497210155139 ], [ 8.584470608429886, 47.387283610155094 ] ] } },
{ "type": "Feature", "properties": { "edge_id": 66295, "segment_id": "6dc5a319-6527-475a-8f9d-19a1d0b4e027", "u": "151f4186-5e67-43bd-bc79-b2567f66d1b1", "v": "5ecde9bf-4d31-4cf4-911b-f188c1790790", "part": 0, "cls": "path", "subclass": null, "name": "Lux-Guyer-Weg", "length_m": 357.36739853137834, "is_bridge": false, "is_tunnel": false, "is_covered": false, "is_structure": false, "walk_ok": true, "walk_oneway": false, "walk_restricted": false, "walk_sidepath": false, "under_at_m": [ ], "bike_ok": true, "bike_oneway": false, "bike_restricted": false, "bike_facility": "shared_path", "low_stress": true, "max_abs_grade": 0.096131380578202433, "elev_min": 413.65017700195312, "elev_max": 417.05630493164062, "cum_gain_fwd": 6.951690673828125, "cum_loss_fwd": 6.88763427734375, "net_change_fwd": 0.064056396484375, "avg_grade_fwd": 0.00017924521454132139, "n_samples": 73, "d_abs_above_3": 213.42776107788086, "d_abs_above_5": 89.341842651367188, "d_abs_above_8": 39.707450866699219, "d_abs_above_10": 0.0, "d_abs_above_15": 0.0, "grade_reliable": true, "max_abs_grade_reliable": 0.096131380578202433, "shortest_use": 18, "flat_use": 0, "flat_use_per_objective": 0.0, "unavoidability": 0.0, "barrier_score": 6.183759851003173, "neighborhood": "Unterstrass" }, "geometry": { "type": "LineString", "coordinates": [ [ 8.535689708383117, 47.385633910168671 ], [ 8.535830908383295, 47.385514510168626 ], [ 8.535963408383441, 47.38545111016856 ], [ 8.536240108383748, 47.385335810168442 ], [ 8.536690908384257, 47.385100710168246 ], [ 8.536798408384378, 47.385033710168202 ], [ 8.537032508384637, 47.384935810168109 ], [ 8.537356608385009, 47.384756810167964 ], [ 8.537529208385203, 47.384685810167838 ], [ 8.537673708385364, 47.384603610167794 ], [ 8.538242208386, 47.384320910167602 ], [ 8.538346408386111, 47.384295210167501 ], [ 8.538422308386195, 47.384271510167473 ], [ 8.538657308386474, 47.384111010167345 ], [ 8.538756908386608, 47.383981810167285 ], [ 8.539022408386948, 47.383715810167118 ], [ 8.53920880838718, 47.383553510167012 ] ] } },
{ "type": "Feature", "properties": { "edge_id": 77281, "segment_id": "db881759-b2f6-4b74-958f-3f66aa9a492f", "u": "0256941e-e7f8-45d6-9857-cb591fe97d83", "v": "caaa0565-31ee-4736-87eb-a968652f708c", "part": 3, "cls": "residential", "subclass": null, "name": "Oetlisbergstrasse", "length_m": 87.293144044890099, "is_bridge": false, "is_tunnel": false, "is_covered": false, "is_structure": false, "walk_ok": true, "walk_oneway": false, "walk_restricted": false, "walk_sidepath": false, "under_at_m": [ ], "bike_ok": true, "bike_oneway": false, "bike_restricted": false, "bike_facility": "", "low_stress": true, "max_abs_grade": 0.10668774747084428, "elev_min": 614.06646728515625, "elev_max": 621.62078857421875, "cum_gain_fwd": 7.5543212890625, "cum_loss_fwd": -0.0, "net_change_fwd": 7.5543212890625, "avg_grade_fwd": 0.086539685974629438, "n_samples": 19, "d_abs_above_3": 87.293144226074219, "d_abs_above_5": 87.293144226074219, "d_abs_above_8": 58.195430755615234, "d_abs_above_10": 29.097715377807617, "d_abs_above_15": 0.0, "grade_reliable": true, "max_abs_grade_reliable": 0.10668774747084428, "shortest_use": 66, "flat_use": 165, "flat_use_per_objective": 55.0, "unavoidability": 0.83333333333333337, "barrier_score": 6.1466518791461979, "neighborhood": "Witikon" }, "geometry": { "type": "LineString", "coordinates": [ [ 8.596118041578503, 47.359765447970005 ], [ 8.596294308450009, 47.359413210142698 ], [ 8.596369808450113, 47.359294410142589 ], [ 8.596544708450368, 47.359036810142506 ] ] } },
{ "type": "Feature", "properties": { "edge_id": 5228, "segment_id": "b8cc77d7-35d6-4b6d-b52f-31b7e9b66c80", "u": "cc45c001-3eac-43d0-93b1-ce5768c8ace0", "v": "b64ddfa2-d82d-4ee3-94e6-fa1305f896d0", "part": 5, "cls": "track", "subclass": null, "name": "Höcklerweg", "length_m": 189.52504461928794, "is_bridge": false, "is_tunnel": false, "is_covered": false, "is_structure": false, "walk_ok": true, "walk_oneway": false, "walk_restricted": false, "walk_sidepath": false, "under_at_m": [ ], "bike_ok": true, "bike_oneway": false, "bike_restricted": false, "bike_facility": "", "low_stress": false, "max_abs_grade": 0.15770624122572027, "elev_min": 432.06253051757812, "elev_max": 447.10208129882812, "cum_gain_fwd": 15.03955078125, "cum_loss_fwd": -0.0, "net_change_fwd": 15.03955078125, "avg_grade_fwd": 0.079353898604693621, "n_samples": 39, "d_abs_above_3": 124.68753051757812, "d_abs_above_5": 119.70002746582031, "d_abs_above_8": 104.73752593994141, "d_abs_above_10": 89.775018692016602, "d_abs_above_15": 9.9750022888183594, "grade_reliable": true, "max_abs_grade_reliable": 0.15770624122572027, "shortest_use": 20, "flat_use": 0, "flat_use_per_objective": 0.0, "unavoidability": 0.0, "barrier_score": 5.9778564810089643, "neighborhood": "Leimbach" }, "geometry": { "type": "LineString", "coordinates": [ [ 8.516736799848273, 47.343499122830401 ], [ 8.51670270837764, 47.343488810160572 ], [ 8.516664608377624, 47.343419210160533 ], [ 8.51665470837766, 47.343269510160468 ], [ 8.516720208377951, 47.342512110160207 ], [ 8.516726008378109, 47.342037910160094 ], [ 8.516727408378145, 47.341927210160037 ], [ 8.516728780111736, 47.341815664802112 ] ] } },
{ "type": "Feature", "properties": { "edge_id": 39039, "segment_id": "fb2f6b2d-b2f1-4860-b518-05870558ba8b", "u": "8a8ca718-9b0c-4f9a-9884-09581971739b", "v": "e7a3d051-332e-4d88-b5bf-03d677dfd471", "part": 0, "cls": "primary", "subclass": null, "name": "Rosengartenstrasse", "length_m": 121.83681623349739, "is_bridge": false, "is_tunnel": false, "is_covered": false, "is_structure": false, "walk_ok": true, "walk_oneway": true, "walk_restricted": false, "walk_sidepath": true, "under_at_m": "[ 88.2  92.   99.  106. ]", "bike_ok": true, "bike_oneway": true, "bike_restricted": false, "bike_facility": "", "low_stress": false, "max_abs_grade": 0.084323802210713228, "elev_min": 415.08535766601562, "elev_max": 425.08984375, "cum_gain_fwd": 10.004486083984375, "cum_loss_fwd": -0.0, "net_change_fwd": 10.004486083984375, "avg_grade_fwd": 0.082113818338139924, "n_samples": 26, "d_abs_above_3": 121.83681488037109, "d_abs_above_5": 121.83681488037109, "d_abs_above_8": 121.83681488037109, "d_abs_above_10": 0.0, "d_abs_above_15": 0.0, "grade_reliable": true, "max_abs_grade_reliable": 0.084323802210713228, "shortest_use": 58, "flat_use": 156, "flat_use_per_objective": 52.0, "unavoidability": 0.89655172413793105, "barrier_score": 5.9587712845527401, "neighborhood": "Wipkingen" }, "geometry": { "type": "LineString", "coordinates": [ [ 8.52473080837005, 47.393475510174362 ], [ 8.524769608370065, 47.393552810174413 ], [ 8.524817108370081, 47.3936350101744 ], [ 8.524866008370104, 47.393708410174369 ], [ 8.525092108370229, 47.394013810174457 ], [ 8.52518490837028, 47.394144210174467 ], [ 8.525354508370375, 47.394362510174503 ], [ 8.525429108370417, 47.39446221017451 ] ] } },
{ "type": "Feature", "properties": { "edge_id": 73571, "segment_id": "d6b810de-eed0-4228-805e-c6ddd6c05aa6", "u": "2f6b5107-2559-40f9-b1f3-4c304fac3937", "v": "1f808d00-20ed-4334-98f9-df5b6bc0a517", "part": 0, "cls": "track", "subclass": null, "name": "Hanslinweg", "length_m": 106.43568713283115, "is_bridge": false, "is_tunnel": false, "is_covered": false, "is_structure": false, "walk_ok": true, "walk_oneway": false, "walk_restricted": false, "walk_sidepath": false, "under_at_m": [ ], "bike_ok": true, "bike_oneway": false, "bike_restricted": false, "bike_facility": "", "low_stress": false, "max_abs_grade": 0.18649965424770687, "elev_min": 624.03338623046875, "elev_max": 641.2515869140625, "cum_gain_fwd": 17.21820068359375, "cum_loss_fwd": -0.0, "net_change_fwd": 17.21820068359375, "avg_grade_fwd": 0.16177094000331738, "n_samples": 23, "d_abs_above_3": 106.43568420410156, "d_abs_above_5": 106.43568420410156, "d_abs_above_8": 106.43568420410156, "d_abs_above_10": 106.43568420410156, "d_abs_above_15": 67.731796264648438, "grade_reliable": true, "max_abs_grade_reliable": 0.18649965424770687, "shortest_use": 30, "flat_use": 0, "flat_use_per_objective": 0.0, "unavoidability": 0.0, "barrier_score": 5.9550656549670329, "neighborhood": "Fluntern" }, "geometry": { "type": "LineString", "coordinates": [ [ 8.567428608412243, 47.390977910161205 ], [ 8.567222008412108, 47.390760610161195 ], [ 8.567042608412001, 47.390543110161225 ], [ 8.566851008411888, 47.390326810161184 ], [ 8.566793108411845, 47.390276310161177 ], [ 8.566712508411785, 47.390224810161186 ], [ 8.566641670230032, 47.390192808109852 ] ] } },
{ "type": "Feature", "properties": { "edge_id": 73326, "segment_id": "6fb88459-082d-4015-8e90-ef4a615e589e", "u": "f5bdfc79-fe36-471c-8f8a-c6cf058f2fe3", "v": "6faf3585-0bd2-46d5-af90-ccf6a3a0c89c", "part": 1, "cls": "track", "subclass": null, "name": "Brandbachweg", "length_m": 154.30852430449269, "is_bridge": false, "is_tunnel": false, "is_covered": false, "is_structure": false, "walk_ok": true, "walk_oneway": false, "walk_restricted": false, "walk_sidepath": false, "under_at_m": [ ], "bike_ok": true, "bike_oneway": false, "bike_restricted": false, "bike_facility": "", "low_stress": false, "max_abs_grade": 0.17537938528930763, "elev_min": 534.4461669921875, "elev_max": 556.8497314453125, "cum_gain_fwd": 22.403564453125, "cum_loss_fwd": -0.0, "net_change_fwd": 22.403564453125, "avg_grade_fwd": 0.14518682975167124, "n_samples": 32, "d_abs_above_3": 154.30851745605469, "d_abs_above_5": 154.30851745605469, "d_abs_above_8": 154.30851745605469, "d_abs_above_10": 149.33082294464111, "d_abs_above_15": 74.665412902832031, "grade_reliable": true, "max_abs_grade_reliable": 0.17537938528930763, "shortest_use": 22, "flat_use": 0, "flat_use_per_objective": 0.0, "unavoidability": 0.0, "barrier_score": 5.9537575102328653, "neighborhood": "Schwamendingen-Mitte" }, "geometry": { "type": "LineString", "coordinates": [ [ 8.574995820602677, 47.394044673167542 ], [ 8.574978608418593, 47.39403961016 ], [ 8.574685908418338, 47.393971910160069 ], [ 8.574507108418185, 47.393910810160122 ], [ 8.574345908418053, 47.39382451016013 ], [ 8.57409850841788, 47.393613110160125 ], [ 8.57402210841782, 47.393575810160165 ], [ 8.573889708417711, 47.393509110160139 ], [ 8.57377130841761, 47.393469410160144 ], [ 8.573704108417539, 47.393469210160212 ], [ 8.573563408417405, 47.393470310160232 ], [ 8.573288408417117, 47.393535610160299 ], [ 8.573267210655175, 47.393540861965384 ] ] } },
{ "type": "Feature", "properties": { "edge_id": 73567, "segment_id": "c257018e-06d1-45f6-b945-8ed8dcc740eb", "u": "e3802bfa-1dd5-4ac9-a913-23cc8ce5854c", "v": "5f74a713-6280-446b-9bf1-1504cdb4b830", "part": 0, "cls": "track", "subclass": null, "name": "Hanslinweg", "length_m": 169.83187311085516, "is_bridge": false, "is_tunnel": false, "is_covered": false, "is_structure": false, "walk_ok": true, "walk_oneway": false, "walk_restricted": false, "walk_sidepath": false, "under_at_m": [ ], "bike_ok": true, "bike_oneway": false, "bike_restricted": false, "bike_facility": "", "low_stress": false, "max_abs_grade": 0.11357667829073667, "elev_min": 586.53851318359375, "elev_max": 601.75445556640625, "cum_gain_fwd": 15.2159423828125, "cum_loss_fwd": -0.0, "net_change_fwd": 15.2159423828125, "avg_grade_fwd": 0.089594147475018648, "n_samples": 35, "d_abs_above_3": 169.83187866210938, "d_abs_above_5": 169.83187866210938, "d_abs_above_8": 154.84672164916992, "d_abs_above_10": 29.970325469970703, "d_abs_above_15": 0.0, "grade_reliable": true, "max_abs_grade_reliable": 0.11357667829073667, "shortest_use": 30, "flat_use": 0, "flat_use_per_objective": 0.0, "unavoidability": 0.0, "barrier_score": 5.7866820047474423, "neighborhood": "Schwamendingen-Mitte" }, "geometry": { "type": "LineString", "coordinates": [ [ 8.570332408414416, 47.393008710161013 ], [ 8.569058308413513, 47.391965210161061 ], [ 8.568955608413461, 47.391808010161043 ] ] } },
{ "type": "Feature", "properties": { "edge_id": 76592, "segment_id": "b3df866a-788f-494f-b738-cb8fde2f7484", "u": "9b7c8dfa-fbc2-4b47-bb7a-3c352c109a22", "v": "1c3a5f13-8a41-464d-8c79-e1fb454ff5f6", "part": 0, "cls": "residential", "subclass": null, "name": "Loorenstrasse", "length_m": 180.37873021048037, "is_bridge": false, "is_tunnel": false, "is_covered": false, "is_structure": false, "walk_ok": true, "walk_oneway": false, "walk_restricted": false, "walk_sidepath": false, "under_at_m": [ ], "bike_ok": true, "bike_oneway": false, "bike_restricted": false, "bike_facility": "", "low_stress": true, "max_abs_grade": 0.13995837180550558, "elev_min": 608.0855712890625, "elev_max": 625.95599365234375, "cum_gain_fwd": 0.0, "cum_loss_fwd": 17.87042236328125, "net_change_fwd": -17.87042236328125, "avg_grade_fwd": -0.09907167570402578, "n_samples": 38, "d_abs_above_3": 180.37872314453125, "d_abs_above_5": 180.37872314453125, "d_abs_above_8": 165.75341796875, "d_abs_above_10": 53.626113891601562, "d_abs_above_15": 0.0, "grade_reliable": true, "max_abs_grade_reliable": 0.13995837180550558, "shortest_use": 22, "flat_use": 20, "flat_use_per_objective": 6.666666666666667, "unavoidability": 0.30303030303030304, "barrier_score": 5.5540129454927465, "neighborhood": "Witikon" }, "geometry": { "type": "LineString", "coordinates": [ [ 8.590291408442434, 47.365085610146238 ], [ 8.590392608442555, 47.365008510146218 ], [ 8.591569308443809, 47.364644610145746 ], [ 8.591703108443951, 47.364596210145699 ], [ 8.591745608444006, 47.364560910145677 ], [ 8.591780908444049, 47.364522910145631 ], [ 8.591890708444209, 47.364361510145535 ], [ 8.592070908444454, 47.364121610145453 ] ] } },
{ "type": "Feature", "properties": { "edge_id": 60145, "segment_id": "41853ad3-1c4d-4ea7-a460-393b9357c5e1", "u": "9e9ebb3f-26ac-4626-a737-e9d5857ea31f", "v": "018e0327-c8ea-411e-89c8-308588b52504", "part": 1, "cls": "residential", "subclass": null, "name": "Kurhausstrasse", "length_m": 72.890429233352563, "is_bridge": false, "is_tunnel": false, "is_covered": false, "is_structure": false, "walk_ok": true, "walk_oneway": false, "walk_restricted": false, "walk_sidepath": false, "under_at_m": [ ], "bike_ok": true, "bike_oneway": false, "bike_restricted": false, "bike_facility": "", "low_stress": true, "max_abs_grade": 0.10696371832688635, "elev_min": 557.66046142578125, "elev_max": 564.7957763671875, "cum_gain_fwd": 7.13531494140625, "cum_loss_fwd": -0.0, "net_change_fwd": 7.13531494140625, "avg_grade_fwd": 0.09789097513537412, "n_samples": 16, "d_abs_above_3": 72.890426635742188, "d_abs_above_5": 72.890426635742188, "d_abs_above_8": 72.890426635742188, "d_abs_above_10": 29.156171798706055, "d_abs_above_15": 0.0, "grade_reliable": true, "max_abs_grade_reliable": 0.10696371832688635, "shortest_use": 70, "flat_use": 151, "flat_use_per_objective": 50.333333333333336, "unavoidability": 0.71904761904761905, "barrier_score": 5.4576419388695161, "neighborhood": "Hottingen" }, "geometry": { "type": "LineString", "coordinates": [ [ 8.570215805530919, 47.37266722071697 ], [ 8.570371008420807, 47.372607210154435 ], [ 8.570675808421118, 47.372542910154351 ], [ 8.571131459865649, 47.372472374177732 ] ] } },
{ "type": "Feature", "properties": { "edge_id": 57962, "segment_id": "d59c35f4-0be6-4e87-b6b8-632956d0e09e", "u": "4d457470-d3b6-427a-b59e-b95ff763a85a", "v": "21f44183-290c-4fa5-ac59-d2f43390b777", "part": 3, "cls": "residential", "subclass": null, "name": "Weineggstrasse", "length_m": 105.64908368169866, "is_bridge": true, "is_tunnel": false, "is_covered": false, "is_structure": true, "walk_ok": true, "walk_oneway": false, "walk_restricted": false, "walk_sidepath": false, "under_at_m": [ ], "bike_ok": true, "bike_oneway": false, "bike_restricted": false, "bike_facility": "", "low_stress": true, "max_abs_grade": 0.10677461481512079, "elev_min": 433.13662719726562, "elev_max": 444.41653442382812, "cum_gain_fwd": 11.2799072265625, "cum_loss_fwd": -0.0, "net_change_fwd": 11.2799072265625, "avg_grade_fwd": 0.10676767451370946, "n_samples": 23, "d_abs_above_3": 105.64908599853516, "d_abs_above_5": 105.64908599853516, "d_abs_above_8": 105.64908599853516, "d_abs_above_10": 105.64908599853516, "d_abs_above_15": 0.0, "grade_reliable": true, "max_abs_grade_reliable": 0.10677461481512079, "shortest_use": 48, "flat_use": 12, "flat_use_per_objective": 4.0, "unavoidability": 0.083333333333333329, "barrier_score": 5.4147073035282425, "neighborhood": "Weinegg" }, "geometry": { "type": "LineString", "coordinates": [ [ 8.562164433610766, 47.359648645614747 ], [ 8.562245008416946, 47.359628910152644 ], [ 8.562751708417519, 47.359381310152401 ], [ 8.56313150841793, 47.359240010152284 ], [ 8.563261608418074, 47.359170110152185 ], [ 8.563334808418157, 47.35914891015215 ], [ 8.563344920774043, 47.359147752146001 ] ] } },
{ "type": "Feature", "properties": { "edge_id": 61867, "segment_id": "bbb8553c-b0dc-427a-ad7b-92444cf47079", "u": "d72a8be3-7fbf-49f8-acb2-267d53b8ad3b", "v": "11e008eb-3b15-43a5-a45b-c0ad2618d48c", "part": 1, "cls": "residential", "subclass": null, "name": "Zürichbergstrasse", "length_m": 69.106926390627649, "is_bridge": false, "is_tunnel": false, "is_covered": false, "is_structure": false, "walk_ok": true, "walk_oneway": false, "walk_restricted": false, "walk_sidepath": false, "under_at_m": [ ], "bike_ok": true, "bike_oneway": false, "bike_restricted": false, "bike_facility": "", "low_stress": true, "max_abs_grade": 0.16298634155539654, "elev_min": 487.38128662109375, "elev_max": 496.838623046875, "cum_gain_fwd": 0.0, "cum_loss_fwd": 9.45733642578125, "net_change_fwd": -9.45733642578125, "avg_grade_fwd": -0.13685077571905357, "n_samples": 15, "d_abs_above_3": 69.106925964355469, "d_abs_above_5": 69.106925964355469, "d_abs_above_8": 69.106925964355469, "d_abs_above_10": 59.23450756072998, "d_abs_above_15": 19.744836807250977, "grade_reliable": true, "max_abs_grade_reliable": 0.16298634155539654, "shortest_use": 48, "flat_use": 54, "flat_use_per_objective": 18.0, "unavoidability": 0.375, "barrier_score": 5.4064728521023131, "neighborhood": "Fluntern" }, "geometry": { "type": "LineString", "coordinates": [ [ 8.559160631713079, 47.37523995554568 ], [ 8.55916020840912, 47.375239810158611 ], [ 8.559051608409021, 47.375202610158603 ], [ 8.558749708408786, 47.375029410158618 ], [ 8.558448108408538, 47.374887210158668 ], [ 8.558420448732599, 47.374878274345143 ] ] } },
{ "type": "Feature", "properties": { "edge_id": 76582, "segment_id": "747a1135-e201-42f2-b577-1aefc1793ffe", "u": "1ef7c1e8-f2c0-4c1d-b921-e2bbb7ce6008", "v": "7bd4fda6-237b-4ac7-abd7-3746086dde27", "part": 7, "cls": "track", "subclass": null, "name": "Eschenhaustrasse", "length_m": 237.56098531247511, "is_bridge": false, "is_tunnel": false, "is_covered": false, "is_structure": false, "walk_ok": true, "walk_oneway": false, "walk_restricted": false, "walk_sidepath": false, "under_at_m": [ ], "bike_ok": true, "bike_oneway": false, "bike_restricted": false, "bike_facility": "", "low_stress": false, "max_abs_grade": 0.12016650997504817, "elev_min": 580.75201416015625, "elev_max": 602.5225830078125, "cum_gain_fwd": 0.0, "cum_loss_fwd": 21.77056884765625, "net_change_fwd": -21.77056884765625, "avg_grade_fwd": -0.09164201961140607, "n_samples": 49, "d_abs_above_3": 237.56098937988281, "d_abs_above_5": 227.66261291503906, "d_abs_above_8": 163.32316970825195, "d_abs_above_10": 103.93293762207031, "d_abs_above_15": 0.0, "grade_reliable": true, "max_abs_grade_reliable": 0.12016650997504817, "shortest_use": 18, "flat_use": 20, "flat_use_per_objective": 6.666666666666667, "unavoidability": 0.37037037037037041, "barrier_score": 5.1384374120220855, "neighborhood": "Hirslanden" }, "geometry": { "type": "LineString", "coordinates": [ [ 8.582886792759611, 47.366520254210776 ], [ 8.582289908434211, 47.36663461014907 ], [ 8.581732208433642, 47.366714910149263 ], [ 8.581002108432907, 47.366797210149493 ], [ 8.580188108432093, 47.366872710149806 ], [ 8.579813108431711, 47.366952810149911 ] ] } },
{ "type": "Feature", "properties": { "edge_id": 3239, "segment_id": "0dffa100-c7e1-448a-8a0c-af658213387c", "u": "e63f3274-212d-45d7-b479-741e3c314737", "v": "063f9fbc-df55-47f5-94b8-bb513384b812", "part": 6, "cls": "residential", "subclass": null, "name": "Bachtobelstrasse", "length_m": 109.4704531646054, "is_bridge": false, "is_tunnel": false, "is_covered": false, "is_structure": false, "walk_ok": true, "walk_oneway": false, "walk_restricted": false, "walk_sidepath": false, "under_at_m": [ ], "bike_ok": true, "bike_oneway": false, "bike_restricted": false, "bike_facility": "", "low_stress": true, "max_abs_grade": 0.10190047607730698, "elev_min": 501.13912963867188, "elev_max": 511.016845703125, "cum_gain_fwd": 9.877716064453125, "cum_loss_fwd": -0.0, "net_change_fwd": 9.877716064453125, "avg_grade_fwd": 0.090231801752809052, "n_samples": 23, "d_abs_above_3": 109.47045135498047, "d_abs_above_5": 109.47045135498047, "d_abs_above_8": 109.47045135498047, "d_abs_above_10": 14.927787780761719, "d_abs_above_15": 0.0, "grade_reliable": true, "max_abs_grade_reliable": 0.10190047607730698, "shortest_use": 46, "flat_use": 146, "flat_use_per_objective": 48.666666666666664, "unavoidability": 1.0, "barrier_score": 5.1313419951810406, "neighborhood": "Friesenberg" }, "geometry": { "type": "LineString", "coordinates": [ [ 8.505610570064729, 47.3561254724248 ], [ 8.505583708362932, 47.356110710167847 ], [ 8.50552370836288, 47.356079210167849 ], [ 8.505497208362861, 47.356065310167878 ], [ 8.505345508362735, 47.355998310167891 ], [ 8.504820008362282, 47.355805710167971 ], [ 8.504621708362103, 47.355736810168054 ], [ 8.504412508361925, 47.355673410168009 ], [ 8.504341576687565, 47.355656172298758 ] ] } },
{ "type": "Feature", "properties": { "edge_id": 74690, "segment_id": "eb1834fe-c0d6-43f5-8b1d-04688bf49d5e", "u": "4bba056c-622c-46df-aa7f-930d2815dc69", "v": "5850a855-3d41-4a1e-9cd9-efa24039499a", "part": 1, "cls": "path", "subclass": null, "name": null, "length_m": 265.16350175673381, "is_bridge": false, "is_tunnel": false, "is_covered": false, "is_structure": false, "walk_ok": true, "walk_oneway": false, "walk_restricted": false, "walk_sidepath": false, "under_at_m": [ ], "bike_ok": false, "bike_oneway": false, "bike_restricted": false, "bike_facility": "", "low_stress": false, "max_abs_grade": 0.1357687096814289, "elev_min": 584.901123046875, "elev_max": 594.70806884765625, "cum_gain_fwd": 1.1722412109375, "cum_loss_fwd": 10.97918701171875, "net_change_fwd": -9.80694580078125, "avg_grade_fwd": -0.036984522052214336, "n_samples": 55, "d_abs_above_3": 191.50699043273926, "d_abs_above_5": 103.11913299560547, "d_abs_above_8": 19.641754150390625, "d_abs_above_10": 14.7313232421875, "d_abs_above_15": 0.0, "grade_reliable": true, "max_abs_grade_reliable": 0.1357687096814289, "shortest_use": 14, "flat_use": 0, "flat_use_per_objective": 0.0, "unavoidability": 0.0, "barrier_score": 5.0401269083369478, "neighborhood": "Hottingen" }, "geometry": { "type": "LineString", "coordinates": [ [ 8.578008344853297, 47.381647306267716 ], [ 8.578071808425447, 47.381662910155171 ], [ 8.578119308425489, 47.381674010155152 ], [ 8.578166908425535, 47.381679610155146 ], [ 8.57820100842557, 47.381681710155121 ], [ 8.57822430842559, 47.381687210155128 ], [ 8.578275708425636, 47.381700310155111 ], [ 8.578379608425722, 47.381749410155102 ], [ 8.578436208425774, 47.381748710155044 ], [ 8.578509708425846, 47.381743310155059 ], [ 8.578594308425926, 47.381750310155027 ], [ 8.578747608426065, 47.381779010155014 ], [ 8.578904908426203, 47.381819010154956 ], [ 8.579005708426296, 47.381838710154966 ], [ 8.579096008426378, 47.381855910154883 ], [ 8.579217908426495, 47.381864910154874 ], [ 8.579302708426562, 47.381904910154873 ], [ 8.579327908426571, 47.381971110154929 ], [ 8.579322108426551, 47.382021210154917 ], [ 8.579309108426514, 47.382078110154936 ], [ 8.579331308426525, 47.382115010154941 ], [ 8.579518308426657, 47.382274910154919 ], [ 8.579643108426755, 47.38235151015494 ], [ 8.579714408426803, 47.382427110154921 ], [ 8.579796608426854, 47.38251311015491 ], [ 8.579865708426903, 47.38256011015492 ], [ 8.579909408426941, 47.382578610154901 ], [ 8.580037208427047, 47.382639410154901 ], [ 8.580184008427153, 47.382751510154897 ], [ 8.580457508427353, 47.382960610154882 ], [ 8.580489108427377, 47.382972410154835 ], [ 8.58051960842741, 47.38297761015486 ], [ 8.580550808427441, 47.382975710154867 ], [ 8.580579808427471, 47.382968810154836 ] ] } },
{ "type": "Feature", "properties": { "edge_id": 42563, "segment_id": "57b63700-cc6a-4c6b-9698-93c739fd441c", "u": "73bcbf6f-d07a-4c9a-806d-c51cc2562ff6", "v": "204c8344-8c41-40b3-b609-0555bfd2d7c1", "part": 0, "cls": "path", "subclass": null, "name": null, "length_m": 27.211555196555114, "is_bridge": false, "is_tunnel": false, "is_covered": false, "is_structure": false, "walk_ok": true, "walk_oneway": false, "walk_restricted": false, "walk_sidepath": false, "under_at_m": [ ], "bike_ok": true, "bike_oneway": false, "bike_restricted": false, "bike_facility": "shared_path", "low_stress": true, "max_abs_grade": 0.17800790821025644, "elev_min": 404.22198486328125, "elev_max": 405.8551025390625, "cum_gain_fwd": 1.63311767578125, "cum_loss_fwd": 0.77960205078125, "net_change_fwd": 0.853515625, "avg_grade_fwd": 0.031365925611907791, "n_samples": 7, "d_abs_above_3": 22.676296234130859, "d_abs_above_5": 22.676296234130859, "d_abs_above_8": 13.605777740478516, "d_abs_above_10": 13.605777740478516, "d_abs_above_15": 4.5352592468261719, "grade_reliable": true, "max_abs_grade_reliable": 0.17800790821025644, "shortest_use": 104, "flat_use": 104, "flat_use_per_objective": 34.666666666666664, "unavoidability": 0.33333333333333331, "barrier_score": 5.0376269004741774, "neighborhood": "Gewerbeschule" }, "geometry": { "type": "LineString", "coordinates": [ [ 8.528907508377737, 47.381743810169404 ], [ 8.528859308377724, 47.381622610169366 ], [ 8.528789608377689, 47.381513210169388 ] ] } },
{ "type": "Feature", "properties": { "edge_id": 5107, "segment_id": "7aa942ee-1eeb-4cc3-994d-26952dab3ec9", "u": "49224acd-4813-48ec-928b-9182fa970493", "v": "c0a5c445-6b20-4f93-be9b-acb61593caa4", "part": 1, "cls": "footway", "subclass": null, "name": null, "length_m": 122.35932942479759, "is_bridge": false, "is_tunnel": false, "is_covered": false, "is_structure": false, "walk_ok": true, "walk_oneway": false, "walk_restricted": false, "walk_sidepath": false, "under_at_m": [ ], "bike_ok": false, "bike_oneway": false, "bike_restricted": false, "bike_facility": "", "low_stress": false, "max_abs_grade": 0.11633069167409699, "elev_min": 441.06405639648438, "elev_max": 453.1778564453125, "cum_gain_fwd": 12.113800048828125, "cum_loss_fwd": -0.0, "net_change_fwd": 12.113800048828125, "avg_grade_fwd": 0.099001850743134293, "n_samples": 26, "d_abs_above_3": 122.35932922363281, "d_abs_above_5": 122.35932922363281, "d_abs_above_8": 112.57058334350586, "d_abs_above_10": 48.943737030029297, "d_abs_above_15": 0.0, "grade_reliable": true, "max_abs_grade_reliable": 0.11633069167409699, "shortest_use": 34, "flat_use": 33, "flat_use_per_objective": 11.0, "unavoidability": 0.3235294117647059, "barrier_score": 4.8396094444202333, "neighborhood": "Leimbach" }, "geometry": { "type": "LineString", "coordinates": [ [ 8.518196734158328, 47.334930408218433 ], [ 8.518194108381715, 47.334930110157316 ], [ 8.518141208381669, 47.334910610157287 ], [ 8.517880408381448, 47.334815310157381 ], [ 8.517731508381315, 47.334766210157383 ], [ 8.517540508381151, 47.334708510157448 ], [ 8.517384908381008, 47.334667410157458 ], [ 8.517235008380869, 47.334631910157505 ], [ 8.517041908380694, 47.33459641015753 ], [ 8.516866308380532, 47.334561610157564 ], [ 8.516767808380449, 47.334536610157585 ], [ 8.516701416683151, 47.334518187330616 ] ] } },
{ "type": "Feature", "properties": { "edge_id": 59871, "segment_id": "986da85c-5eb6-40fe-bf96-54cf5d06330d", "u": "26d1d8af-3e53-4804-af31-ac26aa8680f7", "v": "5f5e8705-a655-4414-a420-bad9c50b9428", "part": 2, "cls": "residential", "subclass": null, "name": "Kurhausstrasse", "length_m": 80.316941424378882, "is_bridge": false, "is_tunnel": false, "is_covered": false, "is_structure": false, "walk_ok": true, "walk_oneway": true, "walk_restricted": false, "walk_sidepath": false, "under_at_m": [ ], "bike_ok": true, "bike_oneway": true, "bike_restricted": false, "bike_facility": "", "low_stress": true, "max_abs_grade": 0.10225221938244351, "elev_min": 530.619873046875, "elev_max": 538.4705810546875, "cum_gain_fwd": 0.0, "cum_loss_fwd": 7.8507080078125, "net_change_fwd": -7.8507080078125, "avg_grade_fwd": -0.097746602120847292, "n_samples": 18, "d_abs_above_3": 80.316940307617188, "d_abs_above_5": 80.316940307617188, "d_abs_above_8": 80.316940307617188, "d_abs_above_10": 28.34715461730957, "d_abs_above_15": 0.0, "grade_reliable": true, "max_abs_grade_reliable": 0.10225221938244351, "shortest_use": 58, "flat_use": 40, "flat_use_per_objective": 13.333333333333334, "unavoidability": 0.22988505747126436, "barrier_score": 4.7632995984984241, "neighborhood": "Hottingen" }, "geometry": { "type": "LineString", "coordinates": [ [ 8.567724308044278, 47.373922022246454 ], [ 8.567655508417751, 47.373963710155678 ], [ 8.567560708417643, 47.374021210155767 ], [ 8.567419508417471, 47.374126410155803 ], [ 8.567276308417297, 47.374251610155895 ], [ 8.567148708417127, 47.374403810155975 ], [ 8.56708749070471, 47.374491851956002 ] ] } },
{ "type": "Feature", "properties": { "edge_id": 67809, "segment_id": "6fdb7ebd-db18-45ce-8274-11e4e65c23a7", "u": "4790c538-2d98-4838-9c88-e00f7b57f2c9", "v": "bc0360de-3610-4095-aea4-9edc318655b4", "part": 2, "cls": "residential", "subclass": null, "name": "Frohburgstrasse", "length_m": 86.356290091983183, "is_bridge": false, "is_tunnel": false, "is_covered": false, "is_structure": false, "walk_ok": true, "walk_oneway": true, "walk_restricted": false, "walk_sidepath": false, "under_at_m": [ ], "bike_ok": true, "bike_oneway": true, "bike_restricted": false, "bike_facility": "", "low_stress": true, "max_abs_grade": 0.09358998008994511, "elev_min": 490.139892578125, "elev_max": 496.10556030273438, "cum_gain_fwd": 0.0, "cum_loss_fwd": 5.965667724609375, "net_change_fwd": -5.965667724609375, "avg_grade_fwd": -0.069082026756682541, "n_samples": 19, "d_abs_above_3": 86.356292724609375, "d_abs_above_5": 71.963577270507812, "d_abs_above_8": 28.785430908203125, "d_abs_above_10": 0.0, "d_abs_above_15": 0.0, "grade_reliable": true, "max_abs_grade_reliable": 0.09358998008994511, "shortest_use": 58, "flat_use": 24, "flat_use_per_objective": 8.0, "unavoidability": 0.13793103448275862, "barrier_score": 4.6876084128031339, "neighborhood": "Oberstrass" }, "geometry": { "type": "LineString", "coordinates": [ [ 8.548505595380911, 47.387094683789499 ], [ 8.548499108395193, 47.386813710165377 ], [ 8.548490108395251, 47.38659871016533 ], [ 8.548485108395276, 47.386486410165283 ], [ 8.5484628083953, 47.386339410165206 ], [ 8.548456060671329, 47.386319446209477 ] ] } },
{ "type": "Feature", "properties": { "edge_id": 72282, "segment_id": "68386e8a-6206-451c-aaa1-30baf71d66b6", "u": "7086a074-821c-44f5-bc8c-e30c118e22a9", "v": "de2516d9-362d-4bb3-aedf-e302e7a5aae5", "part": 1, "cls": "footway", "subclass": null, "name": null, "length_m": 118.99737168160439, "is_bridge": false, "is_tunnel": false, "is_covered": false, "is_structure": false, "walk_ok": true, "walk_oneway": false, "walk_restricted": false, "walk_sidepath": false, "under_at_m": [ ], "bike_ok": false, "bike_oneway": false, "bike_restricted": false, "bike_facility": "", "low_stress": false, "max_abs_grade": 0.16380769491170732, "elev_min": 517.438232421875, "elev_max": 533.80047607421875, "cum_gain_fwd": 16.36224365234375, "cum_loss_fwd": -0.0, "net_change_fwd": 16.36224365234375, "avg_grade_fwd": 0.13750087836143149, "n_samples": 25, "d_abs_above_3": 118.99737548828125, "d_abs_above_5": 118.99737548828125, "d_abs_above_8": 118.99737548828125, "d_abs_above_10": 118.99737548828125, "d_abs_above_15": 39.665794372558594, "grade_reliable": true, "max_abs_grade_reliable": 0.16380769491170732, "shortest_use": 24, "flat_use": 0, "flat_use_per_objective": 0.0, "unavoidability": 0.0, "barrier_score": 4.6782444373716707, "neighborhood": "Oberstrass" }, "geometry": { "type": "LineString", "coordinates": [ [ 8.548122786295465, 47.393766117104505 ], [ 8.548679208393237, 47.393659510167531 ], [ 8.549058508393635, 47.393562710167366 ], [ 8.549375608393976, 47.393451910167258 ], [ 8.549555408394186, 47.393347910167194 ] ] } },
{ "type": "Feature", "properties": { "edge_id": 18582, "segment_id": "107ca7e2-557f-4082-8d15-dd346a685b3a", "u": "6ae15097-0379-444e-99a6-2c08cf779fe7", "v": "049c1a28-202f-4db7-91c5-dc6c47a1693b", "part": 12, "cls": "footway", "subclass": null, "name": null, "length_m": 52.169686969713503, "is_bridge": false, "is_tunnel": false, "is_covered": false, "is_structure": false, "walk_ok": true, "walk_oneway": false, "walk_restricted": false, "walk_sidepath": false, "under_at_m": [ 49.9 ], "bike_ok": false, "bike_oneway": false, "bike_restricted": false, "bike_facility": "", "low_stress": false, "max_abs_grade": 0.19316801660138183, "elev_min": 448.06210327148438, "elev_max": 451.17620849609375, "cum_gain_fwd": 3.114105224609375, "cum_loss_fwd": 1.408111572265625, "net_change_fwd": 1.70599365234375, "avg_grade_fwd": 0.032700861437982093, "n_samples": 12, "d_abs_above_3": 47.426986694335938, "d_abs_above_5": 33.198890686035156, "d_abs_above_8": 18.970794677734375, "d_abs_above_10": 18.970794677734375, "d_abs_above_15": 9.4853973388671875, "grade_reliable": true, "max_abs_grade_reliable": 0.19316801660138183, "shortest_use": 44, "flat_use": 0, "flat_use_per_objective": 0.0, "unavoidability": 0.0, "barrier_score": 4.4341065818079848, "neighborhood": "Hirslanden" }, "geometry": { "type": "LineString", "coordinates": [ [ 8.571985689657581, 47.358043731902697 ], [ 8.57157770842641, 47.358304010149517 ], [ 8.571498308426323, 47.35834641014953 ], [ 8.571474643799945, 47.358358878608591 ] ] } },
{ "type": "Feature", "properties": { "edge_id": 75341, "segment_id": "5fede469-d383-4a1b-99fd-bc0e76d563a8", "u": "8277f09f-d876-412b-8023-f6a1dfd86003", "v": "45463fdf-610d-4643-a27b-a07354c168b5", "part": 1, "cls": "residential", "subclass": null, "name": "Riedackerstrasse", "length_m": 127.53085788158654, "is_bridge": false, "is_tunnel": false, "is_covered": false, "is_structure": false, "walk_ok": true, "walk_oneway": false, "walk_restricted": false, "walk_sidepath": false, "under_at_m": [ ], "bike_ok": false, "bike_oneway": false, "bike_restricted": true, "bike_facility": "", "low_stress": true, "max_abs_grade": 0.095297497484107485, "elev_min": 429.09371948242188, "elev_max": 435.54058837890625, "cum_gain_fwd": 6.446868896484375, "cum_loss_fwd": -0.0, "net_change_fwd": 6.446868896484375, "avg_grade_fwd": 0.050551441830970538, "n_samples": 27, "d_abs_above_3": 107.91072845458984, "d_abs_above_5": 53.955368041992188, "d_abs_above_8": 14.715103149414062, "d_abs_above_10": 0.0, "d_abs_above_15": 0.0, "grade_reliable": true, "max_abs_grade_reliable": 0.095297497484107485, "shortest_use": 36, "flat_use": 7, "flat_use_per_objective": 2.3333333333333335, "unavoidability": 0.064814814814814825, "barrier_score": 4.3752137789219629, "neighborhood": "Hirzenbach" }, "geometry": { "type": "LineString", "coordinates": [ [ 8.586968019697212, 47.40145902809499 ], [ 8.586968008427881, 47.401459010158888 ], [ 8.586768408427785, 47.401140410158817 ], [ 8.586306408427571, 47.40040361015874 ] ] } },
{ "type": "Feature", "properties": { "edge_id": 5232, "segment_id": "b8cc77d7-35d6-4b6d-b52f-31b7e9b66c80", "u": "d0164edf-9e83-424d-95a0-0c55f09a373d", "v": "af34bb1f-2c0c-43c5-ba9a-7d89aa168e64", "part": 9, "cls": "track", "subclass": null, "name": "Höcklerweg", "length_m": 221.98276560365196, "is_bridge": false, "is_tunnel": false, "is_covered": false, "is_structure": false, "walk_ok": true, "walk_oneway": false, "walk_restricted": false, "walk_sidepath": false, "under_at_m": [ ], "bike_ok": true, "bike_oneway": false, "bike_restricted": false, "bike_facility": "", "low_stress": false, "max_abs_grade": 0.09837728822157471, "elev_min": 456.494140625, "elev_max": 473.28683471679688, "cum_gain_fwd": 16.792694091796875, "cum_loss_fwd": -0.0, "net_change_fwd": 16.792694091796875, "avg_grade_fwd": 0.075648636504206834, "n_samples": 46, "d_abs_above_3": 221.98277282714844, "d_abs_above_5": 221.98277282714844, "d_abs_above_8": 93.72606897354126, "d_abs_above_10": 0.0, "d_abs_above_15": 0.0, "grade_reliable": true, "max_abs_grade_reliable": 0.09837728822157471, "shortest_use": 20, "flat_use": 0, "flat_use_per_objective": 0.0, "unavoidability": 0.0, "barrier_score": 4.3676125024025456, "neighborhood": "Leimbach" }, "geometry": { "type": "LineString", "coordinates": [ [ 8.515787945407167, 47.340531572122849 ], [ 8.514600508376796, 47.339554210159889 ], [ 8.513987308376342, 47.339086810159905 ], [ 8.513886108376264, 47.3390225101599 ], [ 8.513877789209028, 47.339016036847973 ] ] } },
{ "type": "Feature", "properties": { "edge_id": 72058, "segment_id": "3765aaa9-a933-415e-b316-9f7253abfd4e", "u": "49b5f6f7-fb76-40f1-96c9-12e33aeba6c0", "v": "e0358094-5419-4800-a5f1-7a7c3fcee570", "part": 4, "cls": "track", "subclass": null, "name": "Hubeggstrasse", "length_m": 218.28747138485411, "is_bridge": false, "is_tunnel": false, "is_covered": false, "is_structure": false, "walk_ok": true, "walk_oneway": false, "walk_restricted": false, "walk_sidepath": false, "under_at_m": [ ], "bike_ok": true, "bike_oneway": false, "bike_restricted": false, "bike_facility": "", "low_stress": false, "max_abs_grade": 0.11025768982643057, "elev_min": 535.828369140625, "elev_max": 552.22802734375, "cum_gain_fwd": 16.399658203125, "cum_loss_fwd": -0.0, "net_change_fwd": 16.399658203125, "avg_grade_fwd": 0.075128718031596944, "n_samples": 45, "d_abs_above_3": 163.71560668945312, "d_abs_above_5": 153.79344177246094, "d_abs_above_8": 133.94912719726562, "d_abs_above_10": 99.221575736999512, "d_abs_above_15": 0.0, "grade_reliable": true, "max_abs_grade_reliable": 0.11025768982643057, "shortest_use": 18, "flat_use": 0, "flat_use_per_objective": 0.0, "unavoidability": 0.0, "barrier_score": 4.3322170163304756, "neighborhood": "Schwamendingen-Mitte" }, "geometry": { "type": "LineString", "coordinates": [ [ 8.555718818544204, 47.398133147403477 ], [ 8.555832308398765, 47.398176810166881 ], [ 8.55596590839888, 47.398233410166853 ], [ 8.556106408398991, 47.398294710166851 ], [ 8.556255508399119, 47.398366210166799 ], [ 8.556793708399551, 47.398658210166715 ], [ 8.557233208399907, 47.398893810166719 ], [ 8.557621908400215, 47.399091610166671 ], [ 8.557789908400357, 47.399157610166633 ], [ 8.557871208400424, 47.399200810166612 ], [ 8.557924508400466, 47.399243510166613 ], [ 8.5579786084005, 47.399284710166647 ], [ 8.558023399996793, 47.399310157163391 ] ] } },
{ "type": "Feature", "properties": { "edge_id": 59919, "segment_id": "f14fdf13-d6f9-4994-8876-5f050ce74920", "u": "21fb145c-da50-4771-93ed-14b3db3302d7", "v": "9de302be-1b0f-4f73-bb4a-565a9d7be1b1", "part": 2, "cls": "residential", "subclass": null, "name": "Kurhausstrasse", "length_m": 61.233417195447593, "is_bridge": false, "is_tunnel": false, "is_covered": false, "is_structure": false, "walk_ok": true, "walk_oneway": false, "walk_restricted": false, "walk_sidepath": false, "under_at_m": [ ], "bike_ok": true, "bike_oneway": false, "bike_restricted": false, "bike_facility": "", "low_stress": true, "max_abs_grade": 0.10091620524358037, "elev_min": 547.35003662109375, "elev_max": 552.8125, "cum_gain_fwd": 5.46246337890625, "cum_loss_fwd": -0.0, "net_change_fwd": 5.46246337890625, "avg_grade_fwd": 0.089207227049285465, "n_samples": 14, "d_abs_above_3": 61.233417510986328, "d_abs_above_5": 61.233417510986328, "d_abs_above_8": 47.102628707885742, "d_abs_above_10": 4.7102622985839844, "d_abs_above_15": 0.0, "grade_reliable": true, "max_abs_grade_reliable": 0.10091620524358037, "shortest_use": 70, "flat_use": 121, "flat_use_per_objective": 40.333333333333336, "unavoidability": 0.57619047619047625, "barrier_score": 4.3256108682231016, "neighborhood": "Hottingen" }, "geometry": { "type": "LineString", "coordinates": [ [ 8.569055806908736, 47.373325882605435 ], [ 8.569658108420002, 47.372957210154787 ] ] } },
{ "type": "Feature", "properties": { "edge_id": 58185, "segment_id": "c487e339-afdb-4edb-8a67-aa4626d10845", "u": "e6bcc1dd-d47d-4057-a099-c06ee57e9f5f", "v": "682e0305-2d3f-4a77-8559-276cc34d394d", "part": 0, "cls": "residential", "subclass": null, "name": "Waserstrasse", "length_m": 80.636615775000649, "is_bridge": false, "is_tunnel": false, "is_covered": false, "is_structure": false, "walk_ok": true, "walk_oneway": false, "walk_restricted": false, "walk_sidepath": false, "under_at_m": [ ], "bike_ok": true, "bike_oneway": false, "bike_restricted": false, "bike_facility": "", "low_stress": true, "max_abs_grade": 0.14044958504080027, "elev_min": 512.66851806640625, "elev_max": 521.93524169921875, "cum_gain_fwd": 9.2667236328125, "cum_loss_fwd": -0.0, "net_change_fwd": 9.2667236328125, "avg_grade_fwd": 0.11491954502151203, "n_samples": 18, "d_abs_above_3": 80.636619567871094, "d_abs_above_5": 80.636619567871094, "d_abs_above_8": 80.636619567871094, "d_abs_above_10": 56.919967651367188, "d_abs_above_15": 0.0, "grade_reliable": true, "max_abs_grade_reliable": 0.14044958504080027, "shortest_use": 38, "flat_use": 81, "flat_use_per_objective": 27.0, "unavoidability": 0.71052631578947367, "barrier_score": 4.3036441053834498, "neighborhood": "Witikon" }, "geometry": { "type": "LineString", "coordinates": [ [ 8.577570708432203, 47.358348810147803 ], [ 8.57769700843232, 47.358369010147726 ], [ 8.577979908432571, 47.35844001014771 ], [ 8.578104308432687, 47.358464810147645 ], [ 8.578240508432813, 47.358483710147617 ], [ 8.578367908432934, 47.35849611014757 ], [ 8.57859980843315, 47.358499610147533 ], [ 8.578606512231801, 47.358499774056789 ] ] } },
{ "type": "Feature", "properties": { "edge_id": 59870, "segment_id": "986da85c-5eb6-40fe-bf96-54cf5d06330d", "u": "1cb7f927-5d87-4d4c-85a1-69e965aff6c3", "v": "26d1d8af-3e53-4804-af31-ac26aa8680f7", "part": 1, "cls": "residential", "subclass": null, "name": "Kurhausstrasse", "length_m": 70.574078763725623, "is_bridge": false, "is_tunnel": false, "is_covered": false, "is_structure": false, "walk_ok": true, "walk_oneway": true, "walk_restricted": false, "walk_sidepath": false, "under_at_m": [ ], "bike_ok": true, "bike_oneway": true, "bike_restricted": false, "bike_facility": "", "low_stress": true, "max_abs_grade": 0.10505192679250606, "elev_min": 538.4705810546875, "elev_max": 545.0401611328125, "cum_gain_fwd": 0.0, "cum_loss_fwd": 6.569580078125, "net_change_fwd": -6.569580078125, "avg_grade_fwd": -0.093087716423038161, "n_samples": 16, "d_abs_above_3": 70.574081420898438, "d_abs_above_5": 70.574081420898438, "d_abs_above_8": 65.869143009185791, "d_abs_above_10": 23.524694442749023, "d_abs_above_15": 0.0, "grade_reliable": true, "max_abs_grade_reliable": 0.10505192679250606, "shortest_use": 58, "flat_use": 40, "flat_use_per_objective": 13.333333333333334, "unavoidability": 0.22988505747126436, "barrier_score": 4.3000869143265676, "neighborhood": "Hottingen" }, "geometry": { "type": "LineString", "coordinates": [ [ 8.568523885677262, 47.373593632083988 ], [ 8.568521708418707, 47.37359451015535 ], [ 8.56814260841829, 47.373747310155501 ], [ 8.567726308417836, 47.37392081015566 ], [ 8.567724308044278, 47.373922022246454 ] ] } },
{ "type": "Feature", "properties": { "edge_id": 61885, "segment_id": "83bc8de2-aaaf-4136-9d0e-c2d1f8cff760", "u": "206df25d-643d-4ef6-92b9-29027cb01242", "v": "a970ad31-b741-4ef0-bdf9-830337c9641b", "part": 1, "cls": "residential", "subclass": null, "name": "Zürichbergstrasse", "length_m": 56.38490570294843, "is_bridge": false, "is_tunnel": false, "is_covered": false, "is_structure": false, "walk_ok": true, "walk_oneway": true, "walk_restricted": false, "walk_sidepath": false, "under_at_m": [ ], "bike_ok": true, "bike_oneway": true, "bike_restricted": false, "bike_facility": "", "low_stress": true, "max_abs_grade": 0.15485001279686753, "elev_min": 465.7008056640625, "elev_max": 473.53713989257812, "cum_gain_fwd": 0.0, "cum_loss_fwd": 7.836334228515625, "net_change_fwd": -7.836334228515625, "avg_grade_fwd": -0.1389792885647182, "n_samples": 13, "d_abs_above_3": 56.384906768798828, "d_abs_above_5": 56.384906768798828, "d_abs_above_8": 56.384906768798828, "d_abs_above_10": 56.384906768798828, "d_abs_above_15": 9.3974847793579102, "grade_reliable": true, "max_abs_grade_reliable": 0.15485001279686753, "shortest_use": 48, "flat_use": 54, "flat_use_per_objective": 18.0, "unavoidability": 0.375, "barrier_score": 4.1909776174328321, "neighborhood": "Fluntern" }, "geometry": { "type": "LineString", "coordinates": [ [ 8.557247878235074, 47.374551667361317 ], [ 8.556844208407112, 47.374476610159007 ], [ 8.556524708406817, 47.374427110159047 ], [ 8.55652437362723, 47.374427058241395 ] ] } },
{ "type": "Feature", "properties": { "edge_id": 90121, "segment_id": "a7bc42e2-4286-42a1-8fa5-341ae6ec14fd", "u": "530e83c0-5c56-4d30-8ece-236e33a4ab4e", "v": "aa5c7e92-1fd6-4513-9972-049cd7ddfeda", "part": 1, "cls": "residential", "subclass": null, "name": "Oerlikonerstrasse", "length_m": 78.664513699901178, "is_bridge": false, "is_tunnel": false, "is_covered": false, "is_structure": false, "walk_ok": true, "walk_oneway": false, "walk_restricted": false, "walk_sidepath": false, "under_at_m": [ ], "bike_ok": true, "bike_oneway": false, "bike_restricted": false, "bike_facility": "", "low_stress": true, "max_abs_grade": 0.094646403731109219, "elev_min": 452.26577758789062, "elev_max": 459.10491943359375, "cum_gain_fwd": 0.0, "cum_loss_fwd": 6.839141845703125, "net_change_fwd": -6.839141845703125, "avg_grade_fwd": -0.086940624389288235, "n_samples": 17, "d_abs_above_3": 78.664512634277344, "d_abs_above_5": 78.664512634277344, "d_abs_above_8": 78.664512634277344, "d_abs_above_10": 0.0, "d_abs_above_15": 0.0, "grade_reliable": true, "max_abs_grade_reliable": 0.094646403731109219, "shortest_use": 56, "flat_use": 131, "flat_use_per_objective": 43.666666666666664, "unavoidability": 0.77976190476190477, "barrier_score": 4.1693754608532432, "neighborhood": "Oerlikon" }, "geometry": { "type": "LineString", "coordinates": [ [ 8.547203552716217, 47.406445587396419 ], [ 8.5472043083878, 47.406557710172052 ], [ 8.547125008387642, 47.406810210172154 ], [ 8.547035508387461, 47.407103610172285 ], [ 8.547023473411244, 47.407140308931922 ] ] } },
{ "type": "Feature", "properties": { "edge_id": 60666, "segment_id": "c995bc85-3a4e-470b-a145-fd7da05d21f6", "u": "9a8100dc-ace0-43cf-99a6-f5b58a5836df", "v": "1e9a3bde-361c-4ddc-a3f0-b92cc66a2d05", "part": 1, "cls": "residential", "subclass": null, "name": "Zürichbergstrasse", "length_m": 118.46353101070019, "is_bridge": false, "is_tunnel": false, "is_covered": false, "is_structure": false, "walk_ok": true, "walk_oneway": true, "walk_restricted": false, "walk_sidepath": false, "under_at_m": [ ], "bike_ok": true, "bike_oneway": true, "bike_restricted": false, "bike_facility": "", "low_stress": true, "max_abs_grade": 0.14613385350291397, "elev_min": 517.6595458984375, "elev_max": 532.156005859375, "cum_gain_fwd": 0.0, "cum_loss_fwd": 14.4964599609375, "net_change_fwd": -14.4964599609375, "avg_grade_fwd": -0.12237065515520712, "n_samples": 25, "d_abs_above_3": 118.46353149414062, "d_abs_above_5": 118.46353149414062, "d_abs_above_8": 118.46353149414062, "d_abs_above_10": 88.847650051116943, "d_abs_above_15": 0.0, "grade_reliable": true, "max_abs_grade_reliable": 0.14613385350291397, "shortest_use": 24, "flat_use": 54, "flat_use_per_objective": 18.0, "unavoidability": 0.75, "barrier_score": 4.1547677486773367, "neighborhood": "Fluntern" }, "geometry": { "type": "LineString", "coordinates": [ [ 8.562112688438347, 47.377638290349751 ], [ 8.562109908411234, 47.377637210158476 ], [ 8.561434308410666, 47.37737471015862 ], [ 8.560801408410104, 47.377192710158731 ], [ 8.560719916184006, 47.377153570712117 ] ] } },
{ "type": "Feature", "properties": { "edge_id": 72771, "segment_id": "64c4c6b8-a30c-43d0-883e-03044b62b71f", "u": "8cb329ad-a5bf-4f9b-a5c5-b4bbf2d4ddce", "v": "16aac3dd-0a07-430f-a729-27fa872c6c6d", "part": 3, "cls": "residential", "subclass": null, "name": "Hüttenkopfstrasse", "length_m": 327.86594585232092, "is_bridge": false, "is_tunnel": false, "is_covered": false, "is_structure": false, "walk_ok": true, "walk_oneway": false, "walk_restricted": false, "walk_sidepath": false, "under_at_m": [ ], "bike_ok": true, "bike_oneway": false, "bike_restricted": false, "bike_facility": "", "low_stress": true, "max_abs_grade": 0.10490216104226403, "elev_min": 452.09945678710938, "elev_max": 474.31436157226562, "cum_gain_fwd": 22.21490478515625, "cum_loss_fwd": -0.0, "net_change_fwd": 22.21490478515625, "avg_grade_fwd": 0.067756062240733037, "n_samples": 67, "d_abs_above_3": 322.89828491210938, "d_abs_above_5": 238.44795417785645, "d_abs_above_8": 79.482654571533203, "d_abs_above_10": 44.708992004394531, "d_abs_above_15": 0.0, "grade_reliable": true, "max_abs_grade_reliable": 0.10490216104226403, "shortest_use": 12, "flat_use": 0, "flat_use_per_objective": 0.0, "unavoidability": 0.0, "barrier_score": 4.1272615502489272, "neighborhood": "Schwamendingen-Mitte" }, "geometry": { "type": "LineString", "coordinates": [ [ 8.570194560207481, 47.402036277788135 ], [ 8.570197808411486, 47.402028710163961 ], [ 8.570226808411517, 47.401992110163938 ], [ 8.570332408411646, 47.401917110163858 ], [ 8.570446708411776, 47.401850310163802 ], [ 8.570668908412026, 47.40172451016371 ], [ 8.570833908412229, 47.401605310163617 ], [ 8.570943908412373, 47.401497310163549 ], [ 8.57133160841285, 47.401158110163344 ], [ 8.571595308413178, 47.400926310163186 ], [ 8.571774608413396, 47.400777110163027 ], [ 8.572194408413916, 47.40040571016285 ], [ 8.572480908414288, 47.400121910162667 ], [ 8.572607908414453, 47.399962610162603 ], [ 8.572708008414596, 47.399831710162502 ], [ 8.572786308414711, 47.399695410162394 ] ] } },
{ "type": "Feature", "properties": { "edge_id": 10961, "segment_id": "52126412-2824-4657-8478-60f4bc7d71a6", "u": "f4a98a7f-7c16-4208-b9f1-4792d4df948e", "v": "eb03f29d-e3ea-4ccd-96e0-0a40e1f5c054", "part": 0, "cls": "secondary", "subclass": null, "name": "Butzenstrasse", "length_m": 58.107714608631454, "is_bridge": false, "is_tunnel": false, "is_covered": false, "is_structure": false, "walk_ok": true, "walk_oneway": false, "walk_restricted": false, "walk_sidepath": false, "under_at_m": [ ], "bike_ok": true, "bike_oneway": false, "bike_restricted": false, "bike_facility": "", "low_stress": false, "max_abs_grade": 0.10914914428365212, "elev_min": 453.68276977539062, "elev_max": 459.42807006835938, "cum_gain_fwd": 0.0, "cum_loss_fwd": 5.74530029296875, "net_change_fwd": -5.74530029296875, "avg_grade_fwd": -0.09887327754986365, "n_samples": 13, "d_abs_above_3": 58.107715606689453, "d_abs_above_5": 58.107715606689453, "d_abs_above_8": 53.265403747558594, "d_abs_above_10": 33.896167755126953, "d_abs_above_15": 0.0, "grade_reliable": true, "max_abs_grade_reliable": 0.10914914428365212, "shortest_use": 64, "flat_use": 129, "flat_use_per_objective": 43.0, "unavoidability": 0.671875, "barrier_score": 4.0591406885189087, "neighborhood": "Wollishofen" }, "geometry": { "type": "LineString", "coordinates": [ [ 8.526826508388258, 47.341017810156849 ], [ 8.527337308388693, 47.341226210156755 ], [ 8.527496808388833, 47.341272010156707 ] ] } },
{ "type": "Feature", "properties": { "edge_id": 39127, "segment_id": "bb167bf9-86b8-42ad-975b-d34cca6964f8", "u": "26e78dab-57c1-40d3-8155-5422b0b43e95", "v": "8da76d3d-37f1-4daa-acbf-d7b2800a3f75", "part": 1, "cls": "primary", "subclass": null, "name": "Rosengartenstrasse", "length_m": 75.915898237264429, "is_bridge": false, "is_tunnel": false, "is_covered": false, "is_structure": false, "walk_ok": true, "walk_oneway": true, "walk_restricted": false, "walk_sidepath": true, "under_at_m": [ ], "bike_ok": true, "bike_oneway": true, "bike_restricted": false, "bike_facility": "", "low_stress": false, "max_abs_grade": 0.091416185482301904, "elev_min": 432.6212158203125, "elev_max": 439.21743774414062, "cum_gain_fwd": 6.596221923828125, "cum_loss_fwd": -0.0, "net_change_fwd": 6.596221923828125, "avg_grade_fwd": 0.086888541411548365, "n_samples": 17, "d_abs_above_3": 75.915901184082031, "d_abs_above_5": 75.915901184082031, "d_abs_above_8": 75.915901184082031, "d_abs_above_10": 0.0, "d_abs_above_15": 0.0, "grade_reliable": true, "max_abs_grade_reliable": 0.091416185482301904, "shortest_use": 58, "flat_use": 156, "flat_use_per_objective": 52.0, "unavoidability": 0.89655172413793105, "barrier_score": 4.0251662639017267, "neighborhood": "Wipkingen" }, "geometry": { "type": "LineString", "coordinates": [ [ 8.526004817360267, 47.395252007789189 ], [ 8.526088808370774, 47.395368710174587 ], [ 8.526151408370817, 47.395442210174608 ], [ 8.526201908370851, 47.395491510174601 ], [ 8.526247508370881, 47.395535110174585 ], [ 8.526287508370906, 47.395570210174618 ], [ 8.526351808370956, 47.395619410174611 ], [ 8.526437408371022, 47.39567771017461 ], [ 8.52660630837115, 47.395792110174597 ] ] } },
{ "type": "Feature", "properties": { "edge_id": 39131, "segment_id": "a7adcb09-8996-44f3-8940-59c3f21c5ca0", "u": "48414f74-4028-4694-a9f4-cd58fdaba93b", "v": "374c1ab5-5899-4ee9-9f64-35bae24734ac", "part": 0, "cls": "primary", "subclass": null, "name": "Rosengartenstrasse", "length_m": 92.486672474504388, "is_bridge": false, "is_tunnel": false, "is_covered": false, "is_structure": false, "walk_ok": true, "walk_oneway": true, "walk_restricted": false, "walk_sidepath": true, "under_at_m": [ ], "bike_ok": true, "bike_oneway": true, "bike_restricted": false, "bike_facility": "", "low_stress": false, "max_abs_grade": 0.086473574950060458, "elev_min": 433.94754028320312, "elev_max": 441.79776000976562, "cum_gain_fwd": 0.0, "cum_loss_fwd": 7.8502197265625, "net_change_fwd": -7.8502197265625, "avg_grade_fwd": -0.084879470778631283, "n_samples": 20, "d_abs_above_3": 92.486671447753906, "d_abs_above_5": 92.486671447753906, "d_abs_above_8": 92.486671447753906, "d_abs_above_10": 0.0, "d_abs_above_15": 0.0, "grade_reliable": true, "max_abs_grade_reliable": 0.086473574950060458, "shortest_use": 50, "flat_use": 119, "flat_use_per_objective": 39.666666666666664, "unavoidability": 0.79333333333333333, "barrier_score": 3.9988266020528744, "neighborhood": "Wipkingen" }, "geometry": { "type": "LineString", "coordinates": [ [ 8.526813808371287, 47.396003510174594 ], [ 8.526777908371258, 47.395979810174602 ], [ 8.52642770837099, 47.395751010174628 ], [ 8.526345508370925, 47.395696510174638 ], [ 8.526280708370878, 47.395648810174656 ], [ 8.526242408370845, 47.395617410174594 ], [ 8.526159908370792, 47.395548710174616 ], [ 8.526077108370732, 47.395464110174601 ], [ 8.526009308370696, 47.395382210174596 ] ] } },
{ "type": "Feature", "properties": { "edge_id": 10604, "segment_id": "30b476d2-68f2-4820-a17e-813997803ff3", "u": "fbdb01b8-5095-418a-9ced-ee71b3fc3285", "v": "add37bb5-f383-4089-8585-9744d2cc369b", "part": 1, "cls": "residential", "subclass": null, "name": "Bellariastrasse", "length_m": 100.86596156120979, "is_bridge": false, "is_tunnel": false, "is_covered": false, "is_structure": false, "walk_ok": true, "walk_oneway": true, "walk_restricted": false, "walk_sidepath": false, "under_at_m": [ ], "bike_ok": true, "bike_oneway": true, "bike_restricted": false, "bike_facility": "", "low_stress": true, "max_abs_grade": 0.098659812113989637, "elev_min": 431.10406494140625, "elev_max": 440.21087646484375, "cum_gain_fwd": 9.1068115234375, "cum_loss_fwd": -0.0, "net_change_fwd": 9.1068115234375, "avg_grade_fwd": 0.090286272976558057, "n_samples": 22, "d_abs_above_3": 100.86595916748047, "d_abs_above_5": 100.86595916748047, "d_abs_above_8": 86.456538200378418, "d_abs_above_10": 0.0, "d_abs_above_15": 0.0, "grade_reliable": true, "max_abs_grade_reliable": 0.098659812113989637, "shortest_use": 40, "flat_use": 0, "flat_use_per_objective": 0.0, "unavoidability": 0.0, "barrier_score": 3.9805667265303435, "neighborhood": "Wollishofen" }, "geometry": { "type": "LineString", "coordinates": [ [ 8.528869887747589, 47.34655902850065 ], [ 8.528884708388556, 47.34656661015805 ], [ 8.528946608388591, 47.346641610158031 ], [ 8.529027008388601, 47.346873710158107 ], [ 8.529264851000967, 47.347420490161241 ] ] } },
{ "type": "Feature", "properties": { "edge_id": 58495, "segment_id": "56c17d68-4ad5-418d-84bb-7d21a096a05a", "u": "f0453570-00e2-4ffc-94e4-a742643e5653", "v": "925e2c1c-8cec-4f0a-83d2-47ae1de0e930", "part": 0, "cls": "residential", "subclass": null, "name": "Biberlinstrasse", "length_m": 52.127533913952412, "is_bridge": false, "is_tunnel": false, "is_covered": false, "is_structure": false, "walk_ok": true, "walk_oneway": false, "walk_restricted": false, "walk_sidepath": false, "under_at_m": [ ], "bike_ok": true, "bike_oneway": false, "bike_restricted": false, "bike_facility": "", "low_stress": true, "max_abs_grade": 0.1446582876204805, "elev_min": 502.58163452148438, "elev_max": 509.53994750976562, "cum_gain_fwd": 6.95831298828125, "cum_loss_fwd": -0.0, "net_change_fwd": 6.95831298828125, "avg_grade_fwd": 0.13348632849661762, "n_samples": 12, "d_abs_above_3": 52.127532958984375, "d_abs_above_5": 52.127532958984375, "d_abs_above_8": 52.127532958984375, "d_abs_above_10": 52.127532958984375, "d_abs_above_15": 0.0, "grade_reliable": true, "max_abs_grade_reliable": 0.1446582876204805, "shortest_use": 52, "flat_use": 121, "flat_use_per_objective": 40.333333333333336, "unavoidability": 0.77564102564102566, "barrier_score": 3.9211534928128571, "neighborhood": "Hirslanden" }, "geometry": { "type": "LineString", "coordinates": [ [ 8.571058208424189, 47.36384041015144 ], [ 8.571649433167481, 47.364082193410347 ] ] } },
{ "type": "Feature", "properties": { "edge_id": 72654, "segment_id": "a2aab40d-c541-46c7-b23d-fbf8b6866501", "u": "4ef9f4ff-698c-4bbd-abcf-0474a381be81", "v": "841d1ec9-acce-4cd5-bdf8-f34a707d1aaf", "part": 0, "cls": "path", "subclass": null, "name": null, "length_m": 171.75836410253379, "is_bridge": false, "is_tunnel": false, "is_covered": false, "is_structure": false, "walk_ok": true, "walk_oneway": false, "walk_restricted": false, "walk_sidepath": false, "under_at_m": [ ], "bike_ok": true, "bike_oneway": false, "bike_restricted": false, "bike_facility": "shared_path", "low_stress": true, "max_abs_grade": 0.28511551257734524, "elev_min": 497.73684692382812, "elev_max": 528.87542724609375, "cum_gain_fwd": 31.138580322265625, "cum_loss_fwd": -0.0, "net_change_fwd": 31.138580322265625, "avg_grade_fwd": 0.18129295128903172, "n_samples": 36, "d_abs_above_3": 171.75836181640625, "d_abs_above_5": 171.75836181640625, "d_abs_above_8": 161.943603515625, "d_abs_above_10": 157.03622436523438, "d_abs_above_15": 132.49931335449219, "grade_reliable": true, "max_abs_grade_reliable": 0.28511551257734524, "shortest_use": 8, "flat_use": 0, "flat_use_per_objective": 0.0, "unavoidability": 0.0, "barrier_score": 3.9176779216432176, "neighborhood": "Schwamendingen-Mitte" }, "geometry": { "type": "LineString", "coordinates": [ [ 8.568104708410157, 47.399764610163821 ], [ 8.568002408410079, 47.399696310163812 ], [ 8.567977508410095, 47.399583110163789 ], [ 8.568062908410207, 47.399469910163752 ], [ 8.568123408410294, 47.399390410163683 ], [ 8.568159008410349, 47.399310910163663 ], [ 8.568173208410389, 47.399241010163642 ], [ 8.568187508410434, 47.399132610163562 ], [ 8.568280008410524, 47.399130210163563 ], [ 8.568312008410579, 47.399057910163513 ], [ 8.568322708410605, 47.399012210163534 ], [ 8.568361908410651, 47.398983310163459 ], [ 8.568376108410684, 47.398925410163521 ], [ 8.568504208410832, 47.398841110163424 ], [ 8.568532708410876, 47.398809810163399 ], [ 8.568511308410873, 47.398735110163344 ], [ 8.568568308410949, 47.398679710163343 ], [ 8.56858610841098, 47.398629110163327 ], [ 8.56864660841107, 47.398520710163218 ], [ 8.568678608411123, 47.398455710163219 ], [ 8.568693608411143, 47.39842421016322 ] ] } },
{ "type": "Feature", "properties": { "edge_id": 67912, "segment_id": "9b7e82fc-29a5-4f4d-bb7a-36bed7e44a67", "u": "4a42fcbb-44ed-482d-98da-0fb033410d16", "v": "a7379695-e1f3-4667-96eb-d11a13f04c1d", "part": 4, "cls": "residential", "subclass": null, "name": "Frohburgstrasse", "length_m": 82.857863853437735, "is_bridge": false, "is_tunnel": false, "is_covered": false, "is_structure": false, "walk_ok": true, "walk_oneway": false, "walk_restricted": false, "walk_sidepath": false, "under_at_m": [ ], "bike_ok": true, "bike_oneway": false, "bike_restricted": false, "bike_facility": "", "low_stress": true, "max_abs_grade": 0.081271813085787195, "elev_min": 505.69189453125, "elev_max": 511.54083251953125, "cum_gain_fwd": 5.84893798828125, "cum_loss_fwd": -0.0, "net_change_fwd": 5.84893798828125, "avg_grade_fwd": 0.070590016192854266, "n_samples": 18, "d_abs_above_3": 82.857864379882812, "d_abs_above_5": 82.857864379882812, "d_abs_above_8": 4.8739919662475586, "d_abs_above_10": 0.0, "d_abs_above_15": 0.0, "grade_reliable": true, "max_abs_grade_reliable": 0.081271813085787195, "shortest_use": 58, "flat_use": 55, "flat_use_per_objective": 18.333333333333332, "unavoidability": 0.31609195402298851, "barrier_score": 3.9057251177948324, "neighborhood": "Oberstrass" }, "geometry": { "type": "LineString", "coordinates": [ [ 8.54868556056787, 47.389136537461859 ], [ 8.548701608394653, 47.38917781016611 ], [ 8.548774008394675, 47.389321410166112 ], [ 8.54890530839474, 47.389528410166108 ], [ 8.549123608394858, 47.38981151016614 ], [ 8.549127091947565, 47.389816822840963 ] ] } },
{ "type": "Feature", "properties": { "edge_id": 60364, "segment_id": "56d10a3b-41e7-4243-8293-a7ae42184bfe", "u": "ef1e8b7a-e157-46f4-b15e-f0adeb899e5c", "v": "1d590591-c644-4431-895f-5ac26aab1a97", "part": 2, "cls": "residential", "subclass": null, "name": "Zürichbergstrasse", "length_m": 110.14019505639686, "is_bridge": false, "is_tunnel": false, "is_covered": false, "is_structure": false, "walk_ok": true, "walk_oneway": true, "walk_restricted": false, "walk_sidepath": false, "under_at_m": [ ], "bike_ok": true, "bike_oneway": true, "bike_restricted": false, "bike_facility": "", "low_stress": true, "max_abs_grade": 0.14754343870784781, "elev_min": 572.1204833984375, "elev_max": 584.8758544921875, "cum_gain_fwd": 0.0, "cum_loss_fwd": 12.75537109375, "net_change_fwd": -12.75537109375, "avg_grade_fwd": -0.11581031588712229, "n_samples": 24, "d_abs_above_3": 110.14019775390625, "d_abs_above_5": 110.14019775390625, "d_abs_above_8": 110.14019775390625, "d_abs_above_10": 100.56278991699219, "d_abs_above_15": 0.0, "grade_reliable": true, "max_abs_grade_reliable": 0.14754343870784781, "shortest_use": 24, "flat_use": 54, "flat_use_per_objective": 18.0, "unavoidability": 0.75, "barrier_score": 3.900111148457734, "neighborhood": "Fluntern" }, "geometry": { "type": "LineString", "coordinates": [ [ 8.566134572324321, 47.380189141524319 ], [ 8.566123308414333, 47.380186610158127 ], [ 8.565625208413893, 47.380036810158231 ], [ 8.565451808413744, 47.379996910158269 ], [ 8.565165108413485, 47.37993091015835 ], [ 8.564773208413133, 47.379836010158392 ] ] } },
{ "type": "Feature", "properties": { "edge_id": 74650, "segment_id": "f90702be-34f4-4bf8-87ce-5f3b44dbffdb", "u": "f46abcd3-88e5-4847-9625-0e553ea56446", "v": "a1ce7200-0986-4d17-9afb-12475d51edb4", "part": 0, "cls": "track", "subclass": null, "name": null, "length_m": 127.19687684325461, "is_bridge": false, "is_tunnel": false, "is_covered": false, "is_structure": false, "walk_ok": true, "walk_oneway": false, "walk_restricted": false, "walk_sidepath": false, "under_at_m": [ ], "bike_ok": true, "bike_oneway": false, "bike_restricted": false, "bike_facility": "", "low_stress": false, "max_abs_grade": 0.17012337640818506, "elev_min": 558.39874267578125, "elev_max": 568.9617919921875, "cum_gain_fwd": 10.56304931640625, "cum_loss_fwd": -0.0, "net_change_fwd": 10.56304931640625, "avg_grade_fwd": 0.083044879755810194, "n_samples": 27, "d_abs_above_3": 83.167190551757812, "d_abs_above_5": 73.3828125, "d_abs_above_8": 63.598438262939453, "d_abs_above_10": 53.814064025878906, "d_abs_above_15": 34.245313167572021, "grade_reliable": true, "max_abs_grade_reliable": 0.17012337640818506, "shortest_use": 18, "flat_use": 0, "flat_use_per_objective": 0.0, "unavoidability": 0.0, "barrier_score": 3.8950491882871012, "neighborhood": "Hottingen" }, "geometry": { "type": "LineString", "coordinates": [ [ 8.581897908428457, 47.383878610154717 ], [ 8.581981208428527, 47.383944310154746 ], [ 8.582105008428604, 47.384052210154742 ], [ 8.58220730842868, 47.384158810154759 ], [ 8.582280708428714, 47.384247910154748 ], [ 8.582326508428743, 47.384293810154745 ], [ 8.582383808428792, 47.384335810154759 ], [ 8.582485808428865, 47.384401210154756 ], [ 8.582559008428918, 47.384454010154734 ], [ 8.582635208428977, 47.384519610154761 ], [ 8.58271510842903, 47.384596310154748 ], [ 8.582777708429063, 47.38466921015474 ], [ 8.582825908429099, 47.384728710154739 ], [ 8.582876908429123, 47.384801810154762 ] ] } },
{ "type": "Feature", "properties": { "edge_id": 80031, "segment_id": "fcb83640-bd44-4bc1-8a3c-c51b57c45a67", "u": "e9d9a4b3-fee2-4ea0-a429-e880439c4c6f", "v": "9477467f-c38d-44d0-acf1-165d40b7e601", "part": 1, "cls": "residential", "subclass": null, "name": "Michelstrasse", "length_m": 59.831376908466659, "is_bridge": false, "is_tunnel": false, "is_covered": false, "is_structure": false, "walk_ok": true, "walk_oneway": false, "walk_restricted": false, "walk_sidepath": false, "under_at_m": [ ], "bike_ok": true, "bike_oneway": false, "bike_restricted": false, "bike_facility": "", "low_stress": true, "max_abs_grade": 0.12425059447482702, "elev_min": 487.85665893554688, "elev_max": 495.06195068359375, "cum_gain_fwd": 7.205291748046875, "cum_loss_fwd": -0.0, "net_change_fwd": 7.205291748046875, "avg_grade_fwd": 0.12042664460488091, "n_samples": 13, "d_abs_above_3": 59.831375122070312, "d_abs_above_5": 59.831375122070312, "d_abs_above_8": 59.831375122070312, "d_abs_above_10": 59.831375122070312, "d_abs_above_15": 0.0, "grade_reliable": true, "max_abs_grade_reliable": 0.12425059447482702, "shortest_use": 52, "flat_use": 104, "flat_use_per_objective": 34.666666666666664, "unavoidability": 0.66666666666666663, "barrier_score": 3.8657237575446981, "neighborhood": "Höngg" }, "geometry": { "type": "LineString", "coordinates": [ [ 8.495552476209971, 47.405534208041843 ], [ 8.495556808337941, 47.405539110186602 ], [ 8.495682808338021, 47.405681610186633 ], [ 8.495809608338091, 47.405847810186643 ], [ 8.495845808338098, 47.405949110186697 ], [ 8.495848726527008, 47.406023888778087 ] ] } },
{ "type": "Feature", "properties": { "edge_id": 58186, "segment_id": "c487e339-afdb-4edb-8a67-aa4626d10845", "u": "682e0305-2d3f-4a77-8559-276cc34d394d", "v": "7904d9e9-ebbb-49b4-8c28-85bd215aebd3", "part": 1, "cls": "residential", "subclass": null, "name": "Waserstrasse", "length_m": 54.837902030936867, "is_bridge": false, "is_tunnel": false, "is_covered": false, "is_structure": false, "walk_ok": true, "walk_oneway": false, "walk_restricted": false, "walk_sidepath": false, "under_at_m": [ ], "bike_ok": true, "bike_oneway": false, "bike_restricted": false, "bike_facility": "", "low_stress": true, "max_abs_grade": 0.18412420027592918, "elev_min": 521.93524169921875, "elev_max": 530.20782470703125, "cum_gain_fwd": 8.2725830078125, "cum_loss_fwd": -0.0, "net_change_fwd": 8.2725830078125, "avg_grade_fwd": 0.15085520590101428, "n_samples": 12, "d_abs_above_3": 54.837902069091797, "d_abs_above_5": 54.837902069091797, "d_abs_above_8": 54.837902069091797, "d_abs_above_10": 54.837902069091797, "d_abs_above_15": 24.926319122314453, "grade_reliable": true, "max_abs_grade_reliable": 0.18412420027592918, "shortest_use": 38, "flat_use": 81, "flat_use_per_objective": 27.0, "unavoidability": 0.71052631578947367, "barrier_score": 3.8368542453772814, "neighborhood": "Witikon" }, "geometry": { "type": "LineString", "coordinates": [ [ 8.578606512231801, 47.358499774056789 ], [ 8.579331908433861, 47.358517510147372 ] ] } },
{ "type": "Feature", "properties": { "edge_id": 61868, "segment_id": "bbb8553c-b0dc-427a-ad7b-92444cf47079", "u": "11e008eb-3b15-43a5-a45b-c0ad2618d48c", "v": "11229e33-3a7f-453c-8bb3-854e79e88dc6", "part": 2, "cls": "residential", "subclass": null, "name": "Zürichbergstrasse", "length_m": 49.402614615719699, "is_bridge": false, "is_tunnel": false, "is_covered": false, "is_structure": false, "walk_ok": true, "walk_oneway": false, "walk_restricted": false, "walk_sidepath": false, "under_at_m": [ ], "bike_ok": true, "bike_oneway": false, "bike_restricted": false, "bike_facility": "", "low_stress": true, "max_abs_grade": 0.16088831414068791, "elev_min": 480.13418579101562, "elev_max": 487.38128662109375, "cum_gain_fwd": 0.0, "cum_loss_fwd": 7.247100830078125, "net_change_fwd": -7.247100830078125, "avg_grade_fwd": -0.14669468184444595, "n_samples": 11, "d_abs_above_3": 49.402614593505859, "d_abs_above_5": 49.402614593505859, "d_abs_above_8": 49.402614593505859, "d_abs_above_10": 49.402614593505859, "d_abs_above_15": 14.820784568786621, "grade_reliable": true, "max_abs_grade_reliable": 0.16088831414068791, "shortest_use": 48, "flat_use": 54, "flat_use_per_objective": 18.0, "unavoidability": 0.375, "barrier_score": 3.8151856222393201, "neighborhood": "Fluntern" }, "geometry": { "type": "LineString", "coordinates": [ [ 8.558420448732599, 47.374878274345143 ], [ 8.558120308408254, 47.374781310158681 ], [ 8.557837308407997, 47.374703010158768 ], [ 8.557822313785277, 47.37469885890286 ] ] } },
{ "type": "Feature", "properties": { "edge_id": 58212, "segment_id": "c1943f46-4940-403d-8831-c0e269ba4aa4", "u": "cb8cf1e2-eb19-4752-893e-8ed469462531", "v": "be1a651e-4cad-4f8f-a678-94c7669e02d2", "part": 5, "cls": "residential", "subclass": null, "name": "Waserstrasse", "length_m": 54.900907608273506, "is_bridge": false, "is_tunnel": false, "is_covered": false, "is_structure": false, "walk_ok": true, "walk_oneway": false, "walk_restricted": false, "walk_sidepath": false, "under_at_m": [ ], "bike_ok": true, "bike_oneway": false, "bike_restricted": false, "bike_facility": "", "low_stress": true, "max_abs_grade": 0.17136594112620551, "elev_min": 563.60498046875, "elev_max": 571.1280517578125, "cum_gain_fwd": 7.5230712890625, "cum_loss_fwd": -0.0, "net_change_fwd": 7.5230712890625, "avg_grade_fwd": 0.13702999400220012, "n_samples": 12, "d_abs_above_3": 54.900909423828125, "d_abs_above_5": 54.900909423828125, "d_abs_above_8": 54.900909423828125, "d_abs_above_10": 54.900909423828125, "d_abs_above_15": 9.9819831848144531, "grade_reliable": true, "max_abs_grade_reliable": 0.17136594112620551, "shortest_use": 40, "flat_use": 82, "flat_use_per_objective": 27.333333333333332, "unavoidability": 0.68333333333333335, "barrier_score": 3.7632582803898584, "neighborhood": "Witikon" }, "geometry": { "type": "LineString", "coordinates": [ [ 8.582938717090443, 47.358317767774601 ], [ 8.582952008437433, 47.35831801014622 ], [ 8.583529908437985, 47.35833721014604 ], [ 8.58357860843803, 47.358339110146055 ], [ 8.583628708438077, 47.358344010146062 ], [ 8.583659193119253, 47.358356257266848 ] ] } },
{ "type": "Feature", "properties": { "edge_id": 32344, "segment_id": "40accc21-a40e-4fee-8741-7aab85358921", "u": "5a1941c7-86fc-4ad2-bb80-0e4160422d41", "v": "95c6efb4-2878-4b61-a9a2-d3ebbf33e14f", "part": 1, "cls": "footway", "subclass": null, "name": "Am Wettingertobel", "length_m": 95.847204898078374, "is_bridge": false, "is_tunnel": false, "is_covered": false, "is_structure": false, "walk_ok": true, "walk_oneway": false, "walk_restricted": false, "walk_sidepath": false, "under_at_m": [ ], "bike_ok": false, "bike_oneway": false, "bike_restricted": false, "bike_facility": "", "low_stress": false, "max_abs_grade": 0.19517173006041208, "elev_min": 431.92193603515625, "elev_max": 449.00479125976562, "cum_gain_fwd": 17.082855224609375, "cum_loss_fwd": -0.0, "net_change_fwd": 17.082855224609375, "avg_grade_fwd": 0.17823008011296768, "n_samples": 21, "d_abs_above_3": 95.847206115722656, "d_abs_above_5": 95.847206115722656, "d_abs_above_8": 95.847206115722656, "d_abs_above_10": 95.847206115722656, "d_abs_above_15": 81.470123291015625, "grade_reliable": true, "max_abs_grade_reliable": 0.19517173006041208, "shortest_use": 20, "flat_use": 0, "flat_use_per_objective": 0.0, "unavoidability": 0.0, "barrier_score": 3.741332960282552, "neighborhood": "Höngg" }, "geometry": { "type": "LineString", "coordinates": [ [ 8.495317837448413, 47.40118552137708 ], [ 8.495447608339164, 47.4012463101853 ], [ 8.495659908339329, 47.401369010185277 ], [ 8.496003308339599, 47.401591210185266 ], [ 8.496224308339782, 47.401696110185256 ], [ 8.496300608339844, 47.401727510185246 ] ] } },
{ "type": "Feature", "properties": { "edge_id": 60144, "segment_id": "41853ad3-1c4d-4ea7-a460-393b9357c5e1", "u": "9de302be-1b0f-4f73-bb4a-565a9d7be1b1", "v": "9e9ebb3f-26ac-4626-a737-e9d5857ea31f", "part": 0, "cls": "residential", "subclass": null, "name": "Kurhausstrasse", "length_m": 53.186838754070784, "is_bridge": false, "is_tunnel": false, "is_covered": false, "is_structure": false, "walk_ok": true, "walk_oneway": false, "walk_restricted": false, "walk_sidepath": false, "under_at_m": [ ], "bike_ok": true, "bike_oneway": false, "bike_restricted": false, "bike_facility": "", "low_stress": true, "max_abs_grade": 0.10017751339239928, "elev_min": 552.8125, "elev_max": 557.66046142578125, "cum_gain_fwd": 4.84796142578125, "cum_loss_fwd": -0.0, "net_change_fwd": 4.84796142578125, "avg_grade_fwd": 0.09114964191427273, "n_samples": 12, "d_abs_above_3": 53.186840057373047, "d_abs_above_5": 53.186840057373047, "d_abs_above_8": 53.186840057373047, "d_abs_above_10": 4.8351669311523438, "d_abs_above_15": 0.0, "grade_reliable": true, "max_abs_grade_reliable": 0.10017751339239928, "shortest_use": 70, "flat_use": 151, "flat_use_per_objective": 50.333333333333336, "unavoidability": 0.71904761904761905, "barrier_score": 3.7296876761097142, "neighborhood": "Hottingen" }, "geometry": { "type": "LineString", "coordinates": [ [ 8.569658108420002, 47.372957210154787 ], [ 8.569919308420307, 47.372799610154672 ], [ 8.570201608420625, 47.372672710154561 ], [ 8.570215805530919, 47.37266722071697 ] ] } },
{ "type": "Feature", "properties": { "edge_id": 65483, "segment_id": "5403bd38-ebc4-45cc-83a4-2caf5c596662", "u": "bdb614a8-9782-45ba-a878-47afb61b496e", "v": "3b1abf93-ca47-4909-af1e-ed02a3ef1b6f", "part": 0, "cls": "steps", "subclass": null, "name": "Weinbergfussweg", "length_m": 21.880626742839521, "is_bridge": false, "is_tunnel": false, "is_covered": false, "is_structure": false, "walk_ok": true, "walk_oneway": false, "walk_restricted": false, "walk_sidepath": false, "under_at_m": [ ], "bike_ok": false, "bike_oneway": false, "bike_restricted": false, "bike_facility": "", "low_stress": false, "max_abs_grade": 0.43026042234183975, "elev_min": 431.3065185546875, "elev_max": 439.26220703125, "cum_gain_fwd": 7.9556884765625, "cum_loss_fwd": -0.0, "net_change_fwd": 7.9556884765625, "avg_grade_fwd": 0.36359509229193454, "n_samples": 6, "d_abs_above_3": 21.880626678466797, "d_abs_above_5": 21.880626678466797, "d_abs_above_8": 21.880626678466797, "d_abs_above_10": 21.880626678466797, "d_abs_above_15": 21.880626678466797, "grade_reliable": true, "max_abs_grade_reliable": 0.43026042234183975, "shortest_use": 38, "flat_use": 6, "flat_use_per_objective": 2.0, "unavoidability": 0.052631578947368418, "barrier_score": 3.5774597273217488, "neighborhood": "Oberstrass" }, "geometry": { "type": "LineString", "coordinates": [ [ 8.544999208394138, 47.379226410163959 ], [ 8.545252708394361, 47.379321710163872 ] ] } },
{ "type": "Feature", "properties": { "edge_id": 57775, "segment_id": "cd8b7eb1-3570-4d0d-94d2-cb7bb24b6de5", "u": "fdd8680e-3969-4cdf-bf78-a12531ade606", "v": "657b2b3a-780f-4d41-b0c4-3ba1b9e15417", "part": 0, "cls": "residential", "subclass": null, "name": "Biberlinstrasse", "length_m": 84.224617460357777, "is_bridge": false, "is_tunnel": false, "is_covered": false, "is_structure": false, "walk_ok": true, "walk_oneway": false, "walk_restricted": false, "walk_sidepath": false, "under_at_m": [ ], "bike_ok": true, "bike_oneway": false, "bike_restricted": false, "bike_facility": "", "low_stress": true, "max_abs_grade": 0.16245612170965756, "elev_min": 477.94351196289062, "elev_max": 489.17742919921875, "cum_gain_fwd": 11.233917236328125, "cum_loss_fwd": -0.0, "net_change_fwd": 11.233917236328125, "avg_grade_fwd": 0.13338044904071195, "n_samples": 18, "d_abs_above_3": 84.224617004394531, "d_abs_above_5": 84.224617004394531, "d_abs_above_8": 84.224617004394531, "d_abs_above_10": 84.224617004394531, "d_abs_above_15": 14.863166809082031, "grade_reliable": true, "max_abs_grade_reliable": 0.16245612170965756, "shortest_use": 26, "flat_use": 42, "flat_use_per_objective": 14.0, "unavoidability": 0.53846153846153844, "barrier_score": 3.5575292233232001, "neighborhood": "Hirslanden" }, "geometry": { "type": "LineString", "coordinates": [ [ 8.568820008422202, 47.363246510151924 ], [ 8.56901760842238, 47.363301710151887 ], [ 8.56950100842282, 47.363403810151787 ], [ 8.569867661883087, 47.363503788390169 ] ] } },
{ "type": "Feature", "properties": { "edge_id": 40460, "segment_id": "fd83073c-e2e6-4c00-a249-9835414275fc", "u": "69e2129d-1def-4b4f-ae55-9d11d4e2a740", "v": "3e579b22-2c8c-413d-805b-b1e51b5d11ad", "part": 1, "cls": "footway", "subclass": null, "name": null, "length_m": 135.25786743348067, "is_bridge": false, "is_tunnel": false, "is_covered": false, "is_structure": false, "walk_ok": true, "walk_oneway": false, "walk_restricted": false, "walk_sidepath": false, "under_at_m": [ ], "bike_ok": false, "bike_oneway": false, "bike_restricted": false, "bike_facility": "", "low_stress": false, "max_abs_grade": 0.081900147869124973, "elev_min": 443.58282470703125, "elev_max": 451.88748168945312, "cum_gain_fwd": 8.304656982421875, "cum_loss_fwd": -0.0, "net_change_fwd": 8.304656982421875, "avg_grade_fwd": 0.06139869543537757, "n_samples": 29, "d_abs_above_3": 135.25787353515625, "d_abs_above_5": 130.42723560333252, "d_abs_above_8": 9.6612758636474609, "d_abs_above_10": 0.0, "d_abs_above_15": 0.0, "grade_reliable": true, "max_abs_grade_reliable": 0.081900147869124973, "shortest_use": 32, "flat_use": 0, "flat_use_per_objective": 0.0, "unavoidability": 0.0, "barrier_score": 3.5448445898446623, "neighborhood": "Wipkingen" }, "geometry": { "type": "LineString", "coordinates": [ [ 8.527553683249732, 47.396027805729808 ], [ 8.527562408371999, 47.396051710174412 ], [ 8.52753670837197, 47.396065410174394 ], [ 8.527520608371947, 47.39608621017441 ], [ 8.527519708371941, 47.396107210174407 ], [ 8.527528808371942, 47.396126610174441 ], [ 8.527549808371957, 47.396143110174421 ], [ 8.527578008371981, 47.396152710174434 ], [ 8.528051308372406, 47.396260610174345 ], [ 8.528336108372658, 47.396331010174251 ], [ 8.528867408373136, 47.39647211017418 ], [ 8.529040908373288, 47.396522810174162 ], [ 8.529042523762097, 47.396523282644708 ] ] } },
{ "type": "Feature", "properties": { "edge_id": 40443, "segment_id": "a67c7fed-306c-479d-b50c-da092a0e9410", "u": "8da76d3d-37f1-4daa-acbf-d7b2800a3f75", "v": "6981fdf1-20c1-4819-8a77-997c48bd3602", "part": 0, "cls": "primary", "subclass": null, "name": "Rosengartenstrasse", "length_m": 63.900766692505314, "is_bridge": false, "is_tunnel": false, "is_covered": false, "is_structure": false, "walk_ok": true, "walk_oneway": true, "walk_restricted": false, "walk_sidepath": true, "under_at_m": [ ], "bike_ok": true, "bike_oneway": true, "bike_restricted": false, "bike_facility": "", "low_stress": false, "max_abs_grade": 0.094145840996962493, "elev_min": 439.21743774414062, "elev_max": 443.78857421875, "cum_gain_fwd": 4.571136474609375, "cum_loss_fwd": -0.0, "net_change_fwd": 4.571136474609375, "avg_grade_fwd": 0.071534921999333423, "n_samples": 14, "d_abs_above_3": 63.900768280029297, "d_abs_above_5": 54.069877624511719, "d_abs_above_8": 29.49266242980957, "d_abs_above_10": 0.0, "d_abs_above_15": 0.0, "grade_reliable": true, "max_abs_grade_reliable": 0.094145840996962493, "shortest_use": 58, "flat_use": 156, "flat_use_per_objective": 52.0, "unavoidability": 0.89655172413793105, "barrier_score": 3.4892750239576293, "neighborhood": "Wipkingen" }, "geometry": { "type": "LineString", "coordinates": [ [ 8.52660630837115, 47.395792110174597 ], [ 8.526802808371301, 47.395920710174558 ], [ 8.527006808371457, 47.396051010174531 ], [ 8.527088808371523, 47.396091310174505 ], [ 8.527146908371575, 47.396116110174546 ], [ 8.527197208371621, 47.396134210174509 ], [ 8.527259108371677, 47.39615101017452 ] ] } },
{ "type": "Feature", "properties": { "edge_id": 73709, "segment_id": "78d8a605-b795-42b0-8900-2028fe7c5732", "u": "fd316845-5c73-439a-974e-e20d0f4953b9", "v": "7224be8c-8d0a-444e-981f-d661b7cc5c96", "part": 3, "cls": "track", "subclass": null, "name": "Hanslinweg", "length_m": 101.17566284332216, "is_bridge": false, "is_tunnel": false, "is_covered": false, "is_structure": false, "walk_ok": true, "walk_oneway": false, "walk_restricted": false, "walk_sidepath": false, "under_at_m": [ ], "bike_ok": true, "bike_oneway": false, "bike_restricted": false, "bike_facility": "", "low_stress": false, "max_abs_grade": 0.17188526835695203, "elev_min": 642.95751953125, "elev_max": 657.7276611328125, "cum_gain_fwd": 0.0, "cum_loss_fwd": 14.7701416015625, "net_change_fwd": -14.7701416015625, "avg_grade_fwd": -0.14598512845200046, "n_samples": 22, "d_abs_above_3": 101.1756591796875, "d_abs_above_5": 101.1756591796875, "d_abs_above_8": 101.1756591796875, "d_abs_above_10": 91.539881706237793, "d_abs_above_15": 62.632553100585938, "grade_reliable": true, "max_abs_grade_reliable": 0.17188526835695203, "shortest_use": 20, "flat_use": 0, "flat_use_per_objective": 0.0, "unavoidability": 0.0, "barrier_score": 3.4781211918033859, "neighborhood": "Fluntern" }, "geometry": { "type": "LineString", "coordinates": [ [ 8.562099223351966, 47.386934110551785 ], [ 8.562094608408334, 47.386932510161458 ], [ 8.561565808407877, 47.386749310161534 ], [ 8.560936784890666, 47.386483158120186 ] ] } },
{ "type": "Feature", "properties": { "edge_id": 72394, "segment_id": "eaa96968-f645-4959-9cab-19f2357e5442", "u": "c44ba6a4-431d-4150-9e91-22d86d43d22c", "v": "3f197abe-58f3-457e-aa8f-6349fe6edb4b", "part": 0, "cls": "track", "subclass": null, "name": null, "length_m": 242.71814780116139, "is_bridge": false, "is_tunnel": false, "is_covered": false, "is_structure": false, "walk_ok": true, "walk_oneway": false, "walk_restricted": false, "walk_sidepath": false, "under_at_m": [ ], "bike_ok": false, "bike_oneway": false, "bike_restricted": false, "bike_facility": "", "low_stress": false, "max_abs_grade": 0.17904801803910939, "elev_min": 525.29425048828125, "elev_max": 563.6685791015625, "cum_gain_fwd": 0.0, "cum_loss_fwd": 38.37432861328125, "net_change_fwd": -38.37432861328125, "avg_grade_fwd": -0.15810242389140175, "n_samples": 50, "d_abs_above_3": 242.71815490722656, "d_abs_above_5": 242.71815490722656, "d_abs_above_8": 242.71815490722656, "d_abs_above_10": 242.71815490722656, "d_abs_above_15": 168.41666221618652, "grade_reliable": true, "max_abs_grade_reliable": 0.17904801803910939, "shortest_use": 8, "flat_use": 0, "flat_use_per_objective": 0.0, "unavoidability": 0.0, "barrier_score": 3.4766562644737253, "neighborhood": "Schwamendingen-Mitte" }, "geometry": { "type": "LineString", "coordinates": [ [ 8.568974108412236, 47.395790410162292 ], [ 8.569161308412335, 47.39606851016233 ], [ 8.569261708412412, 47.396134110162365 ], [ 8.569355508412487, 47.396188210162329 ], [ 8.569436108412551, 47.396231910162321 ], [ 8.569606208412688, 47.396316910162312 ], [ 8.569878508412856, 47.39660371016231 ], [ 8.569999608412932, 47.396741810162283 ], [ 8.570003108412887, 47.396915110162404 ], [ 8.570024008412874, 47.39701181016239 ], [ 8.570327108413077, 47.397321910162432 ], [ 8.570555508413202, 47.397625010162407 ] ] } },
{ "type": "Feature", "properties": { "edge_id": 60771, "segment_id": "eb3281ea-7c7b-46dc-810d-fd983fca5191", "u": "d6f0a915-8ac5-4e80-9bbb-98accad20fd3", "v": "e47a9925-6753-48ca-b8c0-4814ada739ae", "part": 4, "cls": "residential", "subclass": null, "name": "Zürichbergstrasse", "length_m": 82.990281223930282, "is_bridge": false, "is_tunnel": false, "is_covered": false, "is_structure": false, "walk_ok": true, "walk_oneway": false, "walk_restricted": false, "walk_sidepath": false, "under_at_m": [ ], "bike_ok": true, "bike_oneway": false, "bike_restricted": false, "bike_facility": "", "low_stress": true, "max_abs_grade": 0.17348659482859666, "elev_min": 555.28314208984375, "elev_max": 568.1824951171875, "cum_gain_fwd": 0.0, "cum_loss_fwd": 12.89935302734375, "net_change_fwd": -12.89935302734375, "avg_grade_fwd": -0.15543209402132913, "n_samples": 18, "d_abs_above_3": 82.990280151367188, "d_abs_above_5": 82.990280151367188, "d_abs_above_8": 82.990280151367188, "d_abs_above_10": 82.990280151367188, "d_abs_above_15": 53.699592590332031, "grade_reliable": true, "max_abs_grade_reliable": 0.17348659482859666, "shortest_use": 24, "flat_use": 54, "flat_use_per_objective": 18.0, "unavoidability": 0.75, "barrier_score": 3.4554483104177489, "neighborhood": "Fluntern" }, "geometry": { "type": "LineString", "coordinates": [ [ 8.564455785089899, 47.37966181171543 ], [ 8.56442520841286, 47.379635110158475 ], [ 8.564419608412857, 47.37963021015846 ], [ 8.564307608412779, 47.379516110158434 ], [ 8.564214208412729, 47.379400010158449 ], [ 8.563931256466683, 47.379007578698868 ] ] } },
{ "type": "Feature", "properties": { "edge_id": 63864, "segment_id": "09e1f99c-ef5a-4321-ac3a-15f284eb2c16", "u": "7ce66889-2b69-45ac-ab8e-7f8f94c9d4f3", "v": "0760f982-4fb4-479d-8aed-73c2988e75bd", "part": 0, "cls": "pedestrian", "subclass": null, "name": "Marktgasse", "length_m": 51.80719980559671, "is_bridge": false, "is_tunnel": false, "is_covered": false, "is_structure": false, "walk_ok": true, "walk_oneway": false, "walk_restricted": false, "walk_sidepath": false, "under_at_m": [ ], "bike_ok": true, "bike_oneway": false, "bike_restricted": false, "bike_facility": "car_free_street", "low_stress": true, "max_abs_grade": 0.10702460328259757, "elev_min": 409.26751708984375, "elev_max": 413.99386596679688, "cum_gain_fwd": 4.726348876953125, "cum_loss_fwd": -0.0, "net_change_fwd": 4.726348876953125, "avg_grade_fwd": 0.091229573313260121, "n_samples": 12, "d_abs_above_3": 51.807201385498047, "d_abs_above_5": 51.807201385498047, "d_abs_above_8": 42.387710571289062, "d_abs_above_10": 14.129238128662109, "d_abs_above_15": 0.0, "grade_reliable": true, "max_abs_grade_reliable": 0.10702460328259757, "shortest_use": 62, "flat_use": 43, "flat_use_per_objective": 14.333333333333334, "unavoidability": 0.23118279569892475, "barrier_score": 3.4376799039532773, "neighborhood": "Rathaus" }, "geometry": { "type": "LineString", "coordinates": [ [ 8.543098608394592, 47.371806910162114 ], [ 8.543515508394988, 47.371834510161996 ], [ 8.54377750839523, 47.371869610161923 ] ] } },
{ "type": "Feature", "properties": { "edge_id": 61951, "segment_id": "94e4ae57-4e82-4813-b805-71eaf6cd8c16", "u": "939fc451-1a36-4af4-8044-11afbad52334", "v": "9d8e4194-85b6-454f-bfee-83dd2faa5e72", "part": 1, "cls": "residential", "subclass": null, "name": "Zürichbergstrasse", "length_m": 70.886778388555385, "is_bridge": false, "is_tunnel": false, "is_covered": false, "is_structure": false, "walk_ok": true, "walk_oneway": false, "walk_restricted": false, "walk_sidepath": false, "under_at_m": [ ], "bike_ok": true, "bike_oneway": false, "bike_restricted": false, "bike_facility": "", "low_stress": true, "max_abs_grade": 0.10072035362227123, "elev_min": 457.06890869140625, "elev_max": 463.69296264648438, "cum_gain_fwd": 0.0, "cum_loss_fwd": 6.624053955078125, "net_change_fwd": -6.624053955078125, "avg_grade_fwd": -0.093445547606398782, "n_samples": 16, "d_abs_above_3": 70.88677978515625, "d_abs_above_5": 70.88677978515625, "d_abs_above_8": 70.88677978515625, "d_abs_above_10": 4.7257843017578125, "d_abs_above_15": 0.0, "grade_reliable": true, "max_abs_grade_reliable": 0.10072035362227123, "shortest_use": 48, "flat_use": 54, "flat_use_per_objective": 18.0, "unavoidability": 0.375, "barrier_score": 3.427075865490659, "neighborhood": "Fluntern" }, "geometry": { "type": "LineString", "coordinates": [ [ 8.556319414117054, 47.374399196430325 ], [ 8.556315108406624, 47.374398710159142 ], [ 8.556213008406527, 47.374371210159154 ], [ 8.555487008405908, 47.374109410159285 ], [ 8.555484838962977, 47.374108674953547 ] ] } },
{ "type": "Feature", "properties": { "edge_id": 87458, "segment_id": "f9799fce-a04f-4fec-88b5-c8c9d11b384d", "u": "328e177a-afed-4f76-bddf-cc30fe9607ad", "v": "949b5091-bd87-4168-862e-21c451ce6e01", "part": 0, "cls": "track", "subclass": null, "name": "Wässerlingweg", "length_m": 488.48580425010101, "is_bridge": false, "is_tunnel": false, "is_covered": false, "is_structure": false, "walk_ok": true, "walk_oneway": false, "walk_restricted": false, "walk_sidepath": false, "under_at_m": [ ], "bike_ok": true, "bike_oneway": false, "bike_restricted": false, "bike_facility": "", "low_stress": false, "max_abs_grade": 0.086313933412516683, "elev_min": 521.50726318359375, "elev_max": 539.98577880859375, "cum_gain_fwd": 18.478515625, "cum_loss_fwd": -0.0, "net_change_fwd": 18.478515625, "avg_grade_fwd": 0.037828152368417155, "n_samples": 99, "d_abs_above_3": 294.08838272094727, "d_abs_above_5": 179.44377136230469, "d_abs_above_8": 29.907302856445312, "d_abs_above_10": 0.0, "d_abs_above_15": 0.0, "grade_reliable": true, "max_abs_grade_reliable": 0.086313933412516683, "shortest_use": 8, "flat_use": 0, "flat_use_per_objective": 0.0, "unavoidability": 0.0, "barrier_score": 3.3730504944802302, "neighborhood": "Höngg" }, "geometry": { "type": "LineString", "coordinates": [ [ 8.505926308348398, 47.404361210183282 ], [ 8.506108308348548, 47.404445510183251 ], [ 8.506214108348637, 47.404483310183224 ], [ 8.506422608348824, 47.404546810183184 ], [ 8.507132808349461, 47.404707710183033 ], [ 8.507347408349652, 47.404763110182991 ], [ 8.507443308349734, 47.404796410182968 ], [ 8.507544408349823, 47.404841810182958 ], [ 8.507665408349917, 47.404916610182966 ], [ 8.507748808349973, 47.404982710182949 ], [ 8.507946808350104, 47.405196510182961 ], [ 8.508037108350164, 47.405280110182993 ], [ 8.508121708350229, 47.405343710182933 ], [ 8.508257608350338, 47.405415310182953 ], [ 8.508387108350448, 47.405464910182936 ], [ 8.508528008350577, 47.405495110182912 ], [ 8.508596808350635, 47.405503910182858 ], [ 8.508750308350791, 47.405508110182836 ], [ 8.508839508350874, 47.405500410182796 ], [ 8.509060108351099, 47.40546911018275 ], [ 8.509166108351209, 47.405458110182707 ], [ 8.509348108351386, 47.40544781018265 ], [ 8.509451208351487, 47.405445510182602 ], [ 8.509556608351593, 47.405448910182599 ], [ 8.509700308351729, 47.405462410182544 ], [ 8.509902808351917, 47.405488110182517 ], [ 8.510080408352074, 47.405525310182462 ], [ 8.510402408352359, 47.405620410182379 ], [ 8.510631308352556, 47.405705710182303 ], [ 8.510860808352742, 47.405811210182307 ], [ 8.511259508353064, 47.406031110182283 ], [ 8.511427908353198, 47.406142410182262 ], [ 8.511494403012803, 47.406161436970038 ] ] } },
{ "type": "Feature", "properties": { "edge_id": 65545, "segment_id": "b211f12e-f8d9-43f2-aa1b-2f74d848c562", "u": "62be5df6-046c-474a-87e6-5c8c89e3cc44", "v": "41cc26c7-733b-4bd1-becf-821f9c0c05f2", "part": 0, "cls": "footway", "subclass": null, "name": "Weinbergfussweg", "length_m": 37.596903399727104, "is_bridge": false, "is_tunnel": false, "is_covered": false, "is_structure": false, "walk_ok": true, "walk_oneway": false, "walk_restricted": false, "walk_sidepath": false, "under_at_m": [ ], "bike_ok": false, "bike_oneway": false, "bike_restricted": false, "bike_facility": "", "low_stress": false, "max_abs_grade": 0.23607614722006923, "elev_min": 423.9539794921875, "elev_max": 430.28579711914062, "cum_gain_fwd": 6.331817626953125, "cum_loss_fwd": -0.0, "net_change_fwd": 6.331817626953125, "avg_grade_fwd": 0.16841326881229263, "n_samples": 9, "d_abs_above_3": 37.596904754638672, "d_abs_above_5": 37.596904754638672, "d_abs_above_8": 37.596904754638672, "d_abs_above_10": 32.897289276123047, "d_abs_above_15": 28.197677612304688, "grade_reliable": true, "max_abs_grade_reliable": 0.23607614722006923, "shortest_use": 38, "flat_use": 6, "flat_use_per_objective": 2.0, "unavoidability": 0.052631578947368418, "barrier_score": 3.3727781987648244, "neighborhood": "Hochschulen" }, "geometry": { "type": "LineString", "coordinates": [ [ 8.544403308393653, 47.378938610164056 ], [ 8.544455708393684, 47.379001610164082 ], [ 8.544790032203426, 47.379139741568153 ] ] } },
{ "type": "Feature", "properties": { "edge_id": 67898, "segment_id": "10ba96e3-711b-4c10-bb26-b19987f85e7a", "u": "ded6f127-a2db-44b5-b51f-7097a8ee5d1d", "v": "28c194c3-714c-46b2-ba28-9c1a0090fdb6", "part": 0, "cls": "steps", "subclass": null, "name": "Schäppiweg", "length_m": 17.34382395359432, "is_bridge": false, "is_tunnel": false, "is_covered": false, "is_structure": false, "walk_ok": true, "walk_oneway": false, "walk_restricted": false, "walk_sidepath": false, "under_at_m": [ ], "bike_ok": false, "bike_oneway": false, "bike_restricted": false, "bike_facility": "", "low_stress": false, "max_abs_grade": 0.43373969376319055, "elev_min": 515.4720458984375, "elev_max": 521.4931640625, "cum_gain_fwd": 6.0211181640625, "cum_loss_fwd": -0.0, "net_change_fwd": 6.0211181640625, "avg_grade_fwd": 0.34716208085660882, "n_samples": 5, "d_abs_above_3": 17.34382438659668, "d_abs_above_5": 17.34382438659668, "d_abs_above_8": 17.34382438659668, "d_abs_above_10": 17.34382438659668, "d_abs_above_15": 17.34382438659668, "grade_reliable": true, "max_abs_grade_reliable": 0.43373969376319055, "shortest_use": 44, "flat_use": 85, "flat_use_per_objective": 28.333333333333332, "unavoidability": 0.64393939393939392, "barrier_score": 3.3099901517384636, "neighborhood": "Oberstrass" }, "geometry": { "type": "LineString", "coordinates": [ [ 8.549512708395216, 47.389878810166053 ], [ 8.549742408395439, 47.389880110166011 ] ] } },
{ "type": "Feature", "properties": { "edge_id": 72529, "segment_id": "7bb99280-b790-4746-8213-edd3240a48b0", "u": "54592276-61b9-491c-91e4-58156cf2261e", "v": "e69665b1-8643-47a4-bac2-a56c504bd466", "part": 2, "cls": "path", "subclass": null, "name": "Unterholzweg", "length_m": 89.257998534622885, "is_bridge": false, "is_tunnel": false, "is_covered": false, "is_structure": false, "walk_ok": true, "walk_oneway": false, "walk_restricted": false, "walk_sidepath": false, "under_at_m": [ ], "bike_ok": true, "bike_oneway": false, "bike_restricted": false, "bike_facility": "shared_path", "low_stress": true, "max_abs_grade": 0.20576753760923322, "elev_min": 477.41830444335938, "elev_max": 492.5211181640625, "cum_gain_fwd": 0.0, "cum_loss_fwd": 15.102813720703125, "net_change_fwd": -15.102813720703125, "avg_grade_fwd": -0.16920404293481345, "n_samples": 19, "d_abs_above_3": 89.25799560546875, "d_abs_above_5": 89.25799560546875, "d_abs_above_8": 89.25799560546875, "d_abs_above_10": 89.25799560546875, "d_abs_above_15": 69.422882080078125, "grade_reliable": true, "max_abs_grade_reliable": 0.20576753760923322, "shortest_use": 18, "flat_use": 0, "flat_use_per_objective": 0.0, "unavoidability": 0.0, "barrier_score": 3.3059517426716218, "neighborhood": "Schwamendingen-Mitte" }, "geometry": { "type": "LineString", "coordinates": [ [ 8.563073384042706, 47.402200020316116 ], [ 8.563077808404508, 47.402290010166084 ], [ 8.563099608404498, 47.402380910166094 ], [ 8.563137308404503, 47.402470010166155 ], [ 8.563191708404537, 47.40254061016612 ], [ 8.563255108404581, 47.402606810166112 ], [ 8.563408208404688, 47.402733010166145 ], [ 8.56359670840482, 47.402894210166131 ] ] } },
{ "type": "Feature", "properties": { "edge_id": 39044, "segment_id": "8ff92793-aff5-4494-81c3-0264c8b99129", "u": "5c5745c0-b638-4219-a04c-b8b21ab251da", "v": "7ecf05f2-7dc4-49f0-a5c8-6e9f1439228e", "part": 0, "cls": "primary", "subclass": null, "name": "Rosengartenstrasse", "length_m": 60.377181544690863, "is_bridge": false, "is_tunnel": false, "is_covered": false, "is_structure": false, "walk_ok": true, "walk_oneway": true, "walk_restricted": false, "walk_sidepath": true, "under_at_m": "[36.9 43.8 50.5 54.2]", "bike_ok": true, "bike_oneway": true, "bike_restricted": false, "bike_facility": "", "low_stress": false, "max_abs_grade": 0.12949144816073085, "elev_min": 423.12322998046875, "elev_max": 426.91253662109375, "cum_gain_fwd": 0.0, "cum_loss_fwd": 3.789306640625, "net_change_fwd": -3.789306640625, "avg_grade_fwd": -0.062760574685250675, "n_samples": 14, "d_abs_above_3": 55.732784271240234, "d_abs_above_5": 27.866392135620117, "d_abs_above_8": 18.577594757080078, "d_abs_above_10": 13.933196067810059, "d_abs_above_15": 0.0, "grade_reliable": true, "max_abs_grade_reliable": 0.12949144816073085, "shortest_use": 42, "flat_use": 70, "flat_use_per_objective": 23.333333333333332, "unavoidability": 0.55555555555555558, "barrier_score": 3.283698043115856, "neighborhood": "Wipkingen" }, "geometry": { "type": "LineString", "coordinates": [ [ 8.525478808370405, 47.394658810174526 ], [ 8.525269708370288, 47.394384310174502 ], [ 8.525246708370277, 47.394354010174496 ], [ 8.525112708370202, 47.394176010174469 ] ] } },
{ "type": "Feature", "properties": { "edge_id": 41489, "segment_id": "3f17783d-71c8-498d-a006-1c27541cbeb7", "u": "e8255581-1136-413c-b749-c9fe68dfa24c", "v": "4b284024-b127-4779-8a60-0a668fb8e22d", "part": 0, "cls": "footway", "subclass": null, "name": null, "length_m": 29.040889801941447, "is_bridge": false, "is_tunnel": false, "is_covered": false, "is_structure": false, "walk_ok": true, "walk_oneway": false, "walk_restricted": false, "walk_sidepath": false, "under_at_m": [ ], "bike_ok": true, "bike_oneway": false, "bike_restricted": false, "bike_facility": "shared_path", "low_stress": true, "max_abs_grade": 0.22603119758893331, "elev_min": 402.52291870117188, "elev_max": 404.88742065429688, "cum_gain_fwd": 0.82940673828125, "cum_loss_fwd": 2.364501953125, "net_change_fwd": -1.53509521484375, "avg_grade_fwd": -0.052859785929005983, "n_samples": 7, "d_abs_above_3": 24.200741767883301, "d_abs_above_5": 24.200741767883301, "d_abs_above_8": 19.360593318939209, "d_abs_above_10": 14.520444393157959, "d_abs_above_15": 9.6802959442138672, "grade_reliable": true, "max_abs_grade_reliable": 0.22603119758893331, "shortest_use": 50, "flat_use": 0, "flat_use_per_objective": 0.0, "unavoidability": 0.0, "barrier_score": 3.2820735504905327, "neighborhood": "Escher Wyss" }, "geometry": { "type": "LineString", "coordinates": [ [ 8.523117808369211, 47.391101810174085 ], [ 8.523140608369221, 47.391133610174052 ], [ 8.523300108369328, 47.391302210174132 ], [ 8.523324508369344, 47.39132151017408 ] ] } },
{ "type": "Feature", "properties": { "edge_id": 40390, "segment_id": "ca791f43-ec7b-4d24-8938-f0adf502ff86", "u": "f54e6f02-4194-42e1-9e28-a602dd2579b4", "v": "1402957e-5c00-49e9-aa19-938140c7d56d", "part": 0, "cls": "footway", "subclass": null, "name": "Weihersteig", "length_m": 66.374817403733715, "is_bridge": false, "is_tunnel": false, "is_covered": false, "is_structure": false, "walk_ok": true, "walk_oneway": false, "walk_restricted": false, "walk_sidepath": false, "under_at_m": [ ], "bike_ok": false, "bike_oneway": false, "bike_restricted": false, "bike_facility": "", "low_stress": false, "max_abs_grade": 0.15349361140613435, "elev_min": 465.71273803710938, "elev_max": 473.12881469726562, "cum_gain_fwd": 7.41607666015625, "cum_loss_fwd": -0.0, "net_change_fwd": 7.41607666015625, "avg_grade_fwd": 0.11173027673944928, "n_samples": 15, "d_abs_above_3": 66.37481689453125, "d_abs_above_5": 66.37481689453125, "d_abs_above_8": 52.151641845703125, "d_abs_above_10": 47.41058349609375, "d_abs_above_15": 4.741058349609375, "grade_reliable": true, "max_abs_grade_reliable": 0.15349361140613435, "shortest_use": 32, "flat_use": 23, "flat_use_per_objective": 7.666666666666667, "unavoidability": 0.23958333333333334, "barrier_score": 3.2601953375109844, "neighborhood": "Wipkingen" }, "geometry": { "type": "LineString", "coordinates": [ [ 8.527271108371307, 47.397358010174869 ], [ 8.527291108371314, 47.3974038101749 ], [ 8.527415408371455, 47.397331910174813 ], [ 8.527562008371552, 47.397482210174857 ], [ 8.527814908371749, 47.397659110174807 ], [ 8.527828299445876, 47.397666203748045 ] ] } },
{ "type": "Feature", "properties": { "edge_id": 39065, "segment_id": "09be0cf6-3d6c-4bb4-aef9-529e4818901b", "u": "374c1ab5-5899-4ee9-9f64-35bae24734ac", "v": "5c5745c0-b638-4219-a04c-b8b21ab251da", "part": 0, "cls": "primary", "subclass": null, "name": "Rosengartenstrasse", "length_m": 89.857247388252745, "is_bridge": false, "is_tunnel": false, "is_covered": false, "is_structure": false, "walk_ok": true, "walk_oneway": true, "walk_restricted": false, "walk_sidepath": true, "under_at_m": [ ], "bike_ok": true, "bike_oneway": true, "bike_restricted": false, "bike_facility": "", "low_stress": false, "max_abs_grade": 0.085364893809685011, "elev_min": 426.91253662109375, "elev_max": 433.94754028320312, "cum_gain_fwd": 0.0, "cum_loss_fwd": 7.035003662109375, "net_change_fwd": -7.035003662109375, "avg_grade_fwd": -0.078290888537549008, "n_samples": 19, "d_abs_above_3": 89.857246398925781, "d_abs_above_5": 89.857246398925781, "d_abs_above_8": 29.952415466308594, "d_abs_above_10": 0.0, "d_abs_above_15": 0.0, "grade_reliable": true, "max_abs_grade_reliable": 0.085364893809685011, "shortest_use": 42, "flat_use": 70, "flat_use_per_objective": 23.333333333333332, "unavoidability": 0.55555555555555558, "barrier_score": 3.2216748401580926, "neighborhood": "Wipkingen" }, "geometry": { "type": "LineString", "coordinates": [ [ 8.526009308370696, 47.395382210174596 ], [ 8.525974008370678, 47.395338010174633 ], [ 8.525725908370546, 47.394994710174608 ], [ 8.525620408370481, 47.394846110174583 ], [ 8.525478808370405, 47.394658810174526 ] ] } },
{ "type": "Feature", "properties": { "edge_id": 5006, "segment_id": "7e9b62df-6777-46b6-ab21-a53f6c4bf85b", "u": "5bfec27a-d03a-4575-89b9-df7943cefb65", "v": "54440bbf-3480-4594-b8fe-fb51fab06bf4", "part": 2, "cls": "track", "subclass": null, "name": "Frymannstrasse", "length_m": 109.94219860492414, "is_bridge": false, "is_tunnel": false, "is_covered": false, "is_structure": false, "walk_ok": true, "walk_oneway": false, "walk_restricted": false, "walk_sidepath": false, "under_at_m": [ ], "bike_ok": true, "bike_oneway": false, "bike_restricted": false, "bike_facility": "", "low_stress": false, "max_abs_grade": 0.091319976397505095, "elev_min": 473.86215209960938, "elev_max": 478.12258911132812, "cum_gain_fwd": 4.26043701171875, "cum_loss_fwd": 0.8394775390625, "net_change_fwd": 3.42095947265625, "avg_grade_fwd": 0.031115981686488541, "n_samples": 23, "d_abs_above_3": 84.955338478088379, "d_abs_above_5": 44.976352691650391, "d_abs_above_8": 14.992118835449219, "d_abs_above_10": 0.0, "d_abs_above_15": 0.0, "grade_reliable": true, "max_abs_grade_reliable": 0.091319976397505095, "shortest_use": 32, "flat_use": 3, "flat_use_per_objective": 1.0, "unavoidability": 0.03125, "barrier_score": 3.2127740741412771, "neighborhood": "Leimbach" }, "geometry": { "type": "LineString", "coordinates": [ [ 8.513735060804349, 47.338785925501675 ], [ 8.513754308376264, 47.338600410159785 ], [ 8.513807208376361, 47.338445210159769 ], [ 8.513869308376457, 47.338330410159671 ], [ 8.513965308376587, 47.338211810159578 ], [ 8.51402860837668, 47.338110110159541 ], [ 8.51406190837675, 47.338002510159505 ], [ 8.514059708376758, 47.337964210159505 ], [ 8.514054008376784, 47.337866210159426 ], [ 8.514047083475759, 47.337837494570785 ] ] } },
{ "type": "Feature", "properties": { "edge_id": 71420, "segment_id": "4ccac94b-c928-4581-9eb3-55d108e1bd74", "u": "a0a753a1-8629-4a49-bab3-332d91ec53f7", "v": "b8c016a6-ada4-48eb-b53d-2ddc0f12bc96", "part": 0, "cls": "tertiary", "subclass": null, "name": "Bülachstrasse", "length_m": 116.07107605235103, "is_bridge": false, "is_tunnel": false, "is_covered": false, "is_structure": false, "walk_ok": true, "walk_oneway": true, "walk_restricted": false, "walk_sidepath": false, "under_at_m": [ ], "bike_ok": true, "bike_oneway": true, "bike_restricted": false, "bike_facility": "", "low_stress": false, "max_abs_grade": 0.098677596839578316, "elev_min": 470.40826416015625, "elev_max": 477.50650024414062, "cum_gain_fwd": 0.0, "cum_loss_fwd": 7.098236083984375, "net_change_fwd": -7.098236083984375, "avg_grade_fwd": -0.061154220007956006, "n_samples": 25, "d_abs_above_3": 116.07107543945312, "d_abs_above_5": 77.380718231201172, "d_abs_above_8": 38.690357208251953, "d_abs_above_10": 0.0, "d_abs_above_15": 0.0, "grade_reliable": true, "max_abs_grade_reliable": 0.098677596839578316, "shortest_use": 28, "flat_use": 36, "flat_use_per_objective": 12.0, "unavoidability": 0.42857142857142855, "barrier_score": 3.20701215728038, "neighborhood": "Oerlikon" }, "geometry": { "type": "LineString", "coordinates": [ [ 8.548547508390852, 47.400916810169896 ], [ 8.548367308390548, 47.401339110170071 ], [ 8.548207508390266, 47.401732510170199 ], [ 8.548128825473036, 47.40192130938226 ] ] } },
{ "type": "Feature", "properties": { "edge_id": 58155, "segment_id": "16e771f0-109e-4aa8-a468-6c7fa71290b9", "u": "673e07b7-5302-4aee-96b5-ab348f3ae3af", "v": "bb7c1227-bada-4960-aab3-1164975f6605", "part": 0, "cls": "path", "subclass": null, "name": "Wasersteig", "length_m": 44.88718772108637, "is_bridge": false, "is_tunnel": false, "is_covered": false, "is_structure": false, "walk_ok": true, "walk_oneway": false, "walk_restricted": false, "walk_sidepath": false, "under_at_m": [ ], "bike_ok": true, "bike_oneway": false, "bike_restricted": false, "bike_facility": "shared_path", "low_stress": true, "max_abs_grade": 0.16486032946978585, "elev_min": 464.95114135742188, "elev_max": 469.89193725585938, "cum_gain_fwd": 4.9407958984375, "cum_loss_fwd": -0.0, "net_change_fwd": 4.9407958984375, "avg_grade_fwd": 0.11007140619025883, "n_samples": 10, "d_abs_above_3": 44.887187957763672, "d_abs_above_5": 44.887187957763672, "d_abs_above_8": 34.912257194519043, "d_abs_above_10": 24.937326431274414, "d_abs_above_15": 9.9749298095703125, "grade_reliable": true, "max_abs_grade_reliable": 0.16486032946978585, "shortest_use": 42, "flat_use": 0, "flat_use_per_objective": 0.0, "unavoidability": 0.0, "barrier_score": 3.1080489538015788, "neighborhood": "Hirslanden" }, "geometry": { "type": "LineString", "coordinates": [ [ 8.574181108428926, 47.358327110148736 ], [ 8.574190708428924, 47.358358610148777 ], [ 8.574244408428935, 47.35848121014876 ], [ 8.57430540842898, 47.358539410148786 ], [ 8.57439390842905, 47.358588410148791 ], [ 8.574497808429134, 47.358651410148752 ] ] } },
{ "type": "Feature", "properties": { "edge_id": 72281, "segment_id": "68386e8a-6206-451c-aaa1-30baf71d66b6", "u": "73d841a7-6eb4-4e12-b170-b7b64e34832a", "v": "7086a074-821c-44f5-bc8c-e30c118e22a9", "part": 0, "cls": "footway", "subclass": null, "name": null, "length_m": 122.06567459470185, "is_bridge": false, "is_tunnel": false, "is_covered": false, "is_structure": false, "walk_ok": true, "walk_oneway": false, "walk_restricted": false, "walk_sidepath": false, "under_at_m": [ ], "bike_ok": false, "bike_oneway": false, "bike_restricted": false, "bike_facility": "", "low_stress": false, "max_abs_grade": 0.12621104454065687, "elev_min": 506.52316284179688, "elev_max": 517.438232421875, "cum_gain_fwd": 10.915069580078125, "cum_loss_fwd": -0.0, "net_change_fwd": 10.915069580078125, "avg_grade_fwd": 0.089419647946621966, "n_samples": 26, "d_abs_above_3": 122.065673828125, "d_abs_above_5": 122.065673828125, "d_abs_above_8": 73.239395141601562, "d_abs_above_10": 34.178390502929688, "d_abs_above_15": 0.0, "grade_reliable": true, "max_abs_grade_reliable": 0.12621104454065687, "shortest_use": 20, "flat_use": 0, "flat_use_per_objective": 0.0, "unavoidability": 0.0, "barrier_score": 3.0812072586314487, "neighborhood": "Oberstrass" }, "geometry": { "type": "LineString", "coordinates": [ [ 8.547136808391453, 47.394601510168222 ], [ 8.547172008391481, 47.394591910168259 ], [ 8.5472627083916, 47.394513110168198 ], [ 8.547339408391695, 47.394429110168126 ], [ 8.547388808391771, 47.394343410168077 ], [ 8.547556808391976, 47.394212610168019 ], [ 8.547630408392074, 47.394116710167935 ], [ 8.547729408392209, 47.394003910167896 ], [ 8.547847608392349, 47.393909010167832 ], [ 8.548005908392545, 47.393788510167774 ], [ 8.548122786295465, 47.393766117104505 ] ] } },
{ "type": "Feature", "properties": { "edge_id": 73473, "segment_id": "93b03b66-adb5-4323-aeac-148a37f3e71f", "u": "80854d95-ee82-479f-a5b7-55715d6ec345", "v": "7c20b194-04ed-426f-81a1-cd527e9835b9", "part": 0, "cls": "footway", "subclass": null, "name": null, "length_m": 206.86852362912495, "is_bridge": false, "is_tunnel": false, "is_covered": false, "is_structure": false, "walk_ok": true, "walk_oneway": false, "walk_restricted": false, "walk_sidepath": false, "under_at_m": [ ], "bike_ok": false, "bike_oneway": false, "bike_restricted": false, "bike_facility": "", "low_stress": false, "max_abs_grade": 0.24809630910116048, "elev_min": 585.6707763671875, "elev_max": 609.5723876953125, "cum_gain_fwd": 23.901611328125, "cum_loss_fwd": -0.0, "net_change_fwd": 23.901611328125, "avg_grade_fwd": 0.11554010315890968, "n_samples": 43, "d_abs_above_3": 192.09220886230469, "d_abs_above_5": 172.39044189453125, "d_abs_above_8": 118.21058654785156, "d_abs_above_10": 108.35971450805664, "d_abs_above_15": 54.179855346679688, "grade_reliable": true, "max_abs_grade_reliable": 0.24809630910116048, "shortest_use": 6, "flat_use": 0, "flat_use_per_objective": 0.0, "unavoidability": 0.0, "barrier_score": 3.0793990308955261, "neighborhood": "Fluntern" }, "geometry": { "type": "LineString", "coordinates": [ [ 8.575536608420723, 47.388966410158261 ], [ 8.575433908420644, 47.388898310158254 ], [ 8.575313208420548, 47.388836610158243 ], [ 8.575136208420373, 47.3888293101583 ], [ 8.575077208420321, 47.388818410158308 ], [ 8.574825008420051, 47.388911010158424 ], [ 8.574642708419848, 47.388994510158504 ], [ 8.574408608419585, 47.389097610158608 ], [ 8.574180908419347, 47.389160910158651 ], [ 8.573815008418963, 47.389246210158824 ], [ 8.573571108418756, 47.389169110158861 ], [ 8.573426308418632, 47.389115410158887 ], [ 8.57310270841835, 47.389017610158959 ] ] } },
{ "type": "Feature", "properties": { "edge_id": 73306, "segment_id": "38119edb-6bee-4d92-86ab-1af690d8e62e", "u": "412f2694-c00c-4106-80e7-71fdbe1c4778", "v": "b8411df6-33bf-49a7-8db5-d7c89a62f573", "part": 1, "cls": "track", "subclass": null, "name": "Hüttenkopfstrasse", "length_m": 174.61409010842934, "is_bridge": false, "is_tunnel": false, "is_covered": false, "is_structure": false, "walk_ok": true, "walk_oneway": false, "walk_restricted": false, "walk_sidepath": false, "under_at_m": [ ], "bike_ok": true, "bike_oneway": false, "bike_restricted": false, "bike_facility": "", "low_stress": false, "max_abs_grade": 0.14612296705229272, "elev_min": 486.49853515625, "elev_max": 505.561279296875, "cum_gain_fwd": 19.062744140625, "cum_loss_fwd": -0.0, "net_change_fwd": 19.062744140625, "avg_grade_fwd": 0.10917070978840494, "n_samples": 36, "d_abs_above_3": 174.61408996582031, "d_abs_above_5": 159.64716815948486, "d_abs_above_8": 149.66921997070312, "d_abs_above_10": 134.70229721069336, "d_abs_above_15": 0.0, "grade_reliable": true, "max_abs_grade_reliable": 0.14612296705229272, "shortest_use": 12, "flat_use": 0, "flat_use_per_objective": 0.0, "unavoidability": 0.0, "barrier_score": 3.0618154722936111, "neighborhood": "Schwamendingen-Mitte" }, "geometry": { "type": "LineString", "coordinates": [ [ 8.574027891993619, 47.397363496905179 ], [ 8.574070908416726, 47.397237110161278 ], [ 8.574097108416781, 47.397127810161244 ], [ 8.574152808416944, 47.396787910161109 ], [ 8.574171508416979, 47.396726610161117 ], [ 8.574202908417025, 47.396670110161054 ], [ 8.574245008417085, 47.39661971016104 ], [ 8.574710108417666, 47.396197710160727 ], [ 8.574958408417981, 47.39597411016063 ] ] } },
{ "type": "Feature", "properties": { "edge_id": 62606, "segment_id": "930e3133-8d09-4ead-8d2b-8d6c9d82b95c", "u": "da512150-507e-4fe4-948e-3f801c9d98e3", "v": "7dfc6e88-552e-41a4-8385-90e5bae129ee", "part": 1, "cls": "residential", "subclass": null, "name": "Florhofgasse", "length_m": 45.095743454932332, "is_bridge": false, "is_tunnel": false, "is_covered": false, "is_structure": false, "walk_ok": true, "walk_oneway": false, "walk_restricted": false, "walk_sidepath": true, "under_at_m": [ ], "bike_ok": false, "bike_oneway": false, "bike_restricted": false, "bike_facility": "", "low_stress": true, "max_abs_grade": 0.14082043178661396, "elev_min": 422.61935424804688, "elev_max": 427.58612060546875, "cum_gain_fwd": 4.966766357421875, "cum_loss_fwd": -0.0, "net_change_fwd": 4.966766357421875, "avg_grade_fwd": 0.11013824802930303, "n_samples": 11, "d_abs_above_3": 45.095745086669922, "d_abs_above_5": 45.095745086669922, "d_abs_above_8": 40.586170196533203, "d_abs_above_10": 31.567020416259766, "d_abs_above_15": 0.0, "grade_reliable": true, "max_abs_grade_reliable": 0.14082043178661396, "shortest_use": 48, "flat_use": 41, "flat_use_per_objective": 13.666666666666666, "unavoidability": 0.28472222222222221, "barrier_score": 3.0481929912297319, "neighborhood": "Hochschulen" }, "geometry": { "type": "LineString", "coordinates": [ [ 8.548773653280099, 47.372123383868725 ], [ 8.548773708400013, 47.372123410160576 ], [ 8.548822808400049, 47.372139610160573 ], [ 8.549088108400284, 47.372212510160502 ], [ 8.549116108400312, 47.372212110160532 ], [ 8.549141108400335, 47.37220231016051 ], [ 8.549254908400487, 47.37209111016044 ] ] } },
{ "type": "Feature", "properties": { "edge_id": 58496, "segment_id": "56c17d68-4ad5-418d-84bb-7d21a096a05a", "u": "925e2c1c-8cec-4f0a-83d2-47ae1de0e930", "v": "258ef9b9-68cb-4b3e-9236-3ad74f32d98d", "part": 1, "cls": "residential", "subclass": null, "name": "Biberlinstrasse", "length_m": 40.769752953076924, "is_bridge": false, "is_tunnel": false, "is_covered": false, "is_structure": false, "walk_ok": true, "walk_oneway": false, "walk_restricted": false, "walk_sidepath": false, "under_at_m": [ ], "bike_ok": true, "bike_oneway": false, "bike_restricted": false, "bike_facility": "", "low_stress": true, "max_abs_grade": 0.1433256972259383, "elev_min": 509.53994750976562, "elev_max": 514.97698974609375, "cum_gain_fwd": 5.437042236328125, "cum_loss_fwd": -0.0, "net_change_fwd": 5.437042236328125, "avg_grade_fwd": 0.13335970670909861, "n_samples": 10, "d_abs_above_3": 40.769752502441406, "d_abs_above_5": 40.769752502441406, "d_abs_above_8": 40.769752502441406, "d_abs_above_10": 40.769752502441406, "d_abs_above_15": 0.0, "grade_reliable": true, "max_abs_grade_reliable": 0.1433256972259383, "shortest_use": 52, "flat_use": 121, "flat_use_per_objective": 40.333333333333336, "unavoidability": 0.77564102564102566, "barrier_score": 3.0385436992190837, "neighborhood": "Hirslanden" }, "geometry": { "type": "LineString", "coordinates": [ [ 8.571649433167481, 47.364082193410347 ], [ 8.571652408424695, 47.364083410151352 ], [ 8.57167540842471, 47.364093610151372 ], [ 8.572099308425063, 47.36428431015127 ], [ 8.572099625520721, 47.364284440593913 ] ] } },
{ "type": "Feature", "properties": { "edge_id": 59664, "segment_id": "d5cc0180-3518-4d53-b459-6291e85acf9c", "u": "6a0b921a-5611-4c1f-be7d-66907eb155bc", "v": "88fcdb3d-8e7f-4c15-af3b-2bea08826a65", "part": 1, "cls": "residential", "subclass": null, "name": "Dolderstrasse", "length_m": 183.71709964838047, "is_bridge": false, "is_tunnel": false, "is_covered": false, "is_structure": false, "walk_ok": true, "walk_oneway": false, "walk_restricted": false, "walk_sidepath": false, "under_at_m": [ ], "bike_ok": false, "bike_oneway": false, "bike_restricted": true, "bike_facility": "", "low_stress": true, "max_abs_grade": 0.20577268280053365, "elev_min": 483.46014404296875, "elev_max": 509.02493286132812, "cum_gain_fwd": 25.564788818359375, "cum_loss_fwd": -0.0, "net_change_fwd": 25.564788818359375, "avg_grade_fwd": 0.13915301587596898, "n_samples": 38, "d_abs_above_3": 178.75177001953125, "d_abs_above_5": 173.78643798828125, "d_abs_above_8": 163.85578918457031, "d_abs_above_10": 153.92514038085938, "d_abs_above_15": 89.375885009765625, "grade_reliable": true, "max_abs_grade_reliable": 0.20577268280053365, "shortest_use": 8, "flat_use": 68, "flat_use_per_objective": 22.666666666666668, "unavoidability": 1.0, "barrier_score": 3.0243168376784184, "neighborhood": "Hottingen" }, "geometry": { "type": "LineString", "coordinates": [ [ 8.562762502900068, 47.371564674062377 ], [ 8.562767908413758, 47.371564210156343 ], [ 8.562815108413803, 47.371566310156339 ], [ 8.563470108414318, 47.371939210156263 ], [ 8.563702208414513, 47.372040310156244 ], [ 8.563886108414676, 47.372096110156207 ], [ 8.564257608415014, 47.372161910156059 ], [ 8.564748808415466, 47.372251510155984 ], [ 8.564872608415577, 47.372270510155985 ], [ 8.564899508415607, 47.372273010155958 ], [ 8.564900751504553, 47.372272679295783 ] ] } },
{ "type": "Feature", "properties": { "edge_id": 73325, "segment_id": "6fb88459-082d-4015-8e90-ef4a615e589e", "u": "1d7399b3-a4f8-4c6e-916e-ddc2aa2308f7", "v": "f5bdfc79-fe36-471c-8f8a-c6cf058f2fe3", "part": 0, "cls": "track", "subclass": null, "name": "Brandbachweg", "length_m": 101.51808103405182, "is_bridge": false, "is_tunnel": false, "is_covered": false, "is_structure": false, "walk_ok": true, "walk_oneway": false, "walk_restricted": false, "walk_sidepath": false, "under_at_m": [ ], "bike_ok": true, "bike_oneway": false, "bike_restricted": false, "bike_facility": "", "low_stress": false, "max_abs_grade": 0.13509514659638353, "elev_min": 521.75152587890625, "elev_max": 534.4461669921875, "cum_gain_fwd": 12.69464111328125, "cum_loss_fwd": -0.0, "net_change_fwd": 12.69464111328125, "avg_grade_fwd": 0.12504807917044247, "n_samples": 22, "d_abs_above_3": 101.51808166503906, "d_abs_above_5": 101.51808166503906, "d_abs_above_8": 101.51808166503906, "d_abs_above_10": 101.51808166503906, "d_abs_above_15": 0.0, "grade_reliable": true, "max_abs_grade_reliable": 0.13509514659638353, "shortest_use": 22, "flat_use": 0, "flat_use_per_objective": 0.0, "unavoidability": 0.0, "barrier_score": 3.01721200868533, "neighborhood": "Schwamendingen-Mitte" }, "geometry": { "type": "LineString", "coordinates": [ [ 8.576225808419689, 47.394413510159751 ], [ 8.575821708419339, 47.394287610159871 ], [ 8.574995820602677, 47.394044673167542 ] ] } },
{ "type": "Feature", "properties": { "edge_id": 74910, "segment_id": "0276e9ab-843c-439b-94d6-da68b57c2ad2", "u": "6df79a0b-36b0-4bff-91be-9620abd1a0e0", "v": "b2f8c8b2-0515-4995-9fc7-32d1f4c2ef82", "part": 4, "cls": "track", "subclass": null, "name": "Sagentobelweg", "length_m": 255.14081459704627, "is_bridge": false, "is_tunnel": false, "is_covered": false, "is_structure": false, "walk_ok": true, "walk_oneway": false, "walk_restricted": false, "walk_sidepath": false, "under_at_m": [ ], "bike_ok": true, "bike_oneway": false, "bike_restricted": false, "bike_facility": "", "low_stress": false, "max_abs_grade": 0.11819403152172561, "elev_min": 481.41983032226562, "elev_max": 498.66397094726562, "cum_gain_fwd": 17.244140625, "cum_loss_fwd": -0.0, "net_change_fwd": 17.244140625, "avg_grade_fwd": 0.067586760240532395, "n_samples": 53, "d_abs_above_3": 215.88836669921875, "d_abs_above_5": 181.5424919128418, "d_abs_above_8": 88.317965507507324, "d_abs_above_10": 34.345874786376953, "d_abs_above_15": 0.0, "grade_reliable": true, "max_abs_grade_reliable": 0.11819403152172561, "shortest_use": 10, "flat_use": 0, "flat_use_per_objective": 0.0, "unavoidability": 0.0, "barrier_score": 3.0156121482962037, "neighborhood": null }, "geometry": { "type": "LineString", "coordinates": [ [ 8.586516981245394, 47.392367033142413 ], [ 8.586393008430178, 47.392312710156126 ], [ 8.58636890843016, 47.392301810156155 ], [ 8.586347708430148, 47.392292810156107 ], [ 8.58630550843011, 47.392274310156175 ], [ 8.586128408429962, 47.392187910156188 ], [ 8.585853108429736, 47.39203801015617 ], [ 8.585643408429579, 47.391917410156225 ], [ 8.585561408429518, 47.391863310156232 ], [ 8.585499708429467, 47.391813910156202 ], [ 8.585436908429427, 47.391752010156232 ], [ 8.585376408429399, 47.391675410156211 ], [ 8.585328408429376, 47.391608010156226 ], [ 8.585292308429356, 47.39154401015621 ], [ 8.585250908429353, 47.391421010156193 ], [ 8.585203808429354, 47.391265410156109 ], [ 8.585152608429395, 47.390985610156065 ], [ 8.585079008429425, 47.390663810155971 ], [ 8.585054208429417, 47.390610010155982 ], [ 8.585019408429403, 47.390552310156032 ], [ 8.584949638448991, 47.390475475625465 ] ] } },
{ "type": "Feature", "properties": { "edge_id": 67387, "segment_id": "2ac7a983-006b-436c-a7ae-b12feabf2efe", "u": "2e19f3c0-4fdb-466d-9f41-4f9856f2b151", "v": "ddfb6ff1-d350-4223-a402-f79ba4f6ade5", "part": 2, "cls": "residential", "subclass": null, "name": "Hinterbergstrasse", "length_m": 75.894367827916284, "is_bridge": false, "is_tunnel": false, "is_covered": false, "is_structure": false, "walk_ok": true, "walk_oneway": false, "walk_restricted": false, "walk_sidepath": false, "under_at_m": [ ], "bike_ok": true, "bike_oneway": false, "bike_restricted": false, "bike_facility": "", "low_stress": true, "max_abs_grade": 0.19537845558543762, "elev_min": 570.94744873046875, "elev_max": 584.46502685546875, "cum_gain_fwd": 13.517578125, "cum_loss_fwd": -0.0, "net_change_fwd": 13.517578125, "avg_grade_fwd": 0.17811041769057082, "n_samples": 17, "d_abs_above_3": 75.894371032714844, "d_abs_above_5": 75.894371032714844, "d_abs_above_8": 75.894371032714844, "d_abs_above_10": 75.894371032714844, "d_abs_above_15": 75.894371032714844, "grade_reliable": true, "max_abs_grade_reliable": 0.19537845558543762, "shortest_use": 20, "flat_use": 9, "flat_use_per_objective": 3.0, "unavoidability": 0.15, "barrier_score": 2.965624874770282, "neighborhood": "Fluntern" }, "geometry": { "type": "LineString", "coordinates": [ [ 8.557406325652128, 47.383656005840763 ], [ 8.557407508404808, 47.383665310161739 ], [ 8.557422908404789, 47.383771810161839 ], [ 8.557480108404784, 47.383944410161867 ], [ 8.557607908404822, 47.384233210161916 ], [ 8.557625808404834, 47.384263610161902 ], [ 8.557645508404844, 47.384287210161922 ], [ 8.557670608404857, 47.384309310161932 ] ] } },
{ "type": "Feature", "properties": { "edge_id": 80042, "segment_id": "2ad7cffd-9a94-4694-9425-0da20f45f932", "u": "73eed1bc-430c-4f25-a035-686133e5768d", "v": "e62b5dba-4f20-4845-bada-4aea9486a27e", "part": 1, "cls": "residential", "subclass": null, "name": "Michelstrasse", "length_m": 50.479999950286782, "is_bridge": false, "is_tunnel": false, "is_covered": false, "is_structure": false, "walk_ok": true, "walk_oneway": false, "walk_restricted": false, "walk_sidepath": false, "under_at_m": [ ], "bike_ok": true, "bike_oneway": false, "bike_restricted": false, "bike_facility": "", "low_stress": true, "max_abs_grade": 0.11269132329678314, "elev_min": 468.64703369140625, "elev_max": 472.87664794921875, "cum_gain_fwd": 4.2296142578125, "cum_loss_fwd": -0.0, "net_change_fwd": 4.2296142578125, "avg_grade_fwd": 0.083787921873367019, "n_samples": 12, "d_abs_above_3": 50.479999542236328, "d_abs_above_5": 45.890908718109131, "d_abs_above_8": 27.5345458984375, "d_abs_above_10": 13.76727294921875, "d_abs_above_15": 0.0, "grade_reliable": true, "max_abs_grade_reliable": 0.11269132329678314, "shortest_use": 52, "flat_use": 104, "flat_use_per_objective": 34.666666666666664, "unavoidability": 0.66666666666666663, "barrier_score": 2.9581021570980695, "neighborhood": "Höngg" }, "geometry": { "type": "LineString", "coordinates": [ [ 8.496130363070929, 47.404121520700187 ], [ 8.495926408338702, 47.404233710186126 ], [ 8.495704508338447, 47.404371010186225 ], [ 8.495642429653948, 47.404429365261137 ] ] } },
{ "type": "Feature", "properties": { "edge_id": 65491, "segment_id": "2277abba-dd19-42b5-bfda-588f6d8aa6cb", "u": "93647027-5a11-43bb-b42c-1c5d9b2c582f", "v": "a89eeae7-fd2a-4880-9bab-0399c7762f5f", "part": 0, "cls": "footway", "subclass": null, "name": "Weinbergfussweg", "length_m": 38.173917855011624, "is_bridge": false, "is_tunnel": true, "is_covered": false, "is_structure": true, "walk_ok": true, "walk_oneway": false, "walk_restricted": false, "walk_sidepath": false, "under_at_m": [ ], "bike_ok": false, "bike_oneway": false, "bike_restricted": false, "bike_facility": "", "low_stress": false, "max_abs_grade": 0.20347862200569078, "elev_min": 447.52923583984375, "elev_max": 455.29656982421875, "cum_gain_fwd": 7.767333984375, "cum_loss_fwd": -0.0, "net_change_fwd": 7.767333984375, "avg_grade_fwd": 0.20347226719045666, "n_samples": 9, "d_abs_above_3": 38.173919677734375, "d_abs_above_5": 38.173919677734375, "d_abs_above_8": 38.173919677734375, "d_abs_above_10": 38.173919677734375, "d_abs_above_15": 38.173919677734375, "grade_reliable": true, "max_abs_grade_reliable": 0.20347862200569078, "shortest_use": 38, "flat_use": 6, "flat_use_per_objective": 2.0, "unavoidability": 0.052631578947368418, "barrier_score": 2.9516789566445563, "neighborhood": "Oberstrass" }, "geometry": { "type": "LineString", "coordinates": [ [ 8.545913608394933, 47.379543110163802 ], [ 8.546360130741496, 47.379704046133597 ] ] } },
{ "type": "Feature", "properties": { "edge_id": 41526, "segment_id": "20959872-f98a-47e9-9f12-6dade76acde1", "u": "96e30359-981c-4dcc-a6d0-a45095045d7a", "v": "720fe208-53d5-425d-a889-9c9a4eae6214", "part": 0, "cls": "footway", "subclass": null, "name": null, "length_m": 21.282528357579068, "is_bridge": false, "is_tunnel": false, "is_covered": false, "is_structure": false, "walk_ok": true, "walk_oneway": false, "walk_restricted": false, "walk_sidepath": false, "under_at_m": [ ], "bike_ok": true, "bike_oneway": false, "bike_restricted": false, "bike_facility": "shared_path", "low_stress": true, "max_abs_grade": 0.27506293312559327, "elev_min": 402.20733642578125, "elev_max": 406.5308837890625, "cum_gain_fwd": 4.32354736328125, "cum_loss_fwd": -0.0, "net_change_fwd": 4.32354736328125, "avg_grade_fwd": 0.20315008530965731, "n_samples": 6, "d_abs_above_3": 21.282527923583984, "d_abs_above_5": 21.282527923583984, "d_abs_above_8": 21.282527923583984, "d_abs_above_10": 21.282527923583984, "d_abs_above_15": 17.026021957397461, "grade_reliable": true, "max_abs_grade_reliable": 0.27506293312559327, "shortest_use": 50, "flat_use": 0, "flat_use_per_objective": 0.0, "unavoidability": 0.0, "barrier_score": 2.9270173371821566, "neighborhood": "Wipkingen" }, "geometry": { "type": "LineString", "coordinates": [ [ 8.523850708369691, 47.391856010174088 ], [ 8.523997308369784, 47.392009210174116 ], [ 8.524004558153852, 47.392016401882429 ] ] } },
{ "type": "Feature", "properties": { "edge_id": 68747, "segment_id": "07ec40d6-0434-4a5a-83d9-ab28fc7f4aca", "u": "e9822f03-ab02-4fb5-bc04-8922fc152dd6", "v": "2913138d-2344-44f2-b4f5-019e2fb57f65", "part": 1, "cls": "residential", "subclass": null, "name": "Schindlerstrasse", "length_m": 40.789671186606618, "is_bridge": false, "is_tunnel": false, "is_covered": false, "is_structure": false, "walk_ok": true, "walk_oneway": true, "walk_restricted": false, "walk_sidepath": false, "under_at_m": [ ], "bike_ok": true, "bike_oneway": true, "bike_restricted": false, "bike_facility": "", "low_stress": true, "max_abs_grade": 0.10461204375107841, "elev_min": 442.300048828125, "elev_max": 446.1156005859375, "cum_gain_fwd": 0.0, "cum_loss_fwd": 3.8155517578125, "net_change_fwd": -3.8155517578125, "avg_grade_fwd": -0.093542102475243083, "n_samples": 10, "d_abs_above_3": 40.7896728515625, "d_abs_above_5": 40.7896728515625, "d_abs_above_8": 36.257487297058105, "d_abs_above_10": 9.0643711090087891, "d_abs_above_15": 0.0, "grade_reliable": true, "max_abs_grade_reliable": 0.10461204375107841, "shortest_use": 68, "flat_use": 52, "flat_use_per_objective": 17.333333333333332, "unavoidability": 0.25490196078431371, "barrier_score": 2.9016217894004677, "neighborhood": "Unterstrass" }, "geometry": { "type": "LineString", "coordinates": [ [ 8.538742691657985, 47.389275370690847 ], [ 8.53870850838493, 47.389254610168997 ], [ 8.538278108384562, 47.389090910169067 ], [ 8.538277181488558, 47.389090558304552 ] ] } },
{ "type": "Feature", "properties": { "edge_id": 32343, "segment_id": "40accc21-a40e-4fee-8741-7aab85358921", "u": "4f62169a-02bd-4b98-b169-77f9a8c03db5", "v": "5a1941c7-86fc-4ad2-bb80-0e4160422d41", "part": 0, "cls": "footway", "subclass": null, "name": "Am Wettingertobel", "length_m": 71.090348626400228, "is_bridge": false, "is_tunnel": false, "is_covered": false, "is_structure": false, "walk_ok": true, "walk_oneway": false, "walk_restricted": false, "walk_sidepath": false, "under_at_m": [ ], "bike_ok": false, "bike_oneway": false, "bike_restricted": false, "bike_facility": "", "low_stress": false, "max_abs_grade": 0.20388379209815888, "elev_min": 418.25210571289062, "elev_max": 431.92193603515625, "cum_gain_fwd": 13.669830322265625, "cum_loss_fwd": -0.0, "net_change_fwd": 13.669830322265625, "avg_grade_fwd": 0.19228813535675321, "n_samples": 16, "d_abs_above_3": 71.090347290039062, "d_abs_above_5": 71.090347290039062, "d_abs_above_8": 71.090347290039062, "d_abs_above_10": 71.090347290039062, "d_abs_above_15": 71.090347290039062, "grade_reliable": true, "max_abs_grade_reliable": 0.20388379209815888, "shortest_use": 20, "flat_use": 0, "flat_use_per_objective": 0.0, "unavoidability": 0.0, "barrier_score": 2.8988339719061234, "neighborhood": "Höngg" }, "geometry": { "type": "LineString", "coordinates": [ [ 8.494666608338559, 47.400736610185383 ], [ 8.494713508338579, 47.400805210185389 ], [ 8.494762508338614, 47.400857610185369 ], [ 8.494818808338653, 47.400906810185361 ], [ 8.494940208338749, 47.400986310185388 ], [ 8.495076308338859, 47.401064810185346 ], [ 8.495300308339043, 47.401177310185318 ], [ 8.495317837448413, 47.40118552137708 ] ] } },
{ "type": "Feature", "properties": { "edge_id": 59872, "segment_id": "986da85c-5eb6-40fe-bf96-54cf5d06330d", "u": "5f5e8705-a655-4414-a420-bad9c50b9428", "v": "1bc880ea-600e-4f08-b114-fcc3d12de668", "part": 3, "cls": "residential", "subclass": null, "name": "Kurhausstrasse", "length_m": 49.44394325231, "is_bridge": false, "is_tunnel": false, "is_covered": false, "is_structure": false, "walk_ok": true, "walk_oneway": true, "walk_restricted": false, "walk_sidepath": false, "under_at_m": [ ], "bike_ok": true, "bike_oneway": true, "bike_restricted": false, "bike_facility": "", "low_stress": true, "max_abs_grade": 0.10103819523069783, "elev_min": 526.4534912109375, "elev_max": 530.619873046875, "cum_gain_fwd": 0.0, "cum_loss_fwd": 4.1663818359375, "net_change_fwd": -4.1663818359375, "avg_grade_fwd": -0.084264756836686189, "n_samples": 11, "d_abs_above_3": 49.443943023681641, "d_abs_above_5": 49.443943023681641, "d_abs_above_8": 34.610759735107422, "d_abs_above_10": 4.9443950653076172, "d_abs_above_15": 0.0, "grade_reliable": true, "max_abs_grade_reliable": 0.10103819523069783, "shortest_use": 58, "flat_use": 40, "flat_use_per_objective": 13.333333333333334, "unavoidability": 0.22988505747126436, "barrier_score": 2.8975215389554165, "neighborhood": "Hottingen" }, "geometry": { "type": "LineString", "coordinates": [ [ 8.56708749070471, 47.374491851956002 ], [ 8.567065408417008, 47.374523610156068 ], [ 8.566859108416706, 47.374849610156197 ], [ 8.566800108416642, 47.374874410156224 ], [ 8.566789257934699, 47.37487631746751 ] ] } },
{ "type": "Feature", "properties": { "edge_id": 58540, "segment_id": "9bfb6cd7-a85b-4e72-b26b-7588c0d9ef14", "u": "63e75930-8caf-49ee-bb86-c15a6ac2b879", "v": "c81e7114-c1e6-40a4-b41a-77c2d5abbfab", "part": 0, "cls": "track", "subclass": null, "name": "Kapfsteig", "length_m": 213.77598584772062, "is_bridge": false, "is_tunnel": false, "is_covered": false, "is_structure": false, "walk_ok": true, "walk_oneway": false, "walk_restricted": false, "walk_sidepath": false, "under_at_m": [ ], "bike_ok": true, "bike_oneway": false, "bike_restricted": false, "bike_facility": "", "low_stress": false, "max_abs_grade": 0.16933587875290809, "elev_min": 517.91033935546875, "elev_max": 540.7213134765625, "cum_gain_fwd": 22.81097412109375, "cum_loss_fwd": -0.0, "net_change_fwd": 22.81097412109375, "avg_grade_fwd": 0.10670503538787909, "n_samples": 44, "d_abs_above_3": 213.77598571777344, "d_abs_above_5": 193.88985061645508, "d_abs_above_8": 164.06063842773438, "d_abs_above_10": 124.28835964202881, "d_abs_above_15": 29.829208374023438, "grade_reliable": true, "max_abs_grade_reliable": 0.16933587875290809, "shortest_use": 8, "flat_use": 0, "flat_use_per_objective": 0.0, "unavoidability": 0.0, "barrier_score": 2.895995553583441, "neighborhood": "Hirslanden" }, "geometry": { "type": "LineString", "coordinates": [ [ 8.574093908427232, 47.36352541015043 ], [ 8.574113908427242, 47.363550310150423 ], [ 8.574242908427264, 47.36387151015051 ], [ 8.574292508427275, 47.364007110150538 ], [ 8.574423908427336, 47.364215510150565 ], [ 8.574492808427385, 47.364277310150598 ], [ 8.574684208427476, 47.364564710150617 ], [ 8.574888508427566, 47.364925110150672 ], [ 8.575024608427638, 47.365119310150718 ], [ 8.575183108427737, 47.365288710150715 ] ] } },
{ "type": "Feature", "properties": { "edge_id": 38984, "segment_id": "51c1d6a3-42e6-4b51-82e4-b07ddf87ffda", "u": "7ecf05f2-7dc4-49f0-a5c8-6e9f1439228e", "v": "bd67e7f0-5357-4da5-b748-81876fe8d479", "part": 0, "cls": "primary", "subclass": null, "name": "Rosengartenstrasse", "length_m": 65.42680502904922, "is_bridge": false, "is_tunnel": false, "is_covered": false, "is_structure": false, "walk_ok": true, "walk_oneway": true, "walk_restricted": false, "walk_sidepath": true, "under_at_m": [ ], "bike_ok": true, "bike_oneway": true, "bike_restricted": false, "bike_facility": "", "low_stress": false, "max_abs_grade": 0.10172648681034602, "elev_min": 416.51699829101562, "elev_max": 423.12322998046875, "cum_gain_fwd": 0.0, "cum_loss_fwd": 6.606231689453125, "net_change_fwd": -6.606231689453125, "avg_grade_fwd": -0.10097133479064259, "n_samples": 15, "d_abs_above_3": 65.426803588867188, "d_abs_above_5": 65.426803588867188, "d_abs_above_8": 65.426803588867188, "d_abs_above_10": 65.426803588867188, "d_abs_above_15": 0.0, "grade_reliable": true, "max_abs_grade_reliable": 0.10172648681034602, "shortest_use": 42, "flat_use": 70, "flat_use_per_objective": 23.333333333333332, "unavoidability": 0.55555555555555558, "barrier_score": 2.7953683879088755, "neighborhood": "Wipkingen" }, "geometry": { "type": "LineString", "coordinates": [ [ 8.525112708370202, 47.394176010174469 ], [ 8.524799108370024, 47.393761310174433 ], [ 8.524716908369976, 47.393652510174462 ] ] } },
{ "type": "Feature", "properties": { "edge_id": 60363, "segment_id": "56d10a3b-41e7-4243-8293-a7ae42184bfe", "u": "75b3d424-220a-4c18-8cb5-89bb2cac0f90", "v": "ef1e8b7a-e157-46f4-b15e-f0adeb899e5c", "part": 1, "cls": "residential", "subclass": null, "name": "Zürichbergstrasse", "length_m": 92.671180509714475, "is_bridge": false, "is_tunnel": false, "is_covered": false, "is_structure": false, "walk_ok": true, "walk_oneway": true, "walk_restricted": false, "walk_sidepath": false, "under_at_m": [ ], "bike_ok": true, "bike_oneway": true, "bike_restricted": false, "bike_facility": "", "low_stress": true, "max_abs_grade": 0.12533816574364398, "elev_min": 584.8758544921875, "elev_max": 594.1771240234375, "cum_gain_fwd": 0.0, "cum_loss_fwd": 9.30126953125, "net_change_fwd": -9.30126953125, "avg_grade_fwd": -0.10036852296984909, "n_samples": 20, "d_abs_above_3": 92.671180725097656, "d_abs_above_5": 92.671180725097656, "d_abs_above_8": 92.671180725097656, "d_abs_above_10": 34.142013072967529, "d_abs_above_15": 0.0, "grade_reliable": true, "max_abs_grade_reliable": 0.12533816574364398, "shortest_use": 24, "flat_use": 54, "flat_use_per_objective": 18.0, "unavoidability": 0.75, "barrier_score": 2.7876565877725783, "neighborhood": "Fluntern" }, "geometry": { "type": "LineString", "coordinates": [ [ 8.567318540145564, 47.380407893009036 ], [ 8.567317508415423, 47.380407710157861 ], [ 8.566640808414801, 47.380287810158052 ], [ 8.566207408414408, 47.380205510158127 ], [ 8.566134572324321, 47.380189141524319 ] ] } },
{ "type": "Feature", "properties": { "edge_id": 73558, "segment_id": "8ed2060f-a05d-43c6-9f1a-8eaf49876863", "u": "3e55d46e-6647-4e26-bd4b-91c8bcc14b4a", "v": "4ee634a7-d97f-4898-b147-bb36c820a5ec", "part": 0, "cls": "track", "subclass": null, "name": "Zooweg", "length_m": 248.52799418228048, "is_bridge": false, "is_tunnel": false, "is_covered": false, "is_structure": false, "walk_ok": true, "walk_oneway": false, "walk_restricted": false, "walk_sidepath": false, "under_at_m": [ ], "bike_ok": true, "bike_oneway": false, "bike_restricted": false, "bike_facility": "", "low_stress": false, "max_abs_grade": 0.18667018673772298, "elev_min": 525.4840087890625, "elev_max": 554.62060546875, "cum_gain_fwd": 29.1365966796875, "cum_loss_fwd": -0.0, "net_change_fwd": 29.1365966796875, "avg_grade_fwd": 0.11723667632620316, "n_samples": 51, "d_abs_above_3": 248.52799987792969, "d_abs_above_5": 248.52799987792969, "d_abs_above_8": 218.70463562011719, "d_abs_above_10": 183.91072273254395, "d_abs_above_15": 54.6761474609375, "grade_reliable": true, "max_abs_grade_reliable": 0.18667018673772298, "shortest_use": 6, "flat_use": 0, "flat_use_per_objective": 0.0, "unavoidability": 0.0, "barrier_score": 2.7835660250134815, "neighborhood": "Schwamendingen-Mitte" }, "geometry": { "type": "LineString", "coordinates": [ [ 8.576920308420551, 47.393796310159381 ], [ 8.576732008420537, 47.393263110159261 ], [ 8.57650610842053, 47.392596510159152 ], [ 8.576396708420504, 47.392329110159054 ], [ 8.576343208420518, 47.392113910158969 ], [ 8.576319708420518, 47.392041210159 ], [ 8.576230508420482, 47.391884010158932 ], [ 8.576167508420447, 47.391785210158972 ], [ 8.576063943223033, 47.391645249192202 ] ] } },
{ "type": "Feature", "properties": { "edge_id": 63921, "segment_id": "3234384c-0bd7-44a5-8224-f831fb6be536", "u": "46ad3fe7-4928-40d6-b7bd-6358d4c5b1a0", "v": "15a0f401-7694-43d1-b6bc-0de6909b5c4f", "part": 3, "cls": "pedestrian", "subclass": null, "name": "Glockengasse", "length_m": 41.848046206648277, "is_bridge": false, "is_tunnel": false, "is_covered": false, "is_structure": false, "walk_ok": true, "walk_oneway": false, "walk_restricted": false, "walk_sidepath": false, "under_at_m": [ ], "bike_ok": false, "bike_oneway": false, "bike_restricted": false, "bike_facility": "car_free_street", "low_stress": true, "max_abs_grade": 0.15806227192775196, "elev_min": 413.22116088867188, "elev_max": 416.87124633789062, "cum_gain_fwd": 0.0, "cum_loss_fwd": 3.65008544921875, "net_change_fwd": -3.65008544921875, "avg_grade_fwd": -0.087222364121611481, "n_samples": 10, "d_abs_above_3": 37.198262214660645, "d_abs_above_5": 32.548479080200195, "d_abs_above_8": 27.898696899414062, "d_abs_above_10": 18.599130630493164, "d_abs_above_15": 4.6497802734375, "grade_reliable": true, "max_abs_grade_reliable": 0.15806227192775196, "shortest_use": 42, "flat_use": 0, "flat_use_per_objective": 0.0, "unavoidability": 0.0, "barrier_score": 2.7781308488473546, "neighborhood": "Lindenhof" }, "geometry": { "type": "LineString", "coordinates": [ [ 8.540364961924322, 47.371975863251393 ], [ 8.540919008392423, 47.371978910162817 ] ] } },
{ "type": "Feature", "properties": { "edge_id": 58210, "segment_id": "c1943f46-4940-403d-8831-c0e269ba4aa4", "u": "70fb3718-ba78-4e32-9eca-60e933a3c05c", "v": "b6a5c1cf-febd-4acc-a91c-70649afec455", "part": 3, "cls": "residential", "subclass": null, "name": "Waserstrasse", "length_m": 46.864969421907752, "is_bridge": false, "is_tunnel": false, "is_covered": false, "is_structure": false, "walk_ok": true, "walk_oneway": false, "walk_restricted": false, "walk_sidepath": false, "under_at_m": [ ], "bike_ok": true, "bike_oneway": false, "bike_restricted": false, "bike_facility": "", "low_stress": true, "max_abs_grade": 0.15391311903648017, "elev_min": 552.58721923828125, "elev_max": 559.62921142578125, "cum_gain_fwd": 7.0419921875, "cum_loss_fwd": -0.0, "net_change_fwd": 7.0419921875, "avg_grade_fwd": 0.15026131485976288, "n_samples": 11, "d_abs_above_3": 46.864971160888672, "d_abs_above_5": 46.864971160888672, "d_abs_above_8": 46.864971160888672, "d_abs_above_10": 46.864971160888672, "d_abs_above_15": 28.118980407714844, "grade_reliable": true, "max_abs_grade_reliable": 0.15391311903648017, "shortest_use": 38, "flat_use": 81, "flat_use_per_objective": 27.0, "unavoidability": 0.71052631578947367, "barrier_score": 2.7409907745645343, "neighborhood": "Witikon" }, "geometry": { "type": "LineString", "coordinates": [ [ 8.58190973255982, 47.358355974479551 ], [ 8.581916108436419, 47.358357110146542 ], [ 8.582018708436507, 47.358369610146525 ], [ 8.582113108436607, 47.358368110146465 ], [ 8.582422108436912, 47.35833041014638 ], [ 8.582522461135863, 47.358321879249615 ] ] } },
{ "type": "Feature", "properties": { "edge_id": 73669, "segment_id": "3ee7e25e-b74d-466b-bdc9-0c685aefb3c2", "u": "53de79e7-6403-45ee-b67c-7330e0349763", "v": "340fe439-df8c-4a53-9b19-f8d0e2deb765", "part": 1, "cls": "track", "subclass": null, "name": "Heubeeriweg", "length_m": 138.00863540602165, "is_bridge": false, "is_tunnel": false, "is_covered": false, "is_structure": false, "walk_ok": true, "walk_oneway": false, "walk_restricted": false, "walk_sidepath": false, "under_at_m": [ ], "bike_ok": true, "bike_oneway": false, "bike_restricted": false, "bike_facility": "", "low_stress": false, "max_abs_grade": 0.19501016290640741, "elev_min": 638.79119873046875, "elev_max": 658.05487060546875, "cum_gain_fwd": 19.263671875, "cum_loss_fwd": -0.0, "net_change_fwd": 19.263671875, "avg_grade_fwd": 0.1395830896318152, "n_samples": 29, "d_abs_above_3": 138.00863647460938, "d_abs_above_5": 138.00863647460938, "d_abs_above_8": 133.07975769042969, "d_abs_above_10": 113.36423492431641, "d_abs_above_15": 69.004318237304688, "grade_reliable": true, "max_abs_grade_reliable": 0.19501016290640741, "shortest_use": 10, "flat_use": 0, "flat_use_per_objective": 0.0, "unavoidability": 0.0, "barrier_score": 2.691308647301927, "neighborhood": "Fluntern" }, "geometry": { "type": "LineString", "coordinates": [ [ 8.566132760791591, 47.38321127312431 ], [ 8.566136108413405, 47.38321471015913 ], [ 8.566867708413772, 47.384318010159234 ], [ 8.566884399662561, 47.384342661607775 ] ] } },
{ "type": "Feature", "properties": { "edge_id": 12810, "segment_id": "c35fe3b1-af71-438c-9cc1-03cbdb734fcb", "u": "c06154ac-a8d7-49ad-9326-0229c5bd1a20", "v": "a8d7babe-fd13-4cf7-a0a9-9d01a6b9dad6", "part": 1, "cls": "residential", "subclass": null, "name": "Kappelistrasse", "length_m": 74.903510313550015, "is_bridge": false, "is_tunnel": false, "is_covered": false, "is_structure": false, "walk_ok": true, "walk_oneway": false, "walk_restricted": false, "walk_sidepath": false, "under_at_m": [ ], "bike_ok": true, "bike_oneway": false, "bike_restricted": false, "bike_facility": "", "low_stress": true, "max_abs_grade": 0.08969669422197861, "elev_min": 418.4486083984375, "elev_max": 423.79769897460938, "cum_gain_fwd": 5.349090576171875, "cum_loss_fwd": -0.0, "net_change_fwd": 5.349090576171875, "avg_grade_fwd": 0.071413081995442343, "n_samples": 16, "d_abs_above_3": 74.903511047363281, "d_abs_above_5": 74.903511047363281, "d_abs_above_8": 14.98070240020752, "d_abs_above_10": 0.0, "d_abs_above_15": 0.0, "grade_reliable": true, "max_abs_grade_reliable": 0.08969669422197861, "shortest_use": 40, "flat_use": 0, "flat_use_per_objective": 0.0, "unavoidability": 0.0, "barrier_score": 2.6874389042989271, "neighborhood": "Enge" }, "geometry": { "type": "LineString", "coordinates": [ [ 8.532250182566836, 47.355660662624643 ], [ 8.532232808389015, 47.355651810160033 ], [ 8.532211108388998, 47.355637310160013 ], [ 8.532195708388993, 47.355617410160022 ], [ 8.532178308389, 47.355549610160033 ], [ 8.532123808389111, 47.35501531015985 ], [ 8.532123315378868, 47.355003936528099 ] ] } },
{ "type": "Feature", "properties": { "edge_id": 73572, "segment_id": "d6b810de-eed0-4228-805e-c6ddd6c05aa6", "u": "1f808d00-20ed-4334-98f9-df5b6bc0a517", "v": "1619d7ab-e106-4b60-9946-b6d25555eb57", "part": 1, "cls": "track", "subclass": null, "name": "Hanslinweg", "length_m": 90.578198473374769, "is_bridge": false, "is_tunnel": false, "is_covered": false, "is_structure": false, "walk_ok": true, "walk_oneway": false, "walk_restricted": false, "walk_sidepath": false, "under_at_m": [ ], "bike_ok": true, "bike_oneway": false, "bike_restricted": false, "bike_facility": "", "low_stress": false, "max_abs_grade": 0.098313841677738378, "elev_min": 641.2515869140625, "elev_max": 647.9669189453125, "cum_gain_fwd": 6.71533203125, "cum_loss_fwd": -0.0, "net_change_fwd": 6.71533203125, "avg_grade_fwd": 0.074138500603001992, "n_samples": 20, "d_abs_above_3": 90.578201293945312, "d_abs_above_5": 76.276374816894531, "d_abs_above_8": 42.905462265014648, "d_abs_above_10": 0.0, "d_abs_above_15": 0.0, "grade_reliable": true, "max_abs_grade_reliable": 0.098313841677738378, "shortest_use": 30, "flat_use": 0, "flat_use_per_objective": 0.0, "unavoidability": 0.0, "barrier_score": 2.6715271992498395, "neighborhood": "Fluntern" }, "geometry": { "type": "LineString", "coordinates": [ [ 8.566641670230032, 47.390192808109852 ], [ 8.565872908411087, 47.389845510161322 ], [ 8.565661208410916, 47.389724910161341 ] ] } },
{ "type": "Feature", "properties": { "edge_id": 68754, "segment_id": "6d015444-8393-4272-a0b9-ab616bfbee2a", "u": "6ae90303-6adb-428d-b008-c16d4a5cb62d", "v": "718c7f86-7890-421a-b814-7449def3b688", "part": 1, "cls": "residential", "subclass": null, "name": "Schindlerstrasse", "length_m": 33.482577276103598, "is_bridge": false, "is_tunnel": false, "is_covered": false, "is_structure": false, "walk_ok": true, "walk_oneway": true, "walk_restricted": false, "walk_sidepath": false, "under_at_m": [ ], "bike_ok": true, "bike_oneway": true, "bike_restricted": false, "bike_facility": "", "low_stress": true, "max_abs_grade": 0.1148869043156758, "elev_min": 437.2447509765625, "elev_max": 440.6619873046875, "cum_gain_fwd": 0.0, "cum_loss_fwd": 3.417236328125, "net_change_fwd": -3.417236328125, "avg_grade_fwd": -0.10206013108651142, "n_samples": 8, "d_abs_above_3": 33.482578277587891, "d_abs_above_5": 33.482578277587891, "d_abs_above_8": 33.482578277587891, "d_abs_above_10": 19.132902145385742, "d_abs_above_15": 0.0, "grade_reliable": true, "max_abs_grade_reliable": 0.1148869043156758, "shortest_use": 68, "flat_use": 52, "flat_use_per_objective": 17.333333333333332, "unavoidability": 0.25490196078431371, "barrier_score": 2.6157625631981158, "neighborhood": "Unterstrass" }, "geometry": { "type": "LineString", "coordinates": [ [ 8.538114603735128, 47.389029408433089 ], [ 8.537726019049941, 47.388884314151682 ] ] } },
{ "type": "Feature", "properties": { "edge_id": 59660, "segment_id": "8635e804-446b-4773-9b6a-0bb19c4f094d", "u": "a9db6a1e-821b-4cab-abfa-f1da49ce9c65", "v": "9859885f-da29-4218-acb8-9b70bf22eabb", "part": 0, "cls": "residential", "subclass": null, "name": "Rütistrasse", "length_m": 120.1786265602539, "is_bridge": false, "is_tunnel": false, "is_covered": false, "is_structure": false, "walk_ok": true, "walk_oneway": true, "walk_restricted": false, "walk_sidepath": false, "under_at_m": [ ], "bike_ok": true, "bike_oneway": true, "bike_restricted": false, "bike_facility": "", "low_stress": true, "max_abs_grade": 0.11939379415092932, "elev_min": 496.09234619140625, "elev_max": 508.6436767578125, "cum_gain_fwd": 0.0, "cum_loss_fwd": 12.55133056640625, "net_change_fwd": -12.55133056640625, "avg_grade_fwd": -0.1044389578932981, "n_samples": 26, "d_abs_above_3": 120.17862701416016, "d_abs_above_5": 120.17862701416016, "d_abs_above_8": 120.17862701416016, "d_abs_above_10": 76.914325714111328, "d_abs_above_15": 0.0, "grade_reliable": true, "max_abs_grade_reliable": 0.11939379415092932, "shortest_use": 18, "flat_use": 24, "flat_use_per_objective": 8.0, "unavoidability": 0.44444444444444442, "barrier_score": 2.582744796157745, "neighborhood": "Hottingen" }, "geometry": { "type": "LineString", "coordinates": [ [ 8.56495210841566, 47.372259010155972 ], [ 8.564906508415623, 47.372229610155912 ], [ 8.564837108415576, 47.372169810155938 ], [ 8.564597308415424, 47.371913410155919 ], [ 8.564420808415308, 47.371736210155902 ], [ 8.564052924175105, 47.371368821984213 ] ] } },
{ "type": "Feature", "properties": { "edge_id": 67512, "segment_id": "6a2258f5-2788-45b7-8ad3-61113157e6f2", "u": "8342a05e-24c8-4a45-a55d-836701e36bcd", "v": "7c6e2587-7477-4ad9-851a-10a078825ee4", "part": 1, "cls": "residential", "subclass": null, "name": "Hinterbergstrasse", "length_m": 60.048572751321096, "is_bridge": false, "is_tunnel": false, "is_covered": false, "is_structure": false, "walk_ok": true, "walk_oneway": false, "walk_restricted": false, "walk_sidepath": false, "under_at_m": [ ], "bike_ok": true, "bike_oneway": false, "bike_restricted": false, "bike_facility": "", "low_stress": true, "max_abs_grade": 0.21452255600289047, "elev_min": 593.4825439453125, "elev_max": 605.367431640625, "cum_gain_fwd": 11.8848876953125, "cum_loss_fwd": -0.0, "net_change_fwd": 11.8848876953125, "avg_grade_fwd": 0.19792123596842537, "n_samples": 14, "d_abs_above_3": 60.048572540283203, "d_abs_above_5": 60.048572540283203, "d_abs_above_8": 60.048572540283203, "d_abs_above_10": 60.048572540283203, "d_abs_above_15": 60.048572540283203, "grade_reliable": true, "max_abs_grade_reliable": 0.21452255600289047, "shortest_use": 20, "flat_use": 0, "flat_use_per_objective": 0.0, "unavoidability": 0.0, "barrier_score": 2.5763546621877844, "neighborhood": "Fluntern" }, "geometry": { "type": "LineString", "coordinates": [ [ 8.558058749617906, 47.384566185802889 ], [ 8.558059308405154, 47.384566610161897 ], [ 8.558087908405176, 47.384594810161865 ], [ 8.558583408405537, 47.384971410161867 ], [ 8.558583633760263, 47.38497157843981 ] ] } },
{ "type": "Feature", "properties": { "edge_id": 3719, "segment_id": "d51870b2-5191-46c3-bc63-d0c0b11e24ef", "u": "8ba154a3-de63-4db7-bb4b-ee86d44ea064", "v": "c74cc9df-ef7b-4b6e-91e4-a3a2f399bc63", "part": 3, "cls": "residential", "subclass": null, "name": "Stotzstrasse", "length_m": 29.134223293862046, "is_bridge": false, "is_tunnel": false, "is_covered": false, "is_structure": false, "walk_ok": true, "walk_oneway": false, "walk_restricted": false, "walk_sidepath": false, "under_at_m": [ ], "bike_ok": true, "bike_oneway": false, "bike_restricted": false, "bike_facility": "", "low_stress": true, "max_abs_grade": 0.13320201835404746, "elev_min": 484.86788940429688, "elev_max": 488.50546264648438, "cum_gain_fwd": 3.6375732421875, "cum_loss_fwd": -0.0, "net_change_fwd": 3.6375732421875, "avg_grade_fwd": 0.12485567660666078, "n_samples": 7, "d_abs_above_3": 29.134223937988281, "d_abs_above_5": 29.134223937988281, "d_abs_above_8": 29.134223937988281, "d_abs_above_10": 29.134223937988281, "d_abs_above_15": 0.0, "grade_reliable": true, "max_abs_grade_reliable": 0.13320201835404746, "shortest_use": 66, "flat_use": 198, "flat_use_per_objective": 66.0, "unavoidability": 1.0, "barrier_score": 2.5612866483071537, "neighborhood": "Leimbach" }, "geometry": { "type": "LineString", "coordinates": [ [ 8.512693798255764, 47.331589326416321 ], [ 8.51236100837701, 47.331721010157928 ], [ 8.512360672438055, 47.331721143012601 ] ] } },
{ "type": "Feature", "properties": { "edge_id": 72379, "segment_id": "f79b3dfe-8285-4283-b489-2632f07a3b49", "u": "46dfde8b-4462-41ef-a475-f21df2be0d9d", "v": "30d71312-39be-4f45-9c68-dc845dcb2b8b", "part": 1, "cls": "track", "subclass": null, "name": "Strickhofstrasse", "length_m": 70.628899363362109, "is_bridge": false, "is_tunnel": false, "is_covered": false, "is_structure": false, "walk_ok": true, "walk_oneway": false, "walk_restricted": false, "walk_sidepath": false, "under_at_m": [ ], "bike_ok": true, "bike_oneway": false, "bike_restricted": false, "bike_facility": "", "low_stress": false, "max_abs_grade": 0.12083640517527727, "elev_min": 578.52703857421875, "elev_max": 586.11077880859375, "cum_gain_fwd": 0.0, "cum_loss_fwd": 7.583740234375, "net_change_fwd": -7.583740234375, "avg_grade_fwd": -0.10737446544526037, "n_samples": 16, "d_abs_above_3": 70.628898620605469, "d_abs_above_5": 70.628898620605469, "d_abs_above_8": 61.211711883544922, "d_abs_above_10": 56.503118515014648, "d_abs_above_15": 0.0, "grade_reliable": true, "max_abs_grade_reliable": 0.12083640517527727, "shortest_use": 30, "flat_use": 0, "flat_use_per_objective": 0.0, "unavoidability": 0.0, "barrier_score": 2.560362690166532, "neighborhood": "Schwamendingen-Mitte" }, "geometry": { "type": "LineString", "coordinates": [ [ 8.570434370837932, 47.39298716099303 ], [ 8.570461108414552, 47.392981510160986 ], [ 8.570646908414734, 47.392991310160951 ], [ 8.570739508414816, 47.393009010160903 ], [ 8.570823708414894, 47.39303471016089 ], [ 8.570917108414974, 47.393078910160895 ], [ 8.570978408415012, 47.393118610160833 ], [ 8.571027408415047, 47.393171210160872 ], [ 8.571062808415061, 47.393225910160851 ], [ 8.571091908415067, 47.393294710160895 ], [ 8.571099310702209, 47.393327604074393 ] ] } },
{ "type": "Feature", "properties": { "edge_id": 58591, "segment_id": "dac16002-9d3e-4650-ab62-b814746bfe34", "u": "49e0d593-e55f-4598-ad91-318cea45ed99", "v": "636d6a4c-0a91-48a2-918a-40922c718eca", "part": 0, "cls": "path", "subclass": null, "name": null, "length_m": 222.8182743712652, "is_bridge": false, "is_tunnel": false, "is_covered": false, "is_structure": false, "walk_ok": true, "walk_oneway": false, "walk_restricted": false, "walk_sidepath": false, "under_at_m": [ ], "bike_ok": false, "bike_oneway": false, "bike_restricted": false, "bike_facility": "", "low_stress": false, "max_abs_grade": 0.1432345334515655, "elev_min": 560.95965576171875, "elev_max": 577.64093017578125, "cum_gain_fwd": 0.0, "cum_loss_fwd": 16.6812744140625, "net_change_fwd": -16.6812744140625, "avg_grade_fwd": -0.074864931754018357, "n_samples": 46, "d_abs_above_3": 193.10916709899902, "d_abs_above_5": 168.3515739440918, "d_abs_above_8": 89.127304077148438, "d_abs_above_10": 64.369726181030273, "d_abs_above_15": 0.0, "grade_reliable": true, "max_abs_grade_reliable": 0.1432345334515655, "shortest_use": 8, "flat_use": 3, "flat_use_per_objective": 1.0, "unavoidability": 0.125, "barrier_score": 2.5532217259240868, "neighborhood": "Hirslanden" }, "geometry": { "type": "LineString", "coordinates": [ [ 8.578317308430174, 47.367230110150437 ], [ 8.578311808430172, 47.367207010150416 ], [ 8.578227708430134, 47.367078710150416 ], [ 8.578171208430087, 47.367047110150402 ], [ 8.577911208429859, 47.366978210150457 ], [ 8.577768708429739, 47.36692621015051 ], [ 8.57769430842967, 47.366909310150525 ], [ 8.577590908429583, 47.366866310150506 ], [ 8.577523708429519, 47.366852710150525 ], [ 8.577224308429253, 47.366794910150624 ], [ 8.577137408429177, 47.366774910150617 ], [ 8.57695410842901, 47.366711310150627 ], [ 8.576843608428913, 47.366683110150696 ], [ 8.576677208428773, 47.366619110150722 ], [ 8.576459508428597, 47.366507610150784 ], [ 8.576302808428474, 47.366416810150746 ], [ 8.575933908428201, 47.366160010150764 ] ] } },
{ "type": "Feature", "properties": { "edge_id": 3718, "segment_id": "d51870b2-5191-46c3-bc63-d0c0b11e24ef", "u": "3f99fd82-0867-4d81-9ff0-366f44016764", "v": "8ba154a3-de63-4db7-bb4b-ee86d44ea064", "part": 2, "cls": "residential", "subclass": null, "name": "Stotzstrasse", "length_m": 27.84305336169119, "is_bridge": false, "is_tunnel": false, "is_covered": false, "is_structure": false, "walk_ok": true, "walk_oneway": false, "walk_restricted": false, "walk_sidepath": false, "under_at_m": [ ], "bike_ok": true, "bike_oneway": false, "bike_restricted": false, "bike_facility": "", "low_stress": true, "max_abs_grade": 0.13862930317586999, "elev_min": 481.0809326171875, "elev_max": 484.86788940429688, "cum_gain_fwd": 3.786956787109375, "cum_loss_fwd": -0.0, "net_change_fwd": 3.786956787109375, "avg_grade_fwd": 0.13601082740052442, "n_samples": 7, "d_abs_above_3": 27.843053817749023, "d_abs_above_5": 27.843053817749023, "d_abs_above_8": 27.843053817749023, "d_abs_above_10": 27.843053817749023, "d_abs_above_15": 0.0, "grade_reliable": true, "max_abs_grade_reliable": 0.13862930317586999, "shortest_use": 66, "flat_use": 198, "flat_use_per_objective": 66.0, "unavoidability": 1.0, "barrier_score": 2.5475096366410774, "neighborhood": "Leimbach" }, "geometry": { "type": "LineString", "coordinates": [ [ 8.513006933262028, 47.33145743674438 ], [ 8.512695608377379, 47.33158861015783 ], [ 8.512693798255764, 47.331589326416321 ] ] } },
{ "type": "Feature", "properties": { "edge_id": 72637, "segment_id": "d9858e0b-292f-4733-9c2d-bb5370159ef7", "u": "12320c0c-afde-43fa-8597-eb83fad2e643", "v": "4ef9f4ff-698c-4bbd-abcf-0474a381be81", "part": 0, "cls": "track", "subclass": null, "name": null, "length_m": 122.40224663426555, "is_bridge": false, "is_tunnel": false, "is_covered": false, "is_structure": false, "walk_ok": true, "walk_oneway": false, "walk_restricted": false, "walk_sidepath": false, "under_at_m": [ ], "bike_ok": true, "bike_oneway": false, "bike_restricted": false, "bike_facility": "", "low_stress": false, "max_abs_grade": 0.25762448280281625, "elev_min": 474.82424926757812, "elev_max": 497.73684692382812, "cum_gain_fwd": 22.91259765625, "cum_loss_fwd": -0.0, "net_change_fwd": 22.91259765625, "avg_grade_fwd": 0.18719099259282898, "n_samples": 26, "d_abs_above_3": 117.50615692138672, "d_abs_above_5": 117.50615692138672, "d_abs_above_8": 112.61006927490234, "d_abs_above_10": 107.71397399902344, "d_abs_above_15": 97.921798706054688, "grade_reliable": true, "max_abs_grade_reliable": 0.25762448280281625, "shortest_use": 8, "flat_use": 0, "flat_use_per_objective": 0.0, "unavoidability": 0.0, "barrier_score": 2.5227052386444333, "neighborhood": "Schwamendingen-Mitte" }, "geometry": { "type": "LineString", "coordinates": [ [ 8.568515708410247, 47.400752410163975 ], [ 8.568548408410306, 47.400671210163978 ], [ 8.568554008410326, 47.400639410163983 ], [ 8.568545208410324, 47.400608610164007 ], [ 8.568432208410263, 47.400441310163892 ], [ 8.568400108410255, 47.4003654101639 ], [ 8.568390108410266, 47.4003082101639 ], [ 8.56838900841031, 47.400160110163874 ], [ 8.568371008410338, 47.400021210163864 ], [ 8.568375308410372, 47.399911010163819 ], [ 8.56832170841033, 47.399882710163816 ], [ 8.568104708410157, 47.399764610163821 ] ] } },
{ "type": "Feature", "properties": { "edge_id": 39078, "segment_id": "36961503-ddc3-4ec1-ac4a-f8010ff4b50e", "u": "e7a3d051-332e-4d88-b5bf-03d677dfd471", "v": "510b390d-c9ef-4a8b-8707-aeeef168e7dc", "part": 0, "cls": "primary", "subclass": null, "name": "Rosengartenstrasse", "length_m": 49.607391900815131, "is_bridge": false, "is_tunnel": false, "is_covered": false, "is_structure": false, "walk_ok": true, "walk_oneway": true, "walk_restricted": false, "walk_sidepath": true, "under_at_m": [ ], "bike_ok": true, "bike_oneway": true, "bike_restricted": false, "bike_facility": "", "low_stress": false, "max_abs_grade": 0.086316197436536277, "elev_min": 425.08984375, "elev_max": 428.9957275390625, "cum_gain_fwd": 3.9058837890625, "cum_loss_fwd": -0.0, "net_change_fwd": 3.9058837890625, "avg_grade_fwd": 0.078735923865065963, "n_samples": 11, "d_abs_above_3": 49.607391357421875, "d_abs_above_5": 49.607391357421875, "d_abs_above_8": 34.725173950195312, "d_abs_above_10": 0.0, "d_abs_above_15": 0.0, "grade_reliable": true, "max_abs_grade_reliable": 0.086316197436536277, "shortest_use": 58, "flat_use": 156, "flat_use_per_objective": 52.0, "unavoidability": 0.89655172413793105, "barrier_score": 2.4835144315009861, "neighborhood": "Wipkingen" }, "geometry": { "type": "LineString", "coordinates": [ [ 8.525429108370417, 47.39446221017451 ], [ 8.52562660837053, 47.394721210174517 ], [ 8.525728785929864, 47.394859274486343 ] ] } },
{ "type": "Feature", "properties": { "edge_id": 58190, "segment_id": "8a64cdda-14fe-4b00-be8c-46f63d33a0bf", "u": "e8d12f77-79c0-4207-a25c-2bf48a1a7137", "v": "ecb046d6-beba-48f0-952d-559bba9adb5d", "part": 0, "cls": "residential", "subclass": null, "name": "Waserstrasse", "length_m": 61.042742656283913, "is_bridge": false, "is_tunnel": false, "is_covered": false, "is_structure": false, "walk_ok": true, "walk_oneway": false, "walk_restricted": false, "walk_sidepath": false, "under_at_m": [ ], "bike_ok": true, "bike_oneway": false, "bike_restricted": false, "bike_facility": "", "low_stress": true, "max_abs_grade": 0.10661274503730842, "elev_min": 533.07135009765625, "elev_max": 538.9310302734375, "cum_gain_fwd": 5.85968017578125, "cum_loss_fwd": -0.0, "net_change_fwd": 5.85968017578125, "avg_grade_fwd": 0.095993066861875739, "n_samples": 14, "d_abs_above_3": 61.042743682861328, "d_abs_above_5": 61.042743682861328, "d_abs_above_8": 61.042743682861328, "d_abs_above_10": 14.086787223815918, "d_abs_above_15": 0.0, "grade_reliable": true, "max_abs_grade_reliable": 0.10661274503730842, "shortest_use": 38, "flat_use": 81, "flat_use_per_objective": 27.0, "unavoidability": 0.71052631578947367, "barrier_score": 2.4730150564931224, "neighborhood": "Witikon" }, "geometry": { "type": "LineString", "coordinates": [ [ 8.579618408434154, 47.358461710147246 ], [ 8.579975808434522, 47.358390910147072 ], [ 8.580131108434681, 47.358360710147068 ], [ 8.580299508434852, 47.358331410146967 ], [ 8.580393908434948, 47.358322610146949 ], [ 8.580398927510423, 47.35832214793524 ] ] } },
{ "type": "Feature", "properties": { "edge_id": 37538, "segment_id": "f91bf487-2a97-4b8c-8691-e3db938c761a", "u": "21ab5c89-b07e-4fb1-857f-6cf3f816a39b", "v": "ef07709e-0419-47e9-a2e5-13ee76b8f09f", "part": 4, "cls": "unclassified", "subclass": null, "name": "Ottenbergstrasse", "length_m": 299.69479176337416, "is_bridge": false, "is_tunnel": false, "is_covered": false, "is_structure": false, "walk_ok": true, "walk_oneway": false, "walk_restricted": false, "walk_sidepath": false, "under_at_m": [ ], "bike_ok": true, "bike_oneway": false, "bike_restricted": false, "bike_facility": "", "low_stress": false, "max_abs_grade": 0.082218312010459815, "elev_min": 465.99102783203125, "elev_max": 470.49072265625, "cum_gain_fwd": 1.52044677734375, "cum_loss_fwd": 4.49969482421875, "net_change_fwd": -2.979248046875, "avg_grade_fwd": -0.0099409402815506791, "n_samples": 61, "d_abs_above_3": 79.918609619140625, "d_abs_above_5": 39.959320068359375, "d_abs_above_8": 4.99493408203125, "d_abs_above_10": 0.0, "d_abs_above_15": 0.0, "grade_reliable": true, "max_abs_grade_reliable": 0.082218312010459815, "shortest_use": 10, "flat_use": 14, "flat_use_per_objective": 4.666666666666667, "unavoidability": 0.46666666666666667, "barrier_score": 2.4640399897110878, "neighborhood": "Höngg" }, "geometry": { "type": "LineString", "coordinates": [ [ 8.510051817533647, 47.397397740578974 ], [ 8.509923708354426, 47.397439310179962 ], [ 8.509850108354346, 47.397463210179907 ], [ 8.509622308354103, 47.397537110180075 ], [ 8.509180108353627, 47.397680710180225 ], [ 8.508929608353359, 47.397758710180298 ], [ 8.5086884083531, 47.397841710180401 ], [ 8.508534708352933, 47.397902910180463 ], [ 8.508393208352771, 47.397968410180574 ], [ 8.50810200835245, 47.398100010180642 ], [ 8.507147108351376, 47.398558210181079 ], [ 8.506638608350823, 47.398758310181279 ], [ 8.506637251441449, 47.398758618425326 ] ] } },
{ "type": "Feature", "properties": { "edge_id": 72280, "segment_id": "66236335-14d2-4180-8c86-7f0f9363d6a8", "u": "9305ed97-6604-46f2-8de9-d470419d61ee", "v": "73d841a7-6eb4-4e12-b170-b7b64e34832a", "part": 0, "cls": "footway", "subclass": null, "name": null, "length_m": 91.407749256277057, "is_bridge": false, "is_tunnel": false, "is_covered": false, "is_structure": false, "walk_ok": true, "walk_oneway": false, "walk_restricted": false, "walk_sidepath": false, "under_at_m": [ ], "bike_ok": false, "bike_oneway": false, "bike_restricted": false, "bike_facility": "", "low_stress": false, "max_abs_grade": 0.13057211331653659, "elev_min": 496.30465698242188, "elev_max": 506.52316284179688, "cum_gain_fwd": 10.218505859375, "cum_loss_fwd": -0.0, "net_change_fwd": 10.218505859375, "avg_grade_fwd": 0.11179036268851415, "n_samples": 20, "d_abs_above_3": 91.407752990722656, "d_abs_above_5": 91.407752990722656, "d_abs_above_8": 91.407752990722656, "d_abs_above_10": 81.785884857177734, "d_abs_above_15": 0.0, "grade_reliable": true, "max_abs_grade_reliable": 0.13057211331653659, "shortest_use": 20, "flat_use": 6, "flat_use_per_objective": 2.0, "unavoidability": 0.1, "barrier_score": 2.3870605987800344, "neighborhood": "Oberstrass" }, "geometry": { "type": "LineString", "coordinates": [ [ 8.546599308390702, 47.395322510168647 ], [ 8.546627008390752, 47.395248610168615 ], [ 8.546708108390892, 47.395048510168536 ], [ 8.546760408390966, 47.394981010168493 ], [ 8.546847708391073, 47.394893110168397 ], [ 8.546906908391154, 47.394823110168431 ], [ 8.546972508391248, 47.394740410168367 ], [ 8.547088508391393, 47.39462041016828 ], [ 8.547136808391453, 47.394601510168222 ] ] } },
{ "type": "Feature", "properties": { "edge_id": 73749, "segment_id": "77b5dbd9-77ba-46a0-bc57-c88ea9b0c545", "u": "c0f13ac3-ee4c-48fc-bcfe-0a3069d54335", "v": "bc987caa-c4c1-404d-93ae-e4cb94e0afa1", "part": 2, "cls": "residential", "subclass": null, "name": "Hinterbergstrasse", "length_m": 66.873291059687958, "is_bridge": false, "is_tunnel": false, "is_covered": false, "is_structure": false, "walk_ok": true, "walk_oneway": false, "walk_restricted": false, "walk_sidepath": false, "under_at_m": [ ], "bike_ok": true, "bike_oneway": false, "bike_restricted": false, "bike_facility": "", "low_stress": true, "max_abs_grade": 0.17803280095913207, "elev_min": 613.50640869140625, "elev_max": 624.321044921875, "cum_gain_fwd": 10.81463623046875, "cum_loss_fwd": -0.0, "net_change_fwd": 10.81463623046875, "avg_grade_fwd": 0.16171831932036815, "n_samples": 15, "d_abs_above_3": 66.873291015625, "d_abs_above_5": 66.873291015625, "d_abs_above_8": 66.873291015625, "d_abs_above_10": 66.873291015625, "d_abs_above_15": 66.873291015625, "grade_reliable": true, "max_abs_grade_reliable": 0.17803280095913207, "shortest_use": 20, "flat_use": 0, "flat_use_per_objective": 0.0, "unavoidability": 0.0, "barrier_score": 2.3811278633423067, "neighborhood": "Fluntern" }, "geometry": { "type": "LineString", "coordinates": [ [ 8.558966893969794, 47.385254391558995 ], [ 8.559570208406271, 47.385694710161822 ] ] } },
{ "type": "Feature", "properties": { "edge_id": 73758, "segment_id": "8d8fc3b7-e7f2-424c-8717-5810ba6c8643", "u": "bb72f944-d577-487a-98c6-830409bca1af", "v": "1bf80ac6-49c5-4d51-9226-7f4d2bfeafdb", "part": 1, "cls": "residential", "subclass": null, "name": "Schlösslistrasse", "length_m": 131.89165846117601, "is_bridge": false, "is_tunnel": false, "is_covered": false, "is_structure": false, "walk_ok": true, "walk_oneway": false, "walk_restricted": false, "walk_sidepath": false, "under_at_m": [ ], "bike_ok": true, "bike_oneway": false, "bike_restricted": false, "bike_facility": "", "low_stress": true, "max_abs_grade": 0.1500115966610987, "elev_min": 598.153076171875, "elev_max": 611.0262451171875, "cum_gain_fwd": 12.8731689453125, "cum_loss_fwd": -0.0, "net_change_fwd": 12.8731689453125, "avg_grade_fwd": 0.097604114557133956, "n_samples": 28, "d_abs_above_3": 131.89166259765625, "d_abs_above_5": 131.89166259765625, "d_abs_above_8": 68.388267517089844, "d_abs_above_10": 53.733638763427734, "d_abs_above_15": 4.8848762512207031, "grade_reliable": true, "max_abs_grade_reliable": 0.1500115966610987, "shortest_use": 12, "flat_use": 9, "flat_use_per_objective": 3.0, "unavoidability": 0.25, "barrier_score": 2.3742333926449586, "neighborhood": "Fluntern" }, "geometry": { "type": "LineString", "coordinates": [ [ 8.558546818124793, 47.384072738143637 ], [ 8.558665908405889, 47.38410311016159 ], [ 8.559312208406478, 47.384227110161419 ], [ 8.55965610840679, 47.384281510161308 ], [ 8.559731908406862, 47.384287310161319 ], [ 8.559791208406919, 47.384287010161273 ], [ 8.559951208407078, 47.384284710161253 ], [ 8.560139308407262, 47.384272110161191 ], [ 8.560200808407323, 47.384268410161177 ], [ 8.560224608407351, 47.384270510161166 ], [ 8.560240408407358, 47.384278010161204 ], [ 8.560244113434138, 47.384280371844888 ] ] } },
{ "type": "Feature", "properties": { "edge_id": 32362, "segment_id": "ff03fa2d-a077-42c2-8938-11cd7d5b63f0", "u": "8d993ce1-fdcc-474b-935c-14bdef2f1b9b", "v": "8680c270-f89d-46e2-8178-92fd893b9ae5", "part": 1, "cls": "residential", "subclass": null, "name": "Vorhaldenstrasse", "length_m": 69.511760230623779, "is_bridge": false, "is_tunnel": false, "is_covered": false, "is_structure": false, "walk_ok": true, "walk_oneway": false, "walk_restricted": false, "walk_sidepath": false, "under_at_m": [ ], "bike_ok": true, "bike_oneway": false, "bike_restricted": false, "bike_facility": "", "low_stress": true, "max_abs_grade": 0.1707773179940042, "elev_min": 408.3294677734375, "elev_max": 418.58782958984375, "cum_gain_fwd": 10.25836181640625, "cum_loss_fwd": -0.0, "net_change_fwd": 10.25836181640625, "avg_grade_fwd": 0.14757736351867431, "n_samples": 15, "d_abs_above_3": 69.511756896972656, "d_abs_above_5": 69.511756896972656, "d_abs_above_8": 69.511756896972656, "d_abs_above_10": 64.546631336212158, "d_abs_above_15": 39.721005439758301, "grade_reliable": true, "max_abs_grade_reliable": 0.1707773179940042, "shortest_use": 20, "flat_use": 27, "flat_use_per_objective": 9.0, "unavoidability": 0.45, "barrier_score": 2.3742063962456421, "neighborhood": "Höngg" }, "geometry": { "type": "LineString", "coordinates": [ [ 8.494244856493278, 47.400289818635152 ], [ 8.494535208338455, 47.400645610185371 ], [ 8.494552808338463, 47.400680710185398 ], [ 8.494557408338457, 47.400709010185366 ], [ 8.494554508338451, 47.400740410185399 ], [ 8.494546608338432, 47.400762110185397 ], [ 8.49452910833841, 47.400788410185427 ], [ 8.49450430833838, 47.400807710185447 ], [ 8.494486408338357, 47.400818710185447 ], [ 8.494460408338327, 47.40083071018546 ], [ 8.494451614723028, 47.400834110103538 ] ] } },
{ "type": "Feature", "properties": { "edge_id": 5055, "segment_id": "a9d2f46e-3a9f-4270-b2fd-124bc05017a1", "u": "35a6cd26-c113-4d4c-b797-9789967e2217", "v": "efd3ba33-d15d-44c4-a2bc-4917830a2c14", "part": 1, "cls": "residential", "subclass": null, "name": "Rebenstrasse", "length_m": 56.993130990306625, "is_bridge": false, "is_tunnel": false, "is_covered": false, "is_structure": false, "walk_ok": true, "walk_oneway": false, "walk_restricted": false, "walk_sidepath": false, "under_at_m": [ ], "bike_ok": true, "bike_oneway": false, "bike_restricted": false, "bike_facility": "", "low_stress": true, "max_abs_grade": 0.12633234366786114, "elev_min": 467.85711669921875, "elev_max": 474.35220336914062, "cum_gain_fwd": 6.495086669921875, "cum_loss_fwd": -0.0, "net_change_fwd": 6.495086669921875, "avg_grade_fwd": 0.11396262498069831, "n_samples": 13, "d_abs_above_3": 56.993129730224609, "d_abs_above_5": 56.993129730224609, "d_abs_above_8": 56.993129730224609, "d_abs_above_10": 42.744846343994141, "d_abs_above_15": 0.0, "grade_reliable": true, "max_abs_grade_reliable": 0.12633234366786114, "shortest_use": 32, "flat_use": 99, "flat_use_per_objective": 33.0, "unavoidability": 1.0, "barrier_score": 2.3040242595119498, "neighborhood": "Leimbach" }, "geometry": { "type": "LineString", "coordinates": [ [ 8.51513326913723, 47.333900742024532 ], [ 8.514763808378721, 47.33379781015794 ], [ 8.514431708378416, 47.333714210157972 ], [ 8.514431121976981, 47.333714062703649 ] ] } },
{ "type": "Feature", "properties": { "edge_id": 21719, "segment_id": "425fbad0-d4fb-4f8c-ab19-b7a5e398898c", "u": "ac020dcc-44a0-495e-91a5-03b38759b242", "v": "4391da76-5403-4f37-bdb5-b1baf44ab2b0", "part": 5, "cls": "track", "subclass": null, "name": "Zielweg", "length_m": 242.73943589000439, "is_bridge": false, "is_tunnel": false, "is_covered": false, "is_structure": false, "walk_ok": true, "walk_oneway": false, "walk_restricted": false, "walk_sidepath": false, "under_at_m": [ ], "bike_ok": true, "bike_oneway": false, "bike_restricted": false, "bike_facility": "", "low_stress": false, "max_abs_grade": 0.15806220103062618, "elev_min": 509.41925048828125, "elev_max": 530.3580322265625, "cum_gain_fwd": 0.0, "cum_loss_fwd": 20.5810546875, "net_change_fwd": -20.5810546875, "avg_grade_fwd": -0.084786611560398017, "n_samples": 50, "d_abs_above_3": 198.15464782714844, "d_abs_above_5": 178.33917999267578, "d_abs_above_8": 158.52371978759766, "d_abs_above_10": 104.03118896484375, "d_abs_above_15": 14.861602783203125, "grade_reliable": true, "max_abs_grade_reliable": 0.15806220103062618, "shortest_use": 6, "flat_use": 0, "flat_use_per_objective": 0.0, "unavoidability": 0.0, "barrier_score": 2.3020757708224, "neighborhood": "Friesenberg" }, "geometry": { "type": "LineString", "coordinates": [ [ 8.496227113293948, 47.359881152536332 ], [ 8.496179808352581, 47.359945110171815 ], [ 8.496144608352534, 47.359993110171843 ], [ 8.49608270835245, 47.360067010171868 ], [ 8.496020908352364, 47.360156510171919 ], [ 8.49598840835232, 47.360204810171936 ], [ 8.495975108352296, 47.360236510171951 ], [ 8.495877108352117, 47.360502810172065 ], [ 8.495857708352082, 47.360556010172118 ], [ 8.495724008351837, 47.360922510172273 ], [ 8.49563710835168, 47.36115771017235 ], [ 8.495491808351423, 47.361543110172491 ], [ 8.495479708351406, 47.361576410172567 ], [ 8.495470808351378, 47.361616410172566 ], [ 8.495462808351345, 47.361698910172571 ], [ 8.495456908351324, 47.361740110172605 ], [ 8.495435408351263, 47.361886110172669 ], [ 8.495431208351253, 47.361907510172671 ], [ 8.495403708351203, 47.361978810172666 ] ] } },
{ "type": "Feature", "properties": { "edge_id": 63555, "segment_id": "0bcfaa0f-7ce8-427b-accb-b48ba5274e2b", "u": "89e67c4b-80c5-45c7-8178-5bbace378f3c", "v": "bed46903-0352-4e7f-a8ae-eae68073eb1c", "part": 0, "cls": "pedestrian", "subclass": null, "name": "Spiegelgasse", "length_m": 37.1420082862019, "is_bridge": false, "is_tunnel": false, "is_covered": false, "is_structure": false, "walk_ok": true, "walk_oneway": false, "walk_restricted": false, "walk_sidepath": false, "under_at_m": [ ], "bike_ok": false, "bike_oneway": false, "bike_restricted": false, "bike_facility": "car_free_street", "low_stress": true, "max_abs_grade": 0.14743613115727278, "elev_min": 416.89300537109375, "elev_max": 421.86251831054688, "cum_gain_fwd": 4.969512939453125, "cum_loss_fwd": -0.0, "net_change_fwd": 4.969512939453125, "avg_grade_fwd": 0.13379763170854578, "n_samples": 9, "d_abs_above_3": 37.142009735107422, "d_abs_above_5": 37.142009735107422, "d_abs_above_8": 37.142009735107422, "d_abs_above_10": 37.142009735107422, "d_abs_above_15": 0.0, "grade_reliable": true, "max_abs_grade_reliable": 0.14743613115727278, "shortest_use": 42, "flat_use": 34, "flat_use_per_objective": 11.333333333333334, "unavoidability": 0.26984126984126988, "barrier_score": 2.2999510821541698, "neighborhood": "Rathaus" }, "geometry": { "type": "LineString", "coordinates": [ [ 8.543910908395464, 47.371548510161794 ], [ 8.544352248232503, 47.371695850367196 ] ] } },
{ "type": "Feature", "properties": { "edge_id": 5004, "segment_id": "7e9b62df-6777-46b6-ab21-a53f6c4bf85b", "u": "b8180dd4-58e1-4de3-99e6-f54dad0dbbfc", "v": "099dcad2-e162-4967-a6e6-895da2dbbc3a", "part": 0, "cls": "track", "subclass": null, "name": "Frymannstrasse", "length_m": 193.53065919506275, "is_bridge": false, "is_tunnel": false, "is_covered": false, "is_structure": false, "walk_ok": true, "walk_oneway": false, "walk_restricted": false, "walk_sidepath": false, "under_at_m": [ ], "bike_ok": true, "bike_oneway": false, "bike_restricted": false, "bike_facility": "", "low_stress": false, "max_abs_grade": 0.098594450987205234, "elev_min": 475.06011962890625, "elev_max": 485.80160522460938, "cum_gain_fwd": 0.0, "cum_loss_fwd": 10.741485595703125, "net_change_fwd": -10.741485595703125, "avg_grade_fwd": -0.055502760536062394, "n_samples": 40, "d_abs_above_3": 129.02043151855469, "d_abs_above_5": 104.20880889892578, "d_abs_above_8": 54.5855712890625, "d_abs_above_10": 0.0, "d_abs_above_15": 0.0, "grade_reliable": true, "max_abs_grade_reliable": 0.098594450987205234, "shortest_use": 12, "flat_use": 3, "flat_use_per_objective": 1.0, "unavoidability": 0.083333333333333329, "barrier_score": 2.2897258911034966, "neighborhood": "Leimbach" }, "geometry": { "type": "LineString", "coordinates": [ [ 8.512853308374769, 47.340598110160713 ], [ 8.513040708375065, 47.34024491016055 ], [ 8.513376408375599, 47.339560010160213 ], [ 8.513662408376048, 47.339014510159913 ], [ 8.513688550674383, 47.338952825632013 ] ] } },
{ "type": "Feature", "properties": { "edge_id": 6113, "segment_id": "71aa0a00-e8a8-451d-bbbf-5b84a98209b6", "u": "4b7af99f-0856-47c9-b2f3-3653254b486e", "v": "bdebbf8f-456e-4656-8407-89431a99da49", "part": 0, "cls": "primary", "subclass": null, "name": "Leimbachstrasse", "length_m": 62.527600275325987, "is_bridge": false, "is_tunnel": false, "is_covered": false, "is_structure": false, "walk_ok": true, "walk_oneway": false, "walk_restricted": false, "walk_sidepath": false, "under_at_m": [ ], "bike_ok": true, "bike_oneway": false, "bike_restricted": false, "bike_facility": "", "low_stress": false, "max_abs_grade": 0.11442310304221887, "elev_min": 431.9442138671875, "elev_max": 433.7110595703125, "cum_gain_fwd": 1.37506103515625, "cum_loss_fwd": -0.0, "net_change_fwd": 1.37506103515625, "avg_grade_fwd": 0.021991265453762329, "n_samples": 14, "d_abs_above_3": 28.858892440795898, "d_abs_above_5": 19.239261627197266, "d_abs_above_8": 9.6196308135986328, "d_abs_above_10": 4.8098154067993164, "d_abs_above_15": 0.0, "grade_reliable": true, "max_abs_grade_reliable": 0.11442310304221887, "shortest_use": 32, "flat_use": 125, "flat_use_per_objective": 41.666666666666664, "unavoidability": 1.0, "barrier_score": 2.2894726557716156, "neighborhood": "Leimbach" }, "geometry": { "type": "LineString", "coordinates": [ [ 8.518640708381579, 47.33679521015781 ], [ 8.518597808381552, 47.336760510157823 ], [ 8.518418408381423, 47.336605610157768 ], [ 8.518289108381344, 47.336447410157774 ], [ 8.518224408381309, 47.336345710157794 ], [ 8.518220244302112, 47.336317712204178 ] ] } },
{ "type": "Feature", "properties": { "edge_id": 67441, "segment_id": "9f57b622-e683-4b4c-9d7c-4aaecaa58e1e", "u": "9c67d6ed-f072-4d56-bcf8-9b41e2809551", "v": "f2242d84-a157-43d2-815f-edf98a162c25", "part": 0, "cls": "steps", "subclass": null, "name": "Spyristeig", "length_m": 68.894994384682278, "is_bridge": false, "is_tunnel": false, "is_covered": false, "is_structure": false, "walk_ok": true, "walk_oneway": false, "walk_restricted": false, "walk_sidepath": false, "under_at_m": [ ], "bike_ok": false, "bike_oneway": false, "bike_restricted": false, "bike_facility": "", "low_stress": false, "max_abs_grade": 0.27561545600613319, "elev_min": 534.6219482421875, "elev_max": 552.756591796875, "cum_gain_fwd": 18.1346435546875, "cum_loss_fwd": -0.0, "net_change_fwd": 18.1346435546875, "avg_grade_fwd": 0.26322148832723069, "n_samples": 15, "d_abs_above_3": 68.894996643066406, "d_abs_above_5": 68.894996643066406, "d_abs_above_8": 68.894996643066406, "d_abs_above_10": 68.894996643066406, "d_abs_above_15": 68.894996643066406, "grade_reliable": true, "max_abs_grade_reliable": 0.27561545600613319, "shortest_use": 12, "flat_use": 0, "flat_use_per_objective": 0.0, "unavoidability": 0.0, "barrier_score": 2.2786230352649026, "neighborhood": "Fluntern" }, "geometry": { "type": "LineString", "coordinates": [ [ 8.553872108401311, 47.383855510162888 ], [ 8.553930708401353, 47.383910610162879 ], [ 8.554231508401594, 47.384079710162851 ], [ 8.554531208401825, 47.384281310162791 ] ] } },
{ "type": "Feature", "properties": { "edge_id": 73342, "segment_id": "723d171e-7d6e-49ae-854a-3612bbc6b238", "u": "3e55d46e-6647-4e26-bd4b-91c8bcc14b4a", "v": "c738c28c-e4bb-47b1-9e29-e8b6f2b4eb5a", "part": 0, "cls": "track", "subclass": null, "name": "Hüttenkopfstrasse", "length_m": 340.53710537584914, "is_bridge": false, "is_tunnel": false, "is_covered": false, "is_structure": false, "walk_ok": true, "walk_oneway": false, "walk_restricted": false, "walk_sidepath": false, "under_at_m": [ ], "bike_ok": true, "bike_oneway": false, "bike_restricted": false, "bike_facility": "", "low_stress": false, "max_abs_grade": 0.08351445858750127, "elev_min": 525.4840087890625, "elev_max": 543.70025634765625, "cum_gain_fwd": 18.21624755859375, "cum_loss_fwd": 0.6724853515625, "net_change_fwd": 17.54376220703125, "avg_grade_fwd": 0.051517916033380171, "n_samples": 70, "d_abs_above_3": 266.50729370117188, "d_abs_above_5": 231.96005010604858, "d_abs_above_8": 39.482563018798828, "d_abs_above_10": 0.0, "d_abs_above_15": 0.0, "grade_reliable": true, "max_abs_grade_reliable": 0.08351445858750127, "shortest_use": 8, "flat_use": 0, "flat_use_per_objective": 0.0, "unavoidability": 0.0, "barrier_score": 2.2751817587535128, "neighborhood": "Schwamendingen-Mitte" }, "geometry": { "type": "LineString", "coordinates": [ [ 8.576920308420551, 47.393796310159381 ], [ 8.579608608423891, 47.391453010157818 ], [ 8.579703339510226, 47.391386669427682 ] ] } },
{ "type": "Feature", "properties": { "edge_id": 3236, "segment_id": "0dffa100-c7e1-448a-8a0c-af658213387c", "u": "abcf5b0e-cbef-463e-a8cd-adfe1aaf3272", "v": "35ea2cd0-1bfe-41ea-acef-ef1b2dc61403", "part": 3, "cls": "residential", "subclass": null, "name": "Bachtobelstrasse", "length_m": 47.768143987795426, "is_bridge": false, "is_tunnel": false, "is_covered": false, "is_structure": false, "walk_ok": true, "walk_oneway": false, "walk_restricted": false, "walk_sidepath": false, "under_at_m": [ ], "bike_ok": true, "bike_oneway": false, "bike_restricted": false, "bike_facility": "", "low_stress": true, "max_abs_grade": 0.10310062940544883, "elev_min": 495.26675415039062, "elev_max": 499.55899047851562, "cum_gain_fwd": 4.292236328125, "cum_loss_fwd": -0.0, "net_change_fwd": 4.292236328125, "avg_grade_fwd": 0.08985562522420304, "n_samples": 11, "d_abs_above_3": 47.768142700195312, "d_abs_above_5": 47.768142700195312, "d_abs_above_8": 42.991329193115234, "d_abs_above_10": 9.5536308288574219, "d_abs_above_15": 0.0, "grade_reliable": true, "max_abs_grade_reliable": 0.10310062940544883, "shortest_use": 46, "flat_use": 146, "flat_use_per_objective": 48.666666666666664, "unavoidability": 1.0, "barrier_score": 2.2654658269090349, "neighborhood": "Friesenberg" }, "geometry": { "type": "LineString", "coordinates": [ [ 8.506287935384245, 47.356473903240015 ], [ 8.506218908363444, 47.356442110167791 ], [ 8.506021308363282, 47.356350910167841 ], [ 8.505780144541017, 47.356218545979786 ] ] } },
{ "type": "Feature", "properties": { "edge_id": 72528, "segment_id": "7bb99280-b790-4746-8213-edd3240a48b0", "u": "7e4bad5a-653a-425d-bf0d-df2388fadd75", "v": "54592276-61b9-491c-91e4-58156cf2261e", "part": 1, "cls": "path", "subclass": null, "name": "Unterholzweg", "length_m": 68.839167019169224, "is_bridge": false, "is_tunnel": false, "is_covered": false, "is_structure": false, "walk_ok": true, "walk_oneway": false, "walk_restricted": false, "walk_sidepath": false, "under_at_m": [ ], "bike_ok": true, "bike_oneway": false, "bike_restricted": false, "bike_facility": "shared_path", "low_stress": true, "max_abs_grade": 0.18173695151927327, "elev_min": 492.5211181640625, "elev_max": 502.64077758789062, "cum_gain_fwd": 0.0, "cum_loss_fwd": 10.119659423828125, "net_change_fwd": -10.119659423828125, "avg_grade_fwd": -0.14700439005830396, "n_samples": 15, "d_abs_above_3": 68.839164733886719, "d_abs_above_5": 68.839164733886719, "d_abs_above_8": 68.839164733886719, "d_abs_above_10": 68.839164733886719, "d_abs_above_15": 19.668334007263184, "grade_reliable": true, "max_abs_grade_reliable": 0.18173695151927327, "shortest_use": 18, "flat_use": 0, "flat_use_per_objective": 0.0, "unavoidability": 0.0, "barrier_score": 2.2519116646541844, "neighborhood": "Schwamendingen-Mitte" }, "geometry": { "type": "LineString", "coordinates": [ [ 8.562957312798149, 47.401597074997127 ], [ 8.562980308404617, 47.401617810165938 ], [ 8.563022408404636, 47.401685510165933 ], [ 8.563061308404643, 47.401788710165931 ], [ 8.563085208404633, 47.401887710165973 ], [ 8.563092008404622, 47.40196091016599 ], [ 8.563083708404582, 47.40206071016604 ], [ 8.563072508404534, 47.402182210166053 ], [ 8.563073384042706, 47.402200020316116 ] ] } },
{ "type": "Feature", "properties": { "edge_id": 72308, "segment_id": "a021cb78-87fc-4e30-965c-c1b4f40ca50c", "u": "4f6338de-2010-40d5-ad58-faf5d87a0c58", "v": "d8f9446b-a570-4085-860d-edb728be54de", "part": 2, "cls": "footway", "subclass": null, "name": null, "length_m": 71.276977691918361, "is_bridge": false, "is_tunnel": false, "is_covered": false, "is_structure": false, "walk_ok": true, "walk_oneway": false, "walk_restricted": false, "walk_sidepath": false, "under_at_m": [ ], "bike_ok": false, "bike_oneway": false, "bike_restricted": false, "bike_facility": "", "low_stress": false, "max_abs_grade": 0.13143923018844295, "elev_min": 527.9755859375, "elev_max": 534.26910400390625, "cum_gain_fwd": 6.29351806640625, "cum_loss_fwd": 0.0174560546875, "net_change_fwd": 6.27606201171875, "avg_grade_fwd": 0.088051741647984849, "n_samples": 16, "d_abs_above_3": 57.021583557128906, "d_abs_above_5": 52.269783020019531, "d_abs_above_8": 47.517986297607422, "d_abs_above_10": 42.766185760498047, "d_abs_above_15": 0.0, "grade_reliable": true, "max_abs_grade_reliable": 0.13143923018844295, "shortest_use": 24, "flat_use": 0, "flat_use_per_objective": 0.0, "unavoidability": 0.0, "barrier_score": 2.248461858716297, "neighborhood": "Oberstrass" }, "geometry": { "type": "LineString", "coordinates": [ [ 8.550144101063928, 47.392765673647567 ], [ 8.550121508394909, 47.392783210166812 ], [ 8.550072508394853, 47.39281061016684 ], [ 8.549941508394706, 47.392861110166898 ], [ 8.549874308394632, 47.392888010166921 ], [ 8.549825008394576, 47.392916010166921 ], [ 8.549775708394515, 47.392957310166999 ], [ 8.549732008394454, 47.393008010166966 ], [ 8.549697208394408, 47.393074210167057 ], [ 8.549681908394374, 47.393129110167024 ], [ 8.549696208394346, 47.393256710167115 ], [ 8.549685845477098, 47.393263422511232 ] ] } },
{ "type": "Feature", "properties": { "edge_id": 60173, "segment_id": "faffde2d-7243-482f-9c5f-ef09dc03a162", "u": "51ebe0e6-c9bb-4e63-8a3c-ebe3902690d9", "v": "e5318880-3b25-479c-8f9a-31ce07352887", "part": 0, "cls": "track", "subclass": null, "name": null, "length_m": 201.01827826475503, "is_bridge": false, "is_tunnel": false, "is_covered": false, "is_structure": false, "walk_ok": true, "walk_oneway": false, "walk_restricted": false, "walk_sidepath": false, "under_at_m": [ ], "bike_ok": true, "bike_oneway": false, "bike_restricted": false, "bike_facility": "", "low_stress": false, "max_abs_grade": 0.13962578894297203, "elev_min": 581.84844970703125, "elev_max": 595.3482666015625, "cum_gain_fwd": 0.65203857421875, "cum_loss_fwd": 13.96343994140625, "net_change_fwd": -13.3114013671875, "avg_grade_fwd": -0.066219855056204174, "n_samples": 42, "d_abs_above_3": 147.08654737472534, "d_abs_above_5": 122.57212066650391, "d_abs_above_8": 78.446159362792969, "d_abs_above_10": 68.640396118164062, "d_abs_above_15": 0.0, "grade_reliable": true, "max_abs_grade_reliable": 0.13962578894297203, "shortest_use": 8, "flat_use": 0, "flat_use_per_objective": 0.0, "unavoidability": 0.0, "barrier_score": 2.2453868555739449, "neighborhood": "Hottingen" }, "geometry": { "type": "LineString", "coordinates": [ [ 8.574219608423048, 47.377397910154876 ], [ 8.574271808423124, 47.377316010154871 ], [ 8.574281308423137, 47.377284510154823 ], [ 8.574279908423149, 47.377254110154837 ], [ 8.574269108423145, 47.377223110154816 ], [ 8.574248608423135, 47.377195610154843 ], [ 8.574217408423113, 47.377172210154797 ], [ 8.574090108423009, 47.377123910154836 ], [ 8.573629408422587, 47.377024210154921 ], [ 8.573291208422296, 47.376922110155029 ], [ 8.573241708422254, 47.376902510155048 ], [ 8.573191408422206, 47.376872810155021 ], [ 8.572859708421962, 47.37664691015506 ], [ 8.572829508421938, 47.376614310155063 ], [ 8.572812608421938, 47.376571510155017 ], [ 8.572815208421989, 47.376424310154988 ], [ 8.572822208422005, 47.376397110154969 ], [ 8.572843008422034, 47.376371810154971 ], [ 8.572892808422091, 47.376326110154956 ], [ 8.572930508422139, 47.376302410154935 ], [ 8.573000608422221, 47.376246010154901 ], [ 8.573004508422237, 47.376218510154878 ] ] } },
{ "type": "Feature", "properties": { "edge_id": 67058, "segment_id": "1411b68a-0728-4eec-8254-1a17242d1eb3", "u": "1534ada8-1280-47c0-a834-5aa9e20018e9", "v": "f2c9d216-6142-43d0-a6de-2e8a41de146f", "part": 1, "cls": "residential", "subclass": null, "name": "Culmannstrasse", "length_m": 68.959873551036935, "is_bridge": false, "is_tunnel": false, "is_covered": false, "is_structure": false, "walk_ok": true, "walk_oneway": true, "walk_restricted": false, "walk_sidepath": false, "under_at_m": [ ], "bike_ok": true, "bike_oneway": true, "bike_restricted": false, "bike_facility": "", "low_stress": true, "max_abs_grade": 0.095337519477341232, "elev_min": 480.39468383789062, "elev_max": 484.3121337890625, "cum_gain_fwd": 0.032470703125, "cum_loss_fwd": 3.917449951171875, "net_change_fwd": -3.884979248046875, "avg_grade_fwd": -0.0563368065063274, "n_samples": 15, "d_abs_above_3": 54.182761192321777, "d_abs_above_5": 49.257055282592773, "d_abs_above_8": 14.777116775512695, "d_abs_above_10": 0.0, "d_abs_above_15": 0.0, "grade_reliable": true, "max_abs_grade_reliable": 0.095337519477341232, "shortest_use": 34, "flat_use": 0, "flat_use_per_objective": 0.0, "unavoidability": 0.0, "barrier_score": 2.2353175178611706, "neighborhood": "Oberstrass" }, "geometry": { "type": "LineString", "coordinates": [ [ 8.547816130861444, 47.383676074076327 ], [ 8.547816108395496, 47.383676010164564 ], [ 8.547673108395486, 47.383269810164514 ], [ 8.547611808395491, 47.383071610164414 ] ] } },
{ "type": "Feature", "properties": { "edge_id": 72102, "segment_id": "d278889d-72da-4cea-ae16-9933441963b7", "u": "b330c054-1f8a-4ed5-a712-85defbeb894f", "v": "bf20d82e-23a6-4971-93a7-91fa9badbc71", "part": 1, "cls": "residential", "subclass": null, "name": "Frohburgstrasse", "length_m": 124.09081177852774, "is_bridge": false, "is_tunnel": false, "is_covered": false, "is_structure": false, "walk_ok": true, "walk_oneway": false, "walk_restricted": false, "walk_sidepath": false, "under_at_m": [ ], "bike_ok": true, "bike_oneway": false, "bike_restricted": false, "bike_facility": "", "low_stress": true, "max_abs_grade": 0.087347869792835472, "elev_min": 501.4906005859375, "elev_max": 510.61190795898438, "cum_gain_fwd": 0.0, "cum_loss_fwd": 9.121307373046875, "net_change_fwd": -9.121307373046875, "avg_grade_fwd": -0.073505098208521191, "n_samples": 26, "d_abs_above_3": 124.09081268310547, "d_abs_above_5": 104.23628234863281, "d_abs_above_8": 59.563591003417969, "d_abs_above_10": 0.0, "d_abs_above_15": 0.0, "grade_reliable": true, "max_abs_grade_reliable": 0.087347869792835472, "shortest_use": 20, "flat_use": 23, "flat_use_per_objective": 7.666666666666667, "unavoidability": 0.38333333333333336, "barrier_score": 2.1678136139436193, "neighborhood": "Oberstrass" }, "geometry": { "type": "LineString", "coordinates": [ [ 8.552606086797674, 47.396983733258629 ], [ 8.552606208396012, 47.396984510167464 ], [ 8.552629608395895, 47.39742821016754 ], [ 8.552675008395868, 47.397669910167643 ], [ 8.552796608395868, 47.398021910167728 ], [ 8.55282000839588, 47.398082610167769 ], [ 8.552821262714751, 47.398085875206021 ] ] } },
{ "type": "Feature", "properties": { "edge_id": 3717, "segment_id": "d51870b2-5191-46c3-bc63-d0c0b11e24ef", "u": "213c893e-852d-4e00-82f2-b6369aa95ae2", "v": "3f99fd82-0867-4d81-9ff0-366f44016764", "part": 1, "cls": "residential", "subclass": null, "name": "Stotzstrasse", "length_m": 22.997164924021881, "is_bridge": false, "is_tunnel": false, "is_covered": false, "is_structure": false, "walk_ok": true, "walk_oneway": false, "walk_restricted": false, "walk_sidepath": false, "under_at_m": [ ], "bike_ok": true, "bike_oneway": false, "bike_restricted": false, "bike_facility": "", "low_stress": true, "max_abs_grade": 0.1421498261921621, "elev_min": 478.03866577148438, "elev_max": 481.0809326171875, "cum_gain_fwd": 3.042266845703125, "cum_loss_fwd": -0.0, "net_change_fwd": 3.042266845703125, "avg_grade_fwd": 0.132288773670833, "n_samples": 6, "d_abs_above_3": 22.997165679931641, "d_abs_above_5": 22.997165679931641, "d_abs_above_8": 22.997165679931641, "d_abs_above_10": 22.997165679931641, "d_abs_above_15": 0.0, "grade_reliable": true, "max_abs_grade_reliable": 0.1421498261921621, "shortest_use": 66, "flat_use": 198, "flat_use_per_objective": 66.0, "unavoidability": 1.0, "barrier_score": 2.1575683779290498, "neighborhood": "Leimbach" }, "geometry": { "type": "LineString", "coordinates": [ [ 8.513266320574802, 47.331349330103372 ], [ 8.513007708377724, 47.331457110157672 ], [ 8.513006933262028, 47.33145743674438 ] ] } },
{ "type": "Feature", "properties": { "edge_id": 58146, "segment_id": "ad2cdf54-e5fb-4ecb-9a12-5ab1bd637bf8", "u": "0d19d1e9-9c9a-4494-806b-85da250f9302", "v": "1d2164e8-ceca-4010-ac57-f589cd70db4f", "part": 0, "cls": "footway", "subclass": null, "name": "Wasersteig", "length_m": 31.071013175914622, "is_bridge": false, "is_tunnel": false, "is_covered": false, "is_structure": false, "walk_ok": true, "walk_oneway": false, "walk_restricted": false, "walk_sidepath": false, "under_at_m": [ ], "bike_ok": false, "bike_oneway": false, "bike_restricted": false, "bike_facility": "", "low_stress": false, "max_abs_grade": 0.18273220850262015, "elev_min": 488.51480102539062, "elev_max": 492.82733154296875, "cum_gain_fwd": 0.0, "cum_loss_fwd": 4.312530517578125, "net_change_fwd": -4.312530517578125, "avg_grade_fwd": -0.13879594422620431, "n_samples": 8, "d_abs_above_3": 31.071012496948242, "d_abs_above_5": 31.071012496948242, "d_abs_above_8": 31.071012496948242, "d_abs_above_10": 31.071012496948242, "d_abs_above_15": 8.8774318695068359, "grade_reliable": true, "max_abs_grade_reliable": 0.18273220850262015, "shortest_use": 38, "flat_use": 0, "flat_use_per_objective": 0.0, "unavoidability": 0.0, "barrier_score": 2.1575164460585778, "neighborhood": "Hirslanden" }, "geometry": { "type": "LineString", "coordinates": [ [ 8.575619708430214, 47.358675110148447 ], [ 8.575491108430091, 47.358670710148488 ], [ 8.575442308430011, 47.358769710148529 ], [ 8.575318508429897, 47.358745410148551 ] ] } },
{ "type": "Feature", "properties": { "edge_id": 58153, "segment_id": "49d4feac-bf5a-4e8f-a17a-640599cdc5e6", "u": "3add5d34-8960-4764-9862-9fc8fc2084c4", "v": "bb7c1227-bada-4960-aab3-1164975f6605", "part": 0, "cls": "footway", "subclass": null, "name": "Wasersteig", "length_m": 16.356421850390305, "is_bridge": false, "is_tunnel": false, "is_covered": false, "is_structure": false, "walk_ok": true, "walk_oneway": false, "walk_restricted": false, "walk_sidepath": false, "under_at_m": [ ], "bike_ok": false, "bike_oneway": false, "bike_restricted": false, "bike_facility": "", "low_stress": false, "max_abs_grade": 0.34114024690874301, "elev_min": 469.89193725585938, "elev_max": 474.42279052734375, "cum_gain_fwd": 0.0, "cum_loss_fwd": 4.530853271484375, "net_change_fwd": -4.530853271484375, "avg_grade_fwd": -0.27700759701269062, "n_samples": 5, "d_abs_above_3": 16.356422424316406, "d_abs_above_5": 16.356422424316406, "d_abs_above_8": 16.356422424316406, "d_abs_above_10": 16.356422424316406, "d_abs_above_15": 16.356422424316406, "grade_reliable": true, "max_abs_grade_reliable": 0.34114024690874301, "shortest_use": 38, "flat_use": 0, "flat_use_per_objective": 0.0, "unavoidability": 0.0, "barrier_score": 2.1203368396625688, "neighborhood": "Hirslanden" }, "geometry": { "type": "LineString", "coordinates": [ [ 8.574713708429343, 47.358653810148709 ], [ 8.574558608429193, 47.358656910148753 ], [ 8.574497808429134, 47.358651410148752 ] ] } },
{ "type": "Feature", "properties": { "edge_id": 60582, "segment_id": "fd9453b5-bf46-4619-b540-df410315f69c", "u": "46f9a420-6f7e-414d-bddb-d6efdde5bc35", "v": "721fb2a4-1829-45c9-8a93-3f1edaa441f0", "part": 1, "cls": "residential", "subclass": null, "name": "Zürichbergstrasse", "length_m": 62.461736279694939, "is_bridge": false, "is_tunnel": false, "is_covered": false, "is_structure": false, "walk_ok": true, "walk_oneway": false, "walk_restricted": false, "walk_sidepath": false, "under_at_m": [ ], "bike_ok": true, "bike_oneway": false, "bike_restricted": false, "bike_facility": "", "low_stress": true, "max_abs_grade": 0.13934655301634888, "elev_min": 498.43020629882812, "elev_max": 506.19989013671875, "cum_gain_fwd": 0.0, "cum_loss_fwd": 7.769683837890625, "net_change_fwd": -7.769683837890625, "avg_grade_fwd": -0.12439109906706187, "n_samples": 14, "d_abs_above_3": 62.461734771728516, "d_abs_above_5": 62.461734771728516, "d_abs_above_8": 57.656985759735107, "d_abs_above_10": 52.852236747741699, "d_abs_above_15": 0.0, "grade_reliable": true, "max_abs_grade_reliable": 0.13934655301634888, "shortest_use": 24, "flat_use": 54, "flat_use_per_objective": 18.0, "unavoidability": 0.75, "barrier_score": 2.0889186350380111, "neighborhood": "Fluntern" }, "geometry": { "type": "LineString", "coordinates": [ [ 8.559589781019842, 47.37582366792747 ], [ 8.559582108409348, 47.375818410158622 ], [ 8.559521308409302, 47.375776810158634 ], [ 8.559486008409291, 47.375720010158595 ], [ 8.559403708409283, 47.375488910158595 ], [ 8.559301708409217, 47.375369810158588 ], [ 8.559259308409191, 47.375320310158578 ], [ 8.559258349217478, 47.37531918911391 ] ] } },
{ "type": "Feature", "properties": { "edge_id": 40477, "segment_id": "a39d53a2-a53d-4641-87d9-c4d5f7c49e5e", "u": "53d8ae32-1df4-4c1e-aa5a-4b5e2a9873f5", "v": "aea1273b-024d-4eb3-ada8-227a3d358191", "part": 1, "cls": "footway", "subclass": null, "name": null, "length_m": 50.875521717909308, "is_bridge": false, "is_tunnel": false, "is_covered": false, "is_structure": false, "walk_ok": true, "walk_oneway": false, "walk_restricted": false, "walk_sidepath": false, "under_at_m": [ 10.6 ], "bike_ok": false, "bike_oneway": false, "bike_restricted": false, "bike_facility": "", "low_stress": false, "max_abs_grade": 0.1066553175484915, "elev_min": 464.9945068359375, "elev_max": 469.19122314453125, "cum_gain_fwd": 0.0, "cum_loss_fwd": 4.19671630859375, "net_change_fwd": -4.19671630859375, "avg_grade_fwd": -0.082489890874910488, "n_samples": 12, "d_abs_above_3": 50.875522613525391, "d_abs_above_5": 50.875522613525391, "d_abs_above_8": 27.750286102294922, "d_abs_above_10": 13.875141143798828, "d_abs_above_15": 0.0, "grade_reliable": true, "max_abs_grade_reliable": 0.1066553175484915, "shortest_use": 38, "flat_use": 8, "flat_use_per_objective": 2.6666666666666665, "unavoidability": 0.070175438596491224, "barrier_score": 2.0619350712221411, "neighborhood": "Wipkingen" }, "geometry": { "type": "LineString", "coordinates": [ [ 8.532213193851694, 47.39769079695175 ], [ 8.532200808376, 47.39768411017355 ], [ 8.532123108375929, 47.397654910173607 ], [ 8.531680708375543, 47.397529110173657 ], [ 8.531597202193661, 47.397506959382923 ] ] } },
{ "type": "Feature", "properties": { "edge_id": 67490, "segment_id": "32034c54-d8e3-40d3-b562-7bca13efa652", "u": "e1dab75a-1da3-44bb-b483-cae1747b56b1", "v": "faa5323a-a02b-4c19-84d0-dc203ba16cae", "part": 0, "cls": "steps", "subclass": null, "name": "Spyristeig", "length_m": 63.045284756098326, "is_bridge": false, "is_tunnel": false, "is_covered": false, "is_structure": false, "walk_ok": true, "walk_oneway": false, "walk_restricted": false, "walk_sidepath": false, "under_at_m": [ ], "bike_ok": false, "bike_oneway": false, "bike_restricted": false, "bike_facility": "", "low_stress": false, "max_abs_grade": 0.26925424603399345, "elev_min": 556.55029296875, "elev_max": 571.39044189453125, "cum_gain_fwd": 14.84014892578125, "cum_loss_fwd": -0.0, "net_change_fwd": 14.84014892578125, "avg_grade_fwd": 0.23538872252418369, "n_samples": 14, "d_abs_above_3": 63.045284271240234, "d_abs_above_5": 63.045284271240234, "d_abs_above_8": 63.045284271240234, "d_abs_above_10": 63.045284271240234, "d_abs_above_15": 63.045284271240234, "grade_reliable": true, "max_abs_grade_reliable": 0.26925424603399345, "shortest_use": 12, "flat_use": 0, "flat_use_per_objective": 0.0, "unavoidability": 0.0, "barrier_score": 2.037025273560201, "neighborhood": "Fluntern" }, "geometry": { "type": "LineString", "coordinates": [ [ 8.55470590840196, 47.384390110162776 ], [ 8.555280808402388, 47.384801310162786 ] ] } },
{ "type": "Feature", "properties": { "edge_id": 62594, "segment_id": "ae1544d2-96d3-42bc-bbb2-9cb4f14673cd", "u": "c13680c8-3925-49f1-aa86-0c63514ec444", "v": "228e5ba4-ea6c-4b16-abb7-9215ac3f7138", "part": 2, "cls": "residential", "subclass": null, "name": "Kantonsschulstrasse", "length_m": 47.34590991654683, "is_bridge": false, "is_tunnel": false, "is_covered": false, "is_structure": false, "walk_ok": true, "walk_oneway": false, "walk_restricted": false, "walk_sidepath": false, "under_at_m": [ ], "bike_ok": true, "bike_oneway": false, "bike_restricted": false, "bike_facility": "", "low_stress": true, "max_abs_grade": 0.089601206628723173, "elev_min": 430.6793212890625, "elev_max": 434.3505859375, "cum_gain_fwd": 0.0, "cum_loss_fwd": 3.6712646484375, "net_change_fwd": -3.6712646484375, "avg_grade_fwd": -0.077541327577785854, "n_samples": 11, "d_abs_above_3": 47.345909118652344, "d_abs_above_5": 47.345909118652344, "d_abs_above_8": 18.938364028930664, "d_abs_above_10": 0.0, "d_abs_above_15": 0.0, "grade_reliable": true, "max_abs_grade_reliable": 0.089601206628723173, "shortest_use": 48, "flat_use": 41, "flat_use_per_objective": 13.666666666666666, "unavoidability": 0.28472222222222221, "barrier_score": 2.0362803155795648, "neighborhood": "Hochschulen" }, "geometry": { "type": "LineString", "coordinates": [ [ 8.550045014447456, 47.372506509449181 ], [ 8.549995008401076, 47.372489710160345 ], [ 8.549777308400889, 47.372408610160349 ], [ 8.549630508400776, 47.372325310160406 ], [ 8.549544861285069, 47.372257512864195 ] ] } },
{ "type": "Feature", "properties": { "edge_id": 61869, "segment_id": "bbb8553c-b0dc-427a-ad7b-92444cf47079", "u": "11229e33-3a7f-453c-8bb3-854e79e88dc6", "v": "032f7e79-f4db-4ce3-9314-cf0d1ab35bea", "part": 3, "cls": "residential", "subclass": null, "name": "Zürichbergstrasse", "length_m": 29.900135982034005, "is_bridge": false, "is_tunnel": false, "is_covered": false, "is_structure": false, "walk_ok": true, "walk_oneway": false, "walk_restricted": false, "walk_sidepath": false, "under_at_m": [ ], "bike_ok": true, "bike_oneway": false, "bike_restricted": false, "bike_facility": "", "low_stress": true, "max_abs_grade": 0.1417928413874773, "elev_min": 476.02951049804688, "elev_max": 480.13418579101562, "cum_gain_fwd": 0.0, "cum_loss_fwd": 4.10467529296875, "net_change_fwd": -4.10467529296875, "avg_grade_fwd": -0.13727949012399751, "n_samples": 7, "d_abs_above_3": 29.900135040283203, "d_abs_above_5": 29.900135040283203, "d_abs_above_8": 29.900135040283203, "d_abs_above_10": 29.900135040283203, "d_abs_above_15": 0.0, "grade_reliable": true, "max_abs_grade_reliable": 0.1417928413874773, "shortest_use": 48, "flat_use": 54, "flat_use_per_objective": 18.0, "unavoidability": 0.375, "barrier_score": 2.0350201146069846, "neighborhood": "Fluntern" }, "geometry": { "type": "LineString", "coordinates": [ [ 8.557822313785277, 47.37469885890286 ], [ 8.557460208407671, 47.374598610158884 ], [ 8.557455622798262, 47.374597493197207 ] ] } },
{ "type": "Feature", "properties": { "edge_id": 71196, "segment_id": "0ecbfa3f-f151-4b82-8509-3dc37ac03b59", "u": "a6b3eb2c-a222-432f-b553-fbc2acb80774", "v": "374593c4-54a0-47e0-ba72-ed265e561ad3", "part": 1, "cls": "footway", "subclass": null, "name": null, "length_m": 54.222577918144466, "is_bridge": false, "is_tunnel": false, "is_covered": false, "is_structure": false, "walk_ok": true, "walk_oneway": false, "walk_restricted": false, "walk_sidepath": false, "under_at_m": [ ], "bike_ok": false, "bike_oneway": false, "bike_restricted": false, "bike_facility": "", "low_stress": false, "max_abs_grade": 0.13118785877726058, "elev_min": 482.22613525390625, "elev_max": 488.82269287109375, "cum_gain_fwd": 6.5965576171875, "cum_loss_fwd": -0.0, "net_change_fwd": 6.5965576171875, "avg_grade_fwd": 0.12165703082771973, "n_samples": 12, "d_abs_above_3": 54.222576141357422, "d_abs_above_5": 54.222576141357422, "d_abs_above_8": 54.222576141357422, "d_abs_above_10": 54.222576141357422, "d_abs_above_15": 0.0, "grade_reliable": true, "max_abs_grade_reliable": 0.13118785877726058, "shortest_use": 28, "flat_use": 6, "flat_use_per_objective": 2.0, "unavoidability": 0.071428571428571425, "barrier_score": 1.9917362904500724, "neighborhood": "Oberstrass" }, "geometry": { "type": "LineString", "coordinates": [ [ 8.54799484614982, 47.399150120765867 ], [ 8.547998808390874, 47.399146910169478 ], [ 8.547990208390896, 47.39905241016946 ], [ 8.547827408390797, 47.398845810169441 ], [ 8.547792208390794, 47.398767810169389 ], [ 8.547825208390842, 47.398698410169381 ] ] } },
{ "type": "Feature", "properties": { "edge_id": 75181, "segment_id": "87c3978c-626b-447b-9401-3133577408cf", "u": "6fa20280-f4c8-4bf8-807d-cc8d4f2159c7", "v": "b59d1354-76e3-4d4c-a476-f01b17c72392", "part": 0, "cls": "residential", "subclass": null, "name": "Probsteistrasse", "length_m": 67.391043715740565, "is_bridge": false, "is_tunnel": false, "is_covered": false, "is_structure": false, "walk_ok": true, "walk_oneway": false, "walk_restricted": false, "walk_sidepath": false, "under_at_m": [ ], "bike_ok": true, "bike_oneway": false, "bike_restricted": false, "bike_facility": "", "low_stress": true, "max_abs_grade": 0.081992663263777771, "elev_min": 445.2808837890625, "elev_max": 450.31930541992188, "cum_gain_fwd": 5.038421630859375, "cum_loss_fwd": -0.0, "net_change_fwd": 5.038421630859375, "avg_grade_fwd": 0.07476396395866039, "n_samples": 15, "d_abs_above_3": 67.391044616699219, "d_abs_above_5": 67.391044616699219, "d_abs_above_8": 9.6272926330566406, "d_abs_above_10": 0.0, "d_abs_above_15": 0.0, "grade_reliable": true, "max_abs_grade_reliable": 0.081992663263777771, "shortest_use": 36, "flat_use": 8, "flat_use_per_objective": 2.6666666666666665, "unavoidability": 0.07407407407407407, "barrier_score": 1.9892056155765274, "neighborhood": "Hirzenbach" }, "geometry": { "type": "LineString", "coordinates": [ [ 8.585740808427433, 47.399088910158497 ], [ 8.585609408427388, 47.39884411015845 ], [ 8.585543408427391, 47.398607410158384 ], [ 8.585496377527548, 47.398507728314065 ] ] } },
{ "type": "Feature", "properties": { "edge_id": 58585, "segment_id": "1b736b06-5da0-48ff-9776-bbee989292dd", "u": "fbdc7fd8-b4d2-41a7-908b-b42bbd1cdbab", "v": "4d7395fc-18aa-4f4a-a21a-d95732fe5d86", "part": 0, "cls": "path", "subclass": null, "name": null, "length_m": 151.99511090991402, "is_bridge": false, "is_tunnel": false, "is_covered": false, "is_structure": false, "walk_ok": true, "walk_oneway": false, "walk_restricted": false, "walk_sidepath": false, "under_at_m": [ ], "bike_ok": false, "bike_oneway": false, "bike_restricted": false, "bike_facility": "", "low_stress": false, "max_abs_grade": 0.32535030459577846, "elev_min": 527.797119140625, "elev_max": 563.5848388671875, "cum_gain_fwd": 0.0, "cum_loss_fwd": 35.7877197265625, "net_change_fwd": -35.7877197265625, "avg_grade_fwd": -0.23545308815687183, "n_samples": 32, "d_abs_above_3": 151.9951171875, "d_abs_above_5": 151.9951171875, "d_abs_above_8": 151.9951171875, "d_abs_above_10": 151.9951171875, "d_abs_above_15": 151.9951171875, "grade_reliable": true, "max_abs_grade_reliable": 0.32535030459577846, "shortest_use": 4, "flat_use": 0, "flat_use_per_objective": 0.0, "unavoidability": 0.0, "barrier_score": 1.9780662252643861, "neighborhood": "Hirslanden" }, "geometry": { "type": "LineString", "coordinates": [ [ 8.57807560843019, 47.366415010150263 ], [ 8.577826008429961, 47.366383010150315 ], [ 8.577662208429807, 47.366370110150335 ], [ 8.577523408429675, 47.366354010150395 ], [ 8.577401808429553, 47.36636521015042 ], [ 8.577273208429439, 47.366333810150458 ], [ 8.577182208429365, 47.366284910150448 ], [ 8.577108608429308, 47.366252410150473 ], [ 8.577067508429286, 47.36618561015046 ], [ 8.57701060842926, 47.366099010150471 ], [ 8.576927308429189, 47.366055710150427 ], [ 8.576791408429083, 47.365982410150487 ], [ 8.576763308429078, 47.365919510150441 ], [ 8.576728708429064, 47.365857110150458 ], [ 8.576706908429063, 47.365793010150419 ], [ 8.576691108429058, 47.365741210150432 ], [ 8.57663300842902, 47.365690010150459 ] ] } },
{ "type": "Feature", "properties": { "edge_id": 72409, "segment_id": "aeeb7a3b-8d04-4966-be8e-32050e61a11d", "u": "50fc88e1-86ba-4617-bede-10c06e61b5f0", "v": "965afe83-c5fa-4155-91cd-5ee8906630ae", "part": 0, "cls": "path", "subclass": null, "name": "Unterholzweg", "length_m": 84.812978764182247, "is_bridge": false, "is_tunnel": false, "is_covered": false, "is_structure": false, "walk_ok": true, "walk_oneway": false, "walk_restricted": false, "walk_sidepath": false, "under_at_m": [ ], "bike_ok": true, "bike_oneway": false, "bike_restricted": false, "bike_facility": "shared_path", "low_stress": true, "max_abs_grade": 0.12930060331526627, "elev_min": 549.36566162109375, "elev_max": 555.7451171875, "cum_gain_fwd": 0.0, "cum_loss_fwd": 6.37945556640625, "net_change_fwd": -6.37945556640625, "avg_grade_fwd": -0.075217914962721982, "n_samples": 18, "d_abs_above_3": 84.812980651855469, "d_abs_above_5": 64.856986999511719, "d_abs_above_8": 29.933992385864258, "d_abs_above_10": 19.955995559692383, "d_abs_above_15": 0.0, "grade_reliable": true, "max_abs_grade_reliable": 0.12930060331526627, "shortest_use": 18, "flat_use": 0, "flat_use_per_objective": 0.0, "unavoidability": 0.0, "barrier_score": 1.9739464781712539, "neighborhood": "Schwamendingen-Mitte" }, "geometry": { "type": "LineString", "coordinates": [ [ 8.561587308403896, 47.399615710165662 ], [ 8.561636108403912, 47.399716810165657 ], [ 8.561781208404016, 47.399842610165678 ], [ 8.56195640840415, 47.399934810165682 ], [ 8.562145808404315, 47.399987510165644 ], [ 8.562305008404465, 47.400013910165605 ], [ 8.562420108404574, 47.400029510165552 ], [ 8.562443332022141, 47.40003326298519 ] ] } },
{ "type": "Feature", "properties": { "edge_id": 80043, "segment_id": "2ad7cffd-9a94-4694-9425-0da20f45f932", "u": "e62b5dba-4f20-4845-bada-4aea9486a27e", "v": "d723a943-46b4-43f5-b7cf-7edc2a0726d0", "part": 2, "cls": "residential", "subclass": null, "name": "Michelstrasse", "length_m": 36.127011472598724, "is_bridge": false, "is_tunnel": false, "is_covered": false, "is_structure": false, "walk_ok": true, "walk_oneway": false, "walk_restricted": false, "walk_sidepath": false, "under_at_m": [ ], "bike_ok": true, "bike_oneway": false, "bike_restricted": false, "bike_facility": "", "low_stress": true, "max_abs_grade": 0.10461818392232872, "elev_min": 472.87664794921875, "elev_max": 476.53121948242188, "cum_gain_fwd": 3.654571533203125, "cum_loss_fwd": -0.0, "net_change_fwd": 3.654571533203125, "avg_grade_fwd": 0.101158980448613, "n_samples": 9, "d_abs_above_3": 36.127010345458984, "d_abs_above_5": 36.127010345458984, "d_abs_above_8": 36.127010345458984, "d_abs_above_10": 22.579380989074707, "d_abs_above_15": 0.0, "grade_reliable": true, "max_abs_grade_reliable": 0.10461818392232872, "shortest_use": 52, "flat_use": 104, "flat_use_per_objective": 34.666666666666664, "unavoidability": 0.66666666666666663, "barrier_score": 1.9653620120182946, "neighborhood": "Höngg" }, "geometry": { "type": "LineString", "coordinates": [ [ 8.495642429653948, 47.404429365261137 ], [ 8.495592808338309, 47.404476010186293 ], [ 8.495500508338173, 47.404608110186359 ], [ 8.495445708338092, 47.404712110186409 ], [ 8.495441755759147, 47.404722500298917 ] ] } },
{ "type": "Feature", "properties": { "edge_id": 58519, "segment_id": "2b15bb29-93ea-451b-9890-71a8bf8615f2", "u": "c81e7114-c1e6-40a4-b41a-77c2d5abbfab", "v": "636d6a4c-0a91-48a2-918a-40922c718eca", "part": 0, "cls": "track", "subclass": null, "name": "Sonnenberghölzliweg", "length_m": 118.1132764852525, "is_bridge": false, "is_tunnel": false, "is_covered": false, "is_structure": false, "walk_ok": true, "walk_oneway": false, "walk_restricted": false, "walk_sidepath": false, "under_at_m": [ ], "bike_ok": true, "bike_oneway": false, "bike_restricted": false, "bike_facility": "", "low_stress": false, "max_abs_grade": 0.20751066574064889, "elev_min": 540.7213134765625, "elev_max": 560.95965576171875, "cum_gain_fwd": 20.23834228515625, "cum_loss_fwd": -0.0, "net_change_fwd": 20.23834228515625, "avg_grade_fwd": 0.1713468915455203, "n_samples": 25, "d_abs_above_3": 118.11327362060547, "d_abs_above_5": 118.11327362060547, "d_abs_above_8": 118.11327362060547, "d_abs_above_10": 118.11327362060547, "d_abs_above_15": 98.427726745605469, "grade_reliable": true, "max_abs_grade_reliable": 0.20751066574064889, "shortest_use": 8, "flat_use": 3, "flat_use_per_objective": 1.0, "unavoidability": 0.125, "barrier_score": 1.960781170901126, "neighborhood": "Hirslanden" }, "geometry": { "type": "LineString", "coordinates": [ [ 8.575183108427737, 47.365288710150715 ], [ 8.575218408427746, 47.365368210150756 ], [ 8.575253208427766, 47.365423910150767 ], [ 8.575431208427897, 47.365571310150699 ], [ 8.57558370842801, 47.365671610150713 ], [ 8.575675308428073, 47.365752210150731 ], [ 8.575936308428266, 47.365948110150704 ], [ 8.576004508428301, 47.366043710150748 ], [ 8.576014408428296, 47.366087910150739 ], [ 8.575971108428245, 47.366131310150784 ], [ 8.575957020652146, 47.366142178945758 ] ] } },
{ "type": "Feature", "properties": { "edge_id": 67318, "segment_id": "69032db1-de2c-45fe-a212-6258f703af00", "u": "41955f98-92ba-497b-ad5e-3bf1e7017f84", "v": "047de558-77c5-41bf-abf4-27bd31519253", "part": 1, "cls": "residential", "subclass": null, "name": "Hinterbergstrasse", "length_m": 59.368242197187449, "is_bridge": false, "is_tunnel": false, "is_covered": false, "is_structure": false, "walk_ok": true, "walk_oneway": false, "walk_restricted": false, "walk_sidepath": false, "under_at_m": [ ], "bike_ok": true, "bike_oneway": false, "bike_restricted": false, "bike_facility": "", "low_stress": true, "max_abs_grade": 0.16487074366248008, "elev_min": 535.6116943359375, "elev_max": 544.048095703125, "cum_gain_fwd": 0.0, "cum_loss_fwd": 8.4364013671875, "net_change_fwd": -8.4364013671875, "avg_grade_fwd": -0.1421029378087606, "n_samples": 13, "d_abs_above_3": 59.368240356445312, "d_abs_above_5": 59.368240356445312, "d_abs_above_8": 59.368240356445312, "d_abs_above_10": 59.368240356445312, "d_abs_above_15": 19.789413452148438, "grade_reliable": true, "max_abs_grade_reliable": 0.16487074366248008, "shortest_use": 20, "flat_use": 9, "flat_use_per_objective": 3.0, "unavoidability": 0.15, "barrier_score": 1.957617248196905, "neighborhood": "Fluntern" }, "geometry": { "type": "LineString", "coordinates": [ [ 8.556984832833075, 47.382164369627112 ], [ 8.556927008404866, 47.381953410161394 ], [ 8.55686370840488, 47.381722510161325 ], [ 8.556841808404885, 47.381639310161255 ] ] } },
{ "type": "Feature", "properties": { "edge_id": 60398, "segment_id": "ea38a81f-f843-46e9-ae31-a03e03ea0e5c", "u": "e1c06f74-8d28-4c19-80b6-8c1a4952b701", "v": "d3772e9f-b089-4ac0-aa7e-3d08a8729917", "part": 0, "cls": "residential", "subclass": null, "name": "Susenbergstrasse", "length_m": 101.08737188577928, "is_bridge": false, "is_tunnel": false, "is_covered": false, "is_structure": false, "walk_ok": true, "walk_oneway": false, "walk_restricted": false, "walk_sidepath": false, "under_at_m": [ ], "bike_ok": true, "bike_oneway": false, "bike_restricted": false, "bike_facility": "", "low_stress": true, "max_abs_grade": 0.11931418119890307, "elev_min": 570.948486328125, "elev_max": 582.038330078125, "cum_gain_fwd": 0.0, "cum_loss_fwd": 11.08984375, "net_change_fwd": -11.08984375, "avg_grade_fwd": -0.10970553046991771, "n_samples": 22, "d_abs_above_3": 101.08737182617188, "d_abs_above_5": 101.08737182617188, "d_abs_above_8": 101.08737182617188, "d_abs_above_10": 77.018951416015625, "d_abs_above_15": 0.0, "grade_reliable": true, "max_abs_grade_reliable": 0.11931418119890307, "shortest_use": 16, "flat_use": 16, "flat_use_per_objective": 5.333333333333333, "unavoidability": 0.33333333333333331, "barrier_score": 1.9297851209761228, "neighborhood": "Fluntern" }, "geometry": { "type": "LineString", "coordinates": [ [ 8.567463008415851, 47.379481410157496 ], [ 8.567454608415915, 47.379241010157465 ], [ 8.567445808415949, 47.379123810157438 ], [ 8.567417608415955, 47.379002410157391 ], [ 8.567300208415944, 47.378676910157324 ], [ 8.567251508415922, 47.378589610157334 ] ] } },
{ "type": "Feature", "properties": { "edge_id": 54768, "segment_id": "df59545a-7421-44e1-8f7c-4b45f3e5e478", "u": "a9c80f5a-4115-4654-a70f-d2292f4225a1", "v": "7428c9af-fa0f-4c01-87c5-7d674dea4005", "part": 1, "cls": "pedestrian", "subclass": null, "name": "Torgasse", "length_m": 52.572747528795269, "is_bridge": false, "is_tunnel": false, "is_covered": false, "is_structure": false, "walk_ok": true, "walk_oneway": false, "walk_restricted": false, "walk_sidepath": false, "under_at_m": [ ], "bike_ok": true, "bike_oneway": false, "bike_restricted": false, "bike_facility": "car_free_street", "low_stress": true, "max_abs_grade": 0.096092587049785488, "elev_min": 408.21160888671875, "elev_max": 411.55169677734375, "cum_gain_fwd": 3.340087890625, "cum_loss_fwd": -0.0, "net_change_fwd": 3.340087890625, "avg_grade_fwd": 0.063532688078260693, "n_samples": 12, "d_abs_above_3": 47.793405532836914, "d_abs_above_5": 38.234724044799805, "d_abs_above_8": 14.338020324707031, "d_abs_above_10": 0.0, "d_abs_above_15": 0.0, "grade_reliable": true, "max_abs_grade_reliable": 0.096092587049785488, "shortest_use": 38, "flat_use": 22, "flat_use_per_objective": 7.333333333333333, "unavoidability": 0.19298245614035087, "barrier_score": 1.9197035009757186, "neighborhood": "Rathaus" }, "geometry": { "type": "LineString", "coordinates": [ [ 8.545304729213944, 47.367961879525133 ], [ 8.545304808397924, 47.367961910160247 ], [ 8.545909008398437, 47.368196510160153 ] ] } },
{ "type": "Feature", "properties": { "edge_id": 67589, "segment_id": "a8e9fd44-f159-4c53-9460-667f19fed315", "u": "a8ecd8d1-75e3-47cf-bb3d-f91d0e97eb5a", "v": "3aa836d7-f62d-40ae-95e8-da8e52fbfcd7", "part": 0, "cls": "footway", "subclass": null, "name": "Geissbergweg", "length_m": 65.449828684209052, "is_bridge": false, "is_tunnel": false, "is_covered": false, "is_structure": false, "walk_ok": true, "walk_oneway": false, "walk_restricted": false, "walk_sidepath": false, "under_at_m": [ ], "bike_ok": false, "bike_oneway": false, "bike_restricted": false, "bike_facility": "", "low_stress": false, "max_abs_grade": 0.24385403746980874, "elev_min": 496.07223510742188, "elev_max": 508.56683349609375, "cum_gain_fwd": 12.494598388671875, "cum_loss_fwd": -0.0, "net_change_fwd": 12.494598388671875, "avg_grade_fwd": 0.19090345322801749, "n_samples": 15, "d_abs_above_3": 65.4498291015625, "d_abs_above_5": 65.4498291015625, "d_abs_above_8": 65.4498291015625, "d_abs_above_10": 65.4498291015625, "d_abs_above_15": 51.42486572265625, "grade_reliable": true, "max_abs_grade_reliable": 0.24385403746980874, "shortest_use": 12, "flat_use": 0, "flat_use_per_objective": 0.0, "unavoidability": 0.0, "barrier_score": 1.9152245971622015, "neighborhood": "Oberstrass" }, "geometry": { "type": "LineString", "coordinates": [ [ 8.549422808396328, 47.386032210164863 ], [ 8.549779908396626, 47.386181910164787 ], [ 8.549797308396643, 47.386186310164824 ], [ 8.549812908396655, 47.386185410164792 ], [ 8.549827308396674, 47.386178910164759 ], [ 8.549880308396755, 47.386078910164741 ], [ 8.549890208396766, 47.386072410164743 ], [ 8.549904408396776, 47.386072210164713 ], [ 8.549915908396791, 47.38607541016475 ], [ 8.549923008396794, 47.386084210164732 ], [ 8.549938208396771, 47.38620871016478 ] ] } },
{ "type": "Feature", "properties": { "edge_id": 88089, "segment_id": "5b7f2966-9083-4715-9c66-65cdb92c8cd8", "u": "de481f9b-c733-4938-a4c6-452d9760f853", "v": "15837772-d540-4cc1-9542-46ddca422e97", "part": 1, "cls": "residential", "subclass": null, "name": "Käferholzstrasse", "length_m": 58.055839443023103, "is_bridge": false, "is_tunnel": false, "is_covered": false, "is_structure": false, "walk_ok": true, "walk_oneway": false, "walk_restricted": false, "walk_sidepath": false, "under_at_m": [ ], "bike_ok": true, "bike_oneway": false, "bike_restricted": false, "bike_facility": "", "low_stress": true, "max_abs_grade": 0.091117753690324224, "elev_min": 470.24154663085938, "elev_max": 473.72308349609375, "cum_gain_fwd": 0.0, "cum_loss_fwd": 3.481536865234375, "net_change_fwd": -3.481536865234375, "avg_grade_fwd": -0.059968762710271836, "n_samples": 13, "d_abs_above_3": 53.21785306930542, "d_abs_above_5": 33.86590576171875, "d_abs_above_8": 14.513961791992188, "d_abs_above_10": 0.0, "d_abs_above_15": 0.0, "grade_reliable": true, "max_abs_grade_reliable": 0.091117753690324224, "shortest_use": 36, "flat_use": 0, "flat_use_per_objective": 0.0, "unavoidability": 0.0, "barrier_score": 1.9043703643155803, "neighborhood": "Affoltern" }, "geometry": { "type": "LineString", "coordinates": [ [ 8.523870289085631, 47.410943311985022 ], [ 8.523867708363792, 47.410946510180203 ], [ 8.52377870836367, 47.411050410180273 ], [ 8.523658308363501, 47.411223010180365 ], [ 8.523567700527659, 47.411421033701934 ] ] } },
{ "type": "Feature", "properties": { "edge_id": 39173, "segment_id": "2ab305b3-16c6-48de-92ad-e09866eb7ae1", "u": "7c58f86e-1006-41d8-89e9-1cd263db25ae", "v": "a82320b9-7a84-4a18-a65f-0849804b7ebd", "part": 0, "cls": "residential", "subclass": null, "name": "Bruggerweg", "length_m": 170.39696393569642, "is_bridge": false, "is_tunnel": false, "is_covered": false, "is_structure": false, "walk_ok": true, "walk_oneway": false, "walk_restricted": false, "walk_sidepath": false, "under_at_m": [ ], "bike_ok": true, "bike_oneway": false, "bike_restricted": false, "bike_facility": "", "low_stress": true, "max_abs_grade": 0.092270720853253427, "elev_min": 455.76443481445312, "elev_max": 460.93353271484375, "cum_gain_fwd": 5.169097900390625, "cum_loss_fwd": 0.44708251953125, "net_change_fwd": 4.722015380859375, "avg_grade_fwd": 0.027711852681999456, "n_samples": 36, "d_abs_above_3": 68.158782958984375, "d_abs_above_5": 58.421817779541016, "d_abs_above_8": 14.605453491210938, "d_abs_above_10": 0.0, "d_abs_above_15": 0.0, "grade_reliable": true, "max_abs_grade_reliable": 0.092270720853253427, "shortest_use": 12, "flat_use": 31, "flat_use_per_objective": 10.333333333333334, "unavoidability": 0.86111111111111116, "barrier_score": 1.8867180832263042, "neighborhood": "Wipkingen" }, "geometry": { "type": "LineString", "coordinates": [ [ 8.52274710836703, 47.396983210176046 ], [ 8.523154108367311, 47.397356810176092 ], [ 8.523298108367426, 47.397440610176069 ], [ 8.523454908367553, 47.397507910175996 ], [ 8.523667708367753, 47.397543810175996 ], [ 8.523894208367976, 47.397533310175902 ], [ 8.524103408368189, 47.397501010175837 ], [ 8.524616808368725, 47.397394710175675 ] ] } },
{ "type": "Feature", "properties": { "edge_id": 80044, "segment_id": "2ad7cffd-9a94-4694-9425-0da20f45f932", "u": "d723a943-46b4-43f5-b7cf-7edc2a0726d0", "v": "cb581119-19f7-4dcf-b858-61504c8d6dd1", "part": 3, "cls": "residential", "subclass": null, "name": "Michelstrasse", "length_m": 27.381452753262785, "is_bridge": false, "is_tunnel": false, "is_covered": false, "is_structure": false, "walk_ok": true, "walk_oneway": false, "walk_restricted": false, "walk_sidepath": false, "under_at_m": [ ], "bike_ok": true, "bike_oneway": false, "bike_restricted": false, "bike_facility": "", "low_stress": true, "max_abs_grade": 0.13193191754004382, "elev_min": 476.53121948242188, "elev_max": 479.95877075195312, "cum_gain_fwd": 3.42755126953125, "cum_loss_fwd": -0.0, "net_change_fwd": 3.42755126953125, "avg_grade_fwd": 0.12517784664518447, "n_samples": 7, "d_abs_above_3": 27.381452560424805, "d_abs_above_5": 27.381452560424805, "d_abs_above_8": 27.381452560424805, "d_abs_above_10": 27.381452560424805, "d_abs_above_15": 0.0, "grade_reliable": true, "max_abs_grade_reliable": 0.13193191754004382, "shortest_use": 52, "flat_use": 104, "flat_use_per_objective": 34.666666666666664, "unavoidability": 0.66666666666666663, "barrier_score": 1.8784935347204372, "neighborhood": "Höngg" }, "geometry": { "type": "LineString", "coordinates": [ [ 8.495441755759147, 47.404722500298917 ], [ 8.495422008338046, 47.404774410186434 ], [ 8.495402108337988, 47.404894410186479 ], [ 8.495397068288176, 47.404966230895994 ] ] } },
{ "type": "Feature", "properties": { "edge_id": 5043, "segment_id": "619d756e-f91e-4a2d-8f82-97ce59cf038f", "u": "5b213395-0654-4221-a9df-8c45a3d0334b", "v": "ed62b435-c4a3-437f-8716-f3aa2e950999", "part": 2, "cls": "service", "subclass": null, "name": "Rellstabweg", "length_m": 55.600222113736471, "is_bridge": false, "is_tunnel": false, "is_covered": false, "is_structure": false, "walk_ok": true, "walk_oneway": false, "walk_restricted": false, "walk_sidepath": false, "under_at_m": [ ], "bike_ok": true, "bike_oneway": false, "bike_restricted": false, "bike_facility": "", "low_stress": false, "max_abs_grade": 0.10541036836758606, "elev_min": 463.87710571289062, "elev_max": 467.739013671875, "cum_gain_fwd": 3.861907958984375, "cum_loss_fwd": -0.0, "net_change_fwd": 3.861907958984375, "avg_grade_fwd": 0.069458496981015444, "n_samples": 13, "d_abs_above_3": 46.333518981933594, "d_abs_above_5": 37.066814422607422, "d_abs_above_8": 32.433464050292969, "d_abs_above_10": 4.6333518028259277, "d_abs_above_15": 0.0, "grade_reliable": true, "max_abs_grade_reliable": 0.10541036836758606, "shortest_use": 32, "flat_use": 3, "flat_use_per_objective": 1.0, "unavoidability": 0.03125, "barrier_score": 1.8754687661851412, "neighborhood": "Leimbach" }, "geometry": { "type": "LineString", "coordinates": [ [ 8.51485765758998, 47.335643086306099 ], [ 8.514834108378226, 47.335636110158525 ], [ 8.514662608378103, 47.335488110158508 ], [ 8.51474300837827, 47.335199010158405 ] ] } },
{ "type": "Feature", "properties": { "edge_id": 50885, "segment_id": "061a6251-4d81-47b8-9678-d4133a841d81", "u": "fb041b70-dc06-4e9b-b7e5-adbb898df19a", "v": "747012fc-927a-4827-800b-6b8c6ddcfeea", "part": 1, "cls": "residential", "subclass": null, "name": "Bachtobelstrasse", "length_m": 80.160858657359398, "is_bridge": false, "is_tunnel": false, "is_covered": false, "is_structure": false, "walk_ok": true, "walk_oneway": false, "walk_restricted": false, "walk_sidepath": false, "under_at_m": [ ], "bike_ok": true, "bike_oneway": false, "bike_restricted": false, "bike_facility": "", "low_stress": true, "max_abs_grade": 0.088439482420306775, "elev_min": 467.52481079101562, "elev_max": 474.27578735351562, "cum_gain_fwd": 0.0, "cum_loss_fwd": 6.7509765625, "net_change_fwd": -6.7509765625, "avg_grade_fwd": -0.084217867896392101, "n_samples": 18, "d_abs_above_3": 80.160858154296875, "d_abs_above_5": 80.160858154296875, "d_abs_above_8": 66.014823913574219, "d_abs_above_10": 0.0, "d_abs_above_15": 0.0, "grade_reliable": true, "max_abs_grade_reliable": 0.088439482420306775, "shortest_use": 26, "flat_use": 82, "flat_use_per_objective": 27.333333333333332, "unavoidability": 1.0, "barrier_score": 1.8432400610063007, "neighborhood": "Friesenberg" }, "geometry": { "type": "LineString", "coordinates": [ [ 8.509054745707175, 47.357812461110747 ], [ 8.509063708365799, 47.357814710167382 ], [ 8.509092808365827, 47.357826110167423 ], [ 8.509113608365841, 47.357839410167415 ], [ 8.50915430836587, 47.357879810167411 ], [ 8.509274508365955, 47.357968210167385 ], [ 8.509416708366064, 47.35807051016738 ], [ 8.509594508366199, 47.358194010167388 ], [ 8.509717408366297, 47.358274610167371 ], [ 8.509794808366355, 47.358325810167358 ] ] } },
{ "type": "Feature", "properties": { "edge_id": 59653, "segment_id": "665b711b-6860-47ea-8ba6-25e745e53973", "u": "cd93e507-ebaa-4b46-947e-3ac8519dfcb8", "v": "1ad60d58-c51a-4ab0-825b-78b46c587ade", "part": 2, "cls": "footway", "subclass": null, "name": null, "length_m": 58.39268644607963, "is_bridge": false, "is_tunnel": false, "is_covered": false, "is_structure": false, "walk_ok": true, "walk_oneway": false, "walk_restricted": false, "walk_sidepath": false, "under_at_m": [ ], "bike_ok": false, "bike_oneway": false, "bike_restricted": false, "bike_facility": "", "low_stress": false, "max_abs_grade": 0.12042575792318562, "elev_min": 510.77001953125, "elev_max": 516.50335693359375, "cum_gain_fwd": 0.0, "cum_loss_fwd": 5.73333740234375, "net_change_fwd": -5.73333740234375, "avg_grade_fwd": -0.098185884217796324, "n_samples": 13, "d_abs_above_3": 58.392684936523438, "d_abs_above_5": 58.392684936523438, "d_abs_above_8": 58.392684936523438, "d_abs_above_10": 19.464228630065918, "d_abs_above_15": 0.0, "grade_reliable": true, "max_abs_grade_reliable": 0.12042575792318562, "shortest_use": 26, "flat_use": 92, "flat_use_per_objective": 30.666666666666668, "unavoidability": 1.0, "barrier_score": 1.8283157158344177, "neighborhood": "Hottingen" }, "geometry": { "type": "LineString", "coordinates": [ [ 8.566007710853373, 47.37246452969142 ], [ 8.565989908416604, 47.372462210155732 ], [ 8.56583390841646, 47.372442010155716 ], [ 8.565291208415955, 47.372364310155916 ], [ 8.565252726062466, 47.37235364291633 ] ] } },
{ "type": "Feature", "properties": { "edge_id": 72096, "segment_id": "b5d10a6b-b30a-4066-a101-0c93fe185593", "u": "eea33f8c-f4dc-40ca-98d5-130d13fa8f57", "v": "3668f182-058b-41cc-9f9a-788583d36075", "part": 0, "cls": "residential", "subclass": null, "name": "Frohburgstrasse", "length_m": 105.31224633594843, "is_bridge": false, "is_tunnel": false, "is_covered": false, "is_structure": false, "walk_ok": true, "walk_oneway": false, "walk_restricted": false, "walk_sidepath": false, "under_at_m": [ ], "bike_ok": true, "bike_oneway": false, "bike_restricted": false, "bike_facility": "", "low_stress": true, "max_abs_grade": 0.086447718375519234, "elev_min": 491.16473388671875, "elev_max": 499.73324584960938, "cum_gain_fwd": 0.0, "cum_loss_fwd": 8.568511962890625, "net_change_fwd": -8.568511962890625, "avg_grade_fwd": -0.081362919384065785, "n_samples": 23, "d_abs_above_3": 105.31224822998047, "d_abs_above_5": 105.31224822998047, "d_abs_above_8": 67.016887664794922, "d_abs_above_10": 0.0, "d_abs_above_15": 0.0, "grade_reliable": true, "max_abs_grade_reliable": 0.086447718375519234, "shortest_use": 20, "flat_use": 23, "flat_use_per_objective": 7.666666666666667, "unavoidability": 0.38333333333333336, "barrier_score": 1.8208006825486753, "neighborhood": "Oberstrass" }, "geometry": { "type": "LineString", "coordinates": [ [ 8.552890408395887, 47.398266110167768 ], [ 8.552928508395896, 47.398370710167804 ], [ 8.553168908395925, 47.399012910167919 ], [ 8.553248808395949, 47.399181210167939 ] ] } },
{ "type": "Feature", "properties": { "edge_id": 57750, "segment_id": "036bfc43-8cc6-4f8a-9bc7-8e3b3a9b3101", "u": "e297b1b7-0ab4-4de5-8e4d-85850cb5be7b", "v": "03c9a7ad-a3b3-4a58-8668-03900f35b3ea", "part": 1, "cls": "secondary", "subclass": null, "name": "Hofackerstrasse", "length_m": 60.441920915009618, "is_bridge": false, "is_tunnel": false, "is_covered": false, "is_structure": false, "walk_ok": true, "walk_oneway": false, "walk_restricted": false, "walk_sidepath": false, "under_at_m": [ ], "bike_ok": true, "bike_oneway": false, "bike_restricted": false, "bike_facility": "", "low_stress": false, "max_abs_grade": 0.11554910480047489, "elev_min": 462.30096435546875, "elev_max": 468.38104248046875, "cum_gain_fwd": 0.0, "cum_loss_fwd": 6.080078125, "net_change_fwd": -6.080078125, "avg_grade_fwd": -0.1005937270168482, "n_samples": 14, "d_abs_above_3": 60.441921234130859, "d_abs_above_5": 60.441921234130859, "d_abs_above_8": 55.79254150390625, "d_abs_above_10": 32.545649528503418, "d_abs_above_15": 0.0, "grade_reliable": true, "max_abs_grade_reliable": 0.11554910480047489, "shortest_use": 26, "flat_use": 42, "flat_use_per_objective": 14.0, "unavoidability": 0.53846153846153844, "barrier_score": 1.8158425620791201, "neighborhood": "Hirslanden" }, "geometry": { "type": "LineString", "coordinates": [ [ 8.567855641069759, 47.362709478624659 ], [ 8.567716208421322, 47.362644210152006 ], [ 8.567196908420891, 47.362401210152122 ], [ 8.567196705212339, 47.362401116532453 ] ] } },
{ "type": "Feature", "properties": { "edge_id": 58211, "segment_id": "c1943f46-4940-403d-8831-c0e269ba4aa4", "u": "b6a5c1cf-febd-4acc-a91c-70649afec455", "v": "cb8cf1e2-eb19-4752-893e-8ed469462531", "part": 4, "cls": "residential", "subclass": null, "name": "Waserstrasse", "length_m": 31.487476176394843, "is_bridge": false, "is_tunnel": false, "is_covered": false, "is_structure": false, "walk_ok": true, "walk_oneway": false, "walk_restricted": false, "walk_sidepath": false, "under_at_m": [ ], "bike_ok": true, "bike_oneway": false, "bike_restricted": false, "bike_facility": "", "low_stress": true, "max_abs_grade": 0.1434625277417593, "elev_min": 559.62921142578125, "elev_max": 563.60498046875, "cum_gain_fwd": 3.97576904296875, "cum_loss_fwd": -0.0, "net_change_fwd": 3.97576904296875, "avg_grade_fwd": 0.12626509025104998, "n_samples": 8, "d_abs_above_3": 31.487476348876953, "d_abs_above_5": 31.487476348876953, "d_abs_above_8": 31.487476348876953, "d_abs_above_10": 31.487476348876953, "d_abs_above_15": 0.0, "grade_reliable": true, "max_abs_grade_reliable": 0.1434625277417593, "shortest_use": 40, "flat_use": 82, "flat_use_per_objective": 27.333333333333332, "unavoidability": 0.68333333333333335, "barrier_score": 1.806909169789612, "neighborhood": "Witikon" }, "geometry": { "type": "LineString", "coordinates": [ [ 8.582522461135863, 47.358321879249615 ], [ 8.582531508437016, 47.358321110146335 ], [ 8.582649108437133, 47.358314510146315 ], [ 8.582782008437269, 47.358314910146284 ], [ 8.582938717090443, 47.358317767774601 ] ] } },
{ "type": "Feature", "properties": { "edge_id": 61964, "segment_id": "70383ecb-4088-4cd5-9fbc-67e79090c138", "u": "45b86025-0c8f-4bcc-bab0-5e400b4b633a", "v": "0d1775b0-99d8-45b7-b63a-36cf87a25665", "part": 1, "cls": "residential", "subclass": null, "name": "Zürichbergstrasse", "length_m": 45.953469968423235, "is_bridge": false, "is_tunnel": false, "is_covered": false, "is_structure": false, "walk_ok": true, "walk_oneway": true, "walk_restricted": false, "walk_sidepath": false, "under_at_m": [ ], "bike_ok": true, "bike_oneway": true, "bike_restricted": false, "bike_facility": "", "low_stress": true, "max_abs_grade": 0.081697267031505191, "elev_min": 446.74337768554688, "elev_max": 450.15151977539062, "cum_gain_fwd": 0.0, "cum_loss_fwd": 3.40814208984375, "net_change_fwd": -3.40814208984375, "avg_grade_fwd": -0.074165067713859695, "n_samples": 11, "d_abs_above_3": 45.953468322753906, "d_abs_above_5": 45.953468322753906, "d_abs_above_8": 13.786041736602783, "d_abs_above_10": 0.0, "d_abs_above_15": 0.0, "grade_reliable": true, "max_abs_grade_reliable": 0.081697267031505191, "shortest_use": 48, "flat_use": 54, "flat_use_per_objective": 18.0, "unavoidability": 0.375, "barrier_score": 1.8020509953765731, "neighborhood": "Fluntern" }, "geometry": { "type": "LineString", "coordinates": [ [ 8.554499093230802, 47.373808306717251 ], [ 8.553977608404571, 47.373690010159585 ], [ 8.553922108404517, 47.373677410159587 ], [ 8.553921985260548, 47.373677382113662 ] ] } },
{ "type": "Feature", "properties": { "edge_id": 18000, "segment_id": "b661cafd-dcca-455f-828f-5f9a3963bab8", "u": "70df0f6c-1920-4fd4-968c-c1da44172339", "v": "dad9504a-5615-40e4-ac5b-9da7a3188e58", "part": 0, "cls": "unclassified", "subclass": null, "name": "Kartausstrasse", "length_m": 267.26052329189446, "is_bridge": false, "is_tunnel": false, "is_covered": false, "is_structure": false, "walk_ok": true, "walk_oneway": false, "walk_restricted": false, "walk_sidepath": false, "under_at_m": [ ], "bike_ok": false, "bike_oneway": false, "bike_restricted": false, "bike_facility": "", "low_stress": false, "max_abs_grade": 0.16776679872362071, "elev_min": 439.69345092773438, "elev_max": 462.59478759765625, "cum_gain_fwd": 22.901336669921875, "cum_loss_fwd": 1.2841796875, "net_change_fwd": 21.617156982421875, "avg_grade_fwd": 0.080884210992678007, "n_samples": 55, "d_abs_above_3": 183.12295532226562, "d_abs_above_5": 163.32588195800781, "d_abs_above_8": 143.52879333496094, "d_abs_above_10": 138.57952880859375, "d_abs_above_15": 64.340492248535156, "grade_reliable": true, "max_abs_grade_reliable": 0.16776679872362071, "shortest_use": 4, "flat_use": 2, "flat_use_per_objective": 0.66666666666666663, "unavoidability": 0.16666666666666666, "barrier_score": 1.7934976967152321, "neighborhood": "Weinegg" }, "geometry": { "type": "LineString", "coordinates": [ [ 8.562824708418621, 47.356042710151335 ], [ 8.562929708418711, 47.356071410151273 ], [ 8.562998108418768, 47.356101010151278 ], [ 8.563106008418851, 47.356170410151265 ], [ 8.563320108418996, 47.356371210151259 ], [ 8.563473208419111, 47.356480310151262 ], [ 8.563560608419188, 47.356531710151266 ], [ 8.563609908419219, 47.356555510151239 ], [ 8.563763808419358, 47.356591610151206 ], [ 8.563873408419466, 47.356601910151213 ], [ 8.564005308419592, 47.356617210151164 ], [ 8.564198008419773, 47.356625510151069 ], [ 8.564373208419948, 47.356624410151042 ], [ 8.564798308420364, 47.356591410150905 ], [ 8.565079508420633, 47.3565994101508 ], [ 8.56535310842089, 47.356628710150794 ], [ 8.565611208421135, 47.356655210150727 ], [ 8.566018708421524, 47.35667861015061 ] ] } },
{ "type": "Feature", "properties": { "edge_id": 58880, "segment_id": "eb547222-2b6b-471b-9ab0-15acc49d8b36", "u": "4aafec0d-739f-4c9c-a134-e53269c51e9d", "v": "a26c104c-f360-41b6-a485-86c11a125253", "part": 1, "cls": "residential", "subclass": null, "name": "Klusstrasse", "length_m": 44.181797175200543, "is_bridge": false, "is_tunnel": false, "is_covered": false, "is_structure": false, "walk_ok": true, "walk_oneway": false, "walk_restricted": false, "walk_sidepath": false, "under_at_m": [ ], "bike_ok": true, "bike_oneway": false, "bike_restricted": false, "bike_facility": "", "low_stress": true, "max_abs_grade": 0.1541765722641974, "elev_min": 485.76495361328125, "elev_max": 491.82083129882812, "cum_gain_fwd": 6.055877685546875, "cum_loss_fwd": -0.0, "net_change_fwd": 6.055877685546875, "avg_grade_fwd": 0.13706725604133935, "n_samples": 10, "d_abs_above_3": 44.181797027587891, "d_abs_above_5": 44.181797027587891, "d_abs_above_8": 44.181797027587891, "d_abs_above_10": 44.181797027587891, "d_abs_above_15": 9.8181772232055664, "grade_reliable": true, "max_abs_grade_reliable": 0.1541765722641974, "shortest_use": 26, "flat_use": 61, "flat_use_per_objective": 20.333333333333332, "unavoidability": 0.78205128205128205, "barrier_score": 1.7710674916855487, "neighborhood": "Hirslanden" }, "geometry": { "type": "LineString", "coordinates": [ [ 8.568197272284021, 47.364682915867412 ], [ 8.56852570842149, 47.364631510152421 ], [ 8.568766708421739, 47.364592210152345 ] ] } },
{ "type": "Feature", "properties": { "edge_id": 61736, "segment_id": "f004a0b3-e23e-4dff-a9a0-b9c0ced80467", "u": "d0c98b97-e3b1-4444-a5c6-111251762060", "v": "ee9e2088-e5fc-4278-8acd-bfaafdc987f1", "part": 3, "cls": "residential", "subclass": null, "name": "Häldeliweg", "length_m": 91.086898009598414, "is_bridge": false, "is_tunnel": false, "is_covered": false, "is_structure": false, "walk_ok": true, "walk_oneway": false, "walk_restricted": false, "walk_sidepath": false, "under_at_m": [ ], "bike_ok": true, "bike_oneway": false, "bike_restricted": false, "bike_facility": "", "low_stress": true, "max_abs_grade": 0.16187407000708187, "elev_min": 480.45550537109375, "elev_max": 492.10577392578125, "cum_gain_fwd": 11.6502685546875, "cum_loss_fwd": -0.0, "net_change_fwd": 11.6502685546875, "avg_grade_fwd": 0.12790279071629629, "n_samples": 20, "d_abs_above_3": 91.086898803710938, "d_abs_above_5": 91.086898803710938, "d_abs_above_8": 81.498802185058594, "d_abs_above_10": 71.910710334777832, "d_abs_above_15": 19.176189422607422, "grade_reliable": true, "max_abs_grade_reliable": 0.16187407000708187, "shortest_use": 12, "flat_use": 0, "flat_use_per_objective": 0.0, "unavoidability": 0.0, "barrier_score": 1.7693528286160392, "neighborhood": "Fluntern" }, "geometry": { "type": "LineString", "coordinates": [ [ 8.554575022797119, 47.377030879033192 ], [ 8.554763008404269, 47.377138210160467 ], [ 8.555494308404844, 47.377547910160409 ], [ 8.555497408930872, 47.377556196048907 ] ] } },
{ "type": "Feature", "properties": { "edge_id": 9627, "segment_id": "ffb652e4-f111-4a4d-a0cb-bc1b2130be7b", "u": "ecc54b10-286f-4fe3-9248-4a794d2a5aaf", "v": "2d65df62-6937-4208-b5f3-472bea140c1e", "part": 10, "cls": "footway", "subclass": null, "name": null, "length_m": 64.50545215395907, "is_bridge": false, "is_tunnel": false, "is_covered": false, "is_structure": false, "walk_ok": true, "walk_oneway": false, "walk_restricted": false, "walk_sidepath": false, "under_at_m": [ ], "bike_ok": false, "bike_oneway": false, "bike_restricted": false, "bike_facility": "", "low_stress": false, "max_abs_grade": 0.085353998374011864, "elev_min": 422.32791137695312, "elev_max": 426.07699584960938, "cum_gain_fwd": 0.0, "cum_loss_fwd": 3.74908447265625, "net_change_fwd": -3.74908447265625, "avg_grade_fwd": -0.0581204251898228, "n_samples": 14, "d_abs_above_3": 59.543495178222656, "d_abs_above_5": 39.695663452148438, "d_abs_above_8": 9.9239158630371094, "d_abs_above_10": 0.0, "d_abs_above_15": 0.0, "grade_reliable": true, "max_abs_grade_reliable": 0.085353998374011864, "shortest_use": 32, "flat_use": 0, "flat_use_per_objective": 0.0, "unavoidability": 0.0, "barrier_score": 1.7618554426444553, "neighborhood": "Enge" }, "geometry": { "type": "LineString", "coordinates": [ [ 8.525312454020794, 47.354013649713885 ], [ 8.525310108382786, 47.354010310161492 ], [ 8.525296508382782, 47.353990810161477 ], [ 8.525275708382775, 47.353953110161498 ], [ 8.525260908382776, 47.353914010161489 ], [ 8.525158908382775, 47.353560410161379 ], [ 8.525145708382784, 47.353507510161386 ], [ 8.525117708382774, 47.353450310161378 ] ] } },
{ "type": "Feature", "properties": { "edge_id": 9301, "segment_id": "28ef37b8-e951-4f8d-aaec-526b7a361256", "u": "8ab9bc9c-59e8-4abf-8dfa-08659c0617d2", "v": "dacba23d-cde2-4c6c-a5cb-e9dd0f3e8a03", "part": 0, "cls": "steps", "subclass": null, "name": null, "length_m": 23.623916670792795, "is_bridge": false, "is_tunnel": false, "is_covered": false, "is_structure": false, "walk_ok": true, "walk_oneway": false, "walk_restricted": false, "walk_sidepath": false, "under_at_m": [ ], "bike_ok": false, "bike_oneway": false, "bike_restricted": false, "bike_facility": "", "low_stress": false, "max_abs_grade": 0.31035057669165372, "elev_min": 432.17254638671875, "elev_max": 439.14108276367188, "cum_gain_fwd": 0.0, "cum_loss_fwd": 6.968536376953125, "net_change_fwd": -6.968536376953125, "avg_grade_fwd": -0.29497802956562291, "n_samples": 6, "d_abs_above_3": 23.623916625976562, "d_abs_above_5": 23.623916625976562, "d_abs_above_8": 23.623916625976562, "d_abs_above_10": 23.623916625976562, "d_abs_above_15": 23.623916625976562, "grade_reliable": true, "max_abs_grade_reliable": 0.31035057669165372, "shortest_use": 24, "flat_use": 7, "flat_use_per_objective": 2.3333333333333335, "unavoidability": 0.097222222222222224, "barrier_score": 1.7596070789990679, "neighborhood": "Wollishofen" }, "geometry": { "type": "LineString", "coordinates": [ [ 8.523109008382441, 47.348175310160237 ], [ 8.523056308382378, 47.348218610160281 ], [ 8.523048208382363, 47.348239310160238 ], [ 8.523038308382313, 47.348374010160299 ] ] } },
{ "type": "Feature", "properties": { "edge_id": 51898, "segment_id": "2703f806-3ef3-4855-8330-c27e4d08b122", "u": "a24d21ee-26ab-473c-9cc2-ac1b12e9e943", "v": "a88caeac-5878-4599-9da0-d133f90e742f", "part": 0, "cls": "steps", "subclass": null, "name": null, "length_m": 49.574996703606729, "is_bridge": false, "is_tunnel": false, "is_covered": false, "is_structure": false, "walk_ok": true, "walk_oneway": false, "walk_restricted": false, "walk_sidepath": false, "under_at_m": [ ], "bike_ok": false, "bike_oneway": false, "bike_restricted": false, "bike_facility": "", "low_stress": false, "max_abs_grade": 0.3529020461437985, "elev_min": 421.74688720703125, "elev_max": 434.78863525390625, "cum_gain_fwd": 13.041748046875, "cum_loss_fwd": -0.0, "net_change_fwd": 13.041748046875, "avg_grade_fwd": 0.26307108118414979, "n_samples": 11, "d_abs_above_3": 49.574996948242188, "d_abs_above_5": 49.574996948242188, "d_abs_above_8": 49.574996948242188, "d_abs_above_10": 49.574996948242188, "d_abs_above_15": 49.574996948242188, "grade_reliable": true, "max_abs_grade_reliable": 0.3529020461437985, "shortest_use": 10, "flat_use": 0, "flat_use_per_objective": 0.0, "unavoidability": 0.0, "barrier_score": 1.749511777427488, "neighborhood": "Enge" }, "geometry": { "type": "LineString", "coordinates": [ [ 8.525655108380262, 47.363312110164415 ], [ 8.525428808380095, 47.363131510164386 ], [ 8.52539200838007, 47.363110610164433 ], [ 8.525194808379892, 47.363062010164469 ], [ 8.525158508379848, 47.36308481016448 ] ] } },
{ "type": "Feature", "properties": { "edge_id": 58191, "segment_id": "8a64cdda-14fe-4b00-be8c-46f63d33a0bf", "u": "ecb046d6-beba-48f0-952d-559bba9adb5d", "v": "0095e686-47d7-4167-a82d-5fa777aaa39f", "part": 1, "cls": "residential", "subclass": null, "name": "Waserstrasse", "length_m": 34.767583752119343, "is_bridge": false, "is_tunnel": false, "is_covered": false, "is_structure": false, "walk_ok": true, "walk_oneway": false, "walk_restricted": false, "walk_sidepath": false, "under_at_m": [ ], "bike_ok": true, "bike_oneway": false, "bike_restricted": false, "bike_facility": "", "low_stress": true, "max_abs_grade": 0.13210288203174234, "elev_min": 538.9310302734375, "elev_max": 542.9122314453125, "cum_gain_fwd": 3.981201171875, "cum_loss_fwd": -0.0, "net_change_fwd": 3.981201171875, "avg_grade_fwd": 0.11450900378347295, "n_samples": 8, "d_abs_above_3": 34.767581939697266, "d_abs_above_5": 34.767581939697266, "d_abs_above_8": 34.767581939697266, "d_abs_above_10": 29.800784111022949, "d_abs_above_15": 0.0, "grade_reliable": true, "max_abs_grade_reliable": 0.13210288203174234, "shortest_use": 38, "flat_use": 81, "flat_use_per_objective": 27.0, "unavoidability": 0.71052631578947367, "barrier_score": 1.7453012456752786, "neighborhood": "Witikon" }, "geometry": { "type": "LineString", "coordinates": [ [ 8.580398927510423, 47.35832214793524 ], [ 8.580486208435046, 47.3583141101469 ], [ 8.580858208435405, 47.358307610146845 ] ] } },
{ "type": "Feature", "properties": { "edge_id": 74657, "segment_id": "a8ad5129-975b-487a-b254-903ef863039d", "u": "2cdcc67c-f5e3-4eca-b9df-d1252981064d", "v": "02c79383-0bd0-4b8c-88a2-376f3d5bf957", "part": 0, "cls": "steps", "subclass": null, "name": null, "length_m": 90.366778476263519, "is_bridge": false, "is_tunnel": false, "is_covered": false, "is_structure": false, "walk_ok": true, "walk_oneway": false, "walk_restricted": false, "walk_sidepath": false, "under_at_m": [ ], "bike_ok": false, "bike_oneway": false, "bike_restricted": false, "bike_facility": "", "low_stress": false, "max_abs_grade": 0.48240158117381343, "elev_min": 554.798095703125, "elev_max": 581.2001953125, "cum_gain_fwd": 26.402099609375, "cum_loss_fwd": -0.0, "net_change_fwd": 26.402099609375, "avg_grade_fwd": 0.29216600304241086, "n_samples": 20, "d_abs_above_3": 90.366775512695312, "d_abs_above_5": 90.366775512695312, "d_abs_above_8": 90.366775512695312, "d_abs_above_10": 90.366775512695312, "d_abs_above_15": 90.366775512695312, "grade_reliable": true, "max_abs_grade_reliable": 0.48240158117381343, "shortest_use": 4, "flat_use": 0, "flat_use_per_objective": 0.0, "unavoidability": 0.0, "barrier_score": 1.7437230729013302, "neighborhood": "Hottingen" }, "geometry": { "type": "LineString", "coordinates": [ [ 8.581971908428585, 47.383731610154648 ], [ 8.5819823084286, 47.383692010154668 ], [ 8.582017008428659, 47.383619710154626 ], [ 8.582123708428769, 47.383600210154611 ], [ 8.582170608428793, 47.383658610154633 ], [ 8.582202908428847, 47.38360261015459 ], [ 8.582204408428867, 47.383531210154565 ], [ 8.582341908428985, 47.38356681015452 ], [ 8.582314608428987, 47.383487410154544 ], [ 8.582397208429061, 47.383513710154496 ], [ 8.582392208429079, 47.383427510154497 ], [ 8.582521308429197, 47.383460510154414 ] ] } },
{ "type": "Feature", "properties": { "edge_id": 48675, "segment_id": "a7c46bdd-270a-4c69-a605-26564a52c76f", "u": "ccc985f3-0d45-4f13-bab8-065230fd6f34", "v": "0e1fca79-dfdf-4571-90f7-f8279bdbac71", "part": 1, "cls": "service", "subclass": null, "name": "Bühlstrasse", "length_m": 70.405355707048997, "is_bridge": false, "is_tunnel": false, "is_covered": false, "is_structure": false, "walk_ok": true, "walk_oneway": false, "walk_restricted": false, "walk_sidepath": false, "under_at_m": [ ], "bike_ok": true, "bike_oneway": false, "bike_restricted": false, "bike_facility": "", "low_stress": false, "max_abs_grade": 0.11223459579238111, "elev_min": 427.05325317382812, "elev_max": 433.320068359375, "cum_gain_fwd": 6.266815185546875, "cum_loss_fwd": -0.0, "net_change_fwd": 6.266815185546875, "avg_grade_fwd": 0.089010487560319373, "n_samples": 16, "d_abs_above_3": 70.405357360839844, "d_abs_above_5": 65.711662292480469, "d_abs_above_8": 56.324283599853516, "d_abs_above_10": 18.774761199951172, "d_abs_above_15": 0.0, "grade_reliable": true, "max_abs_grade_reliable": 0.11223459579238111, "shortest_use": 22, "flat_use": 0, "flat_use_per_objective": 0.0, "unavoidability": 0.0, "barrier_score": 1.7384216606678806, "neighborhood": "Alt-Wiedikon" }, "geometry": { "type": "LineString", "coordinates": [ [ 8.516865086204584, 47.368280581574368 ], [ 8.516795908370124, 47.368239110168517 ], [ 8.51620120836964, 47.367911710168592 ], [ 8.5161471083696, 47.367881910168634 ], [ 8.51614289335842, 47.367880435919936 ] ] } },
{ "type": "Feature", "properties": { "edge_id": 58879, "segment_id": "eb547222-2b6b-471b-9ab0-15acc49d8b36", "u": "baa68e82-d609-4598-9edf-7a7041f8ae67", "v": "4aafec0d-739f-4c9c-a134-e53269c51e9d", "part": 0, "cls": "residential", "subclass": null, "name": "Klusstrasse", "length_m": 42.509240521080308, "is_bridge": false, "is_tunnel": false, "is_covered": false, "is_structure": false, "walk_ok": true, "walk_oneway": false, "walk_restricted": false, "walk_sidepath": false, "under_at_m": [ ], "bike_ok": true, "bike_oneway": false, "bike_restricted": false, "bike_facility": "", "low_stress": true, "max_abs_grade": 0.15718022793297534, "elev_min": 479.2308349609375, "elev_max": 485.76495361328125, "cum_gain_fwd": 6.53411865234375, "cum_loss_fwd": -0.0, "net_change_fwd": 6.53411865234375, "avg_grade_fwd": 0.15371055271295248, "n_samples": 10, "d_abs_above_3": 42.509239196777344, "d_abs_above_5": 42.509239196777344, "d_abs_above_8": 42.509239196777344, "d_abs_above_10": 42.509239196777344, "d_abs_above_15": 42.509239196777344, "grade_reliable": true, "max_abs_grade_reliable": 0.15718022793297534, "shortest_use": 26, "flat_use": 61, "flat_use_per_objective": 20.333333333333332, "unavoidability": 0.78205128205128205, "barrier_score": 1.7372191497338791, "neighborhood": "Hirslanden" }, "geometry": { "type": "LineString", "coordinates": [ [ 8.567692408420612, 47.364848210152751 ], [ 8.567846108420781, 47.364785810152661 ], [ 8.567975408420924, 47.364737110152625 ], [ 8.568185808421145, 47.364684710152545 ], [ 8.568197272284021, 47.364682915867412 ] ] } },
{ "type": "Feature", "properties": { "edge_id": 60049, "segment_id": "305aa300-b0df-42e6-9393-3d9c6ceba3e9", "u": "4a228385-6a85-4931-b10e-a014c6cde0b0", "v": "ec0fa0ea-4d3d-47ce-9f81-751b7e62aa61", "part": 5, "cls": "track", "subclass": null, "name": "Breitweg", "length_m": 156.3881190808975, "is_bridge": false, "is_tunnel": false, "is_covered": false, "is_structure": false, "walk_ok": true, "walk_oneway": false, "walk_restricted": false, "walk_sidepath": false, "under_at_m": [ ], "bike_ok": true, "bike_oneway": false, "bike_restricted": false, "bike_facility": "", "low_stress": false, "max_abs_grade": 0.13878975780793859, "elev_min": 595.692138671875, "elev_max": 613.18621826171875, "cum_gain_fwd": 0.0, "cum_loss_fwd": 17.49407958984375, "net_change_fwd": -17.49407958984375, "avg_grade_fwd": -0.11186322403281787, "n_samples": 33, "d_abs_above_3": 156.38812255859375, "d_abs_above_5": 156.38812255859375, "d_abs_above_8": 156.38812255859375, "d_abs_above_10": 97.742576599121094, "d_abs_above_15": 0.0, "grade_reliable": true, "max_abs_grade_reliable": 0.13878975780793859, "shortest_use": 8, "flat_use": 0, "flat_use_per_objective": 0.0, "unavoidability": 0.0, "barrier_score": 1.7364055337021458, "neighborhood": "Hirslanden" }, "geometry": { "type": "LineString", "coordinates": [ [ 8.578221294721576, 47.370865969675819 ], [ 8.578221808428966, 47.370810610151594 ], [ 8.578310408429138, 47.370542010151503 ], [ 8.578777890161099, 47.3695139729682 ] ] } },
{ "type": "Feature", "properties": { "edge_id": 68145, "segment_id": "9b019b94-2a1c-49bd-a9e6-036d0e2dbedc", "u": "59216513-9890-411a-90eb-5664cfa31ef6", "v": "f6187546-c099-4238-af19-0693628139b4", "part": 2, "cls": "residential", "subclass": null, "name": "Krattenturmstrasse", "length_m": 111.0426883677449, "is_bridge": false, "is_tunnel": false, "is_covered": false, "is_structure": false, "walk_ok": true, "walk_oneway": false, "walk_restricted": false, "walk_sidepath": false, "under_at_m": [ ], "bike_ok": true, "bike_oneway": false, "bike_restricted": false, "bike_facility": "", "low_stress": true, "max_abs_grade": 0.19502913996030391, "elev_min": 537.58392333984375, "elev_max": 555.8570556640625, "cum_gain_fwd": 18.27313232421875, "cum_loss_fwd": -0.0, "net_change_fwd": 18.27313232421875, "avg_grade_fwd": 0.16455953027042264, "n_samples": 24, "d_abs_above_3": 111.04268646240234, "d_abs_above_5": 111.04268646240234, "d_abs_above_8": 111.04268646240234, "d_abs_above_10": 111.04268646240234, "d_abs_above_15": 77.247091293334961, "grade_reliable": true, "max_abs_grade_reliable": 0.19502913996030391, "shortest_use": 8, "flat_use": 32, "flat_use_per_objective": 10.666666666666666, "unavoidability": 1.0, "barrier_score": 1.7325248008993066, "neighborhood": "Oberstrass" }, "geometry": { "type": "LineString", "coordinates": [ [ 8.551356827836111, 47.392322477089742 ], [ 8.551430908396354, 47.392218710166254 ], [ 8.551524208396479, 47.39209511016616 ], [ 8.551570308396547, 47.392019610166166 ], [ 8.551609808396634, 47.391864310166099 ], [ 8.551646108396751, 47.39159941016603 ], [ 8.551668108396813, 47.391488210165974 ], [ 8.551714408396895, 47.391365210165922 ] ] } },
{ "type": "Feature", "properties": { "edge_id": 51043, "segment_id": "4d874308-d65a-40f8-91f8-e72555352695", "u": "feb50a86-6527-409f-9acc-a81d18d9056f", "v": "e715b595-df9e-43f7-a1d6-7398c9411bfb", "part": 0, "cls": "residential", "subclass": null, "name": "Bachtobelstrasse", "length_m": 81.352444444216331, "is_bridge": false, "is_tunnel": false, "is_covered": false, "is_structure": false, "walk_ok": true, "walk_oneway": true, "walk_restricted": false, "walk_sidepath": false, "under_at_m": [ ], "bike_ok": true, "bike_oneway": true, "bike_restricted": false, "bike_facility": "", "low_stress": true, "max_abs_grade": 0.081621468601727559, "elev_min": 459.6717529296875, "elev_max": 465.82101440429688, "cum_gain_fwd": 0.0, "cum_loss_fwd": 6.149261474609375, "net_change_fwd": -6.149261474609375, "avg_grade_fwd": -0.075587909925773425, "n_samples": 18, "d_abs_above_3": 81.352447509765625, "d_abs_above_5": 81.352447509765625, "d_abs_above_8": 9.5708761215209961, "d_abs_above_10": 0.0, "d_abs_above_15": 0.0, "grade_reliable": true, "max_abs_grade_reliable": 0.081621468601727559, "shortest_use": 26, "flat_use": 82, "flat_use_per_objective": 27.333333333333332, "unavoidability": 1.0, "barrier_score": 1.7264275573681209, "neighborhood": "Friesenberg" }, "geometry": { "type": "LineString", "coordinates": [ [ 8.509997508366512, 47.358459310167355 ], [ 8.5101145083666, 47.358530510167355 ], [ 8.510261708366714, 47.358620110167344 ], [ 8.510393208366828, 47.358674310167274 ], [ 8.510535708366945, 47.358754310167342 ], [ 8.510621108367005, 47.358836410167285 ], [ 8.510789008367139, 47.358934210167277 ], [ 8.510799630811846, 47.358940811811735 ] ] } },
{ "type": "Feature", "properties": { "edge_id": 60482, "segment_id": "ddedaf91-ee3f-4cc5-a5c4-fa28ae633bab", "u": "95eae354-ef83-455b-8299-2d1fd7614c9c", "v": "6c08f41e-3797-4b44-a234-2752321723e8", "part": 2, "cls": "residential", "subclass": null, "name": "Susenbergstrasse", "length_m": 72.912269984089875, "is_bridge": false, "is_tunnel": false, "is_covered": false, "is_structure": false, "walk_ok": true, "walk_oneway": false, "walk_restricted": false, "walk_sidepath": false, "under_at_m": [ ], "bike_ok": true, "bike_oneway": false, "bike_restricted": false, "bike_facility": "", "low_stress": true, "max_abs_grade": 0.14487760001742223, "elev_min": 560.12066650390625, "elev_max": 569.5281982421875, "cum_gain_fwd": 0.0, "cum_loss_fwd": 9.40753173828125, "net_change_fwd": -9.40753173828125, "avg_grade_fwd": -0.12902535870693374, "n_samples": 16, "d_abs_above_3": 72.912269592285156, "d_abs_above_5": 72.912269592285156, "d_abs_above_8": 72.912269592285156, "d_abs_above_10": 68.051451683044434, "d_abs_above_15": 0.0, "grade_reliable": true, "max_abs_grade_reliable": 0.14487760001742223, "shortest_use": 16, "flat_use": 16, "flat_use_per_objective": 5.333333333333333, "unavoidability": 0.33333333333333331, "barrier_score": 1.6901367499387638, "neighborhood": "Fluntern" }, "geometry": { "type": "LineString", "coordinates": [ [ 8.567169814131026, 47.378382056362184 ], [ 8.567169708415912, 47.378381810157272 ], [ 8.567141108415898, 47.378327310157275 ], [ 8.567043408415854, 47.378163910157269 ], [ 8.566976508415827, 47.378050410157208 ], [ 8.56693550841581, 47.377969010157202 ], [ 8.566893808415804, 47.377856910157142 ], [ 8.566871090535212, 47.377760740789093 ] ] } },
{ "type": "Feature", "properties": { "edge_id": 67647, "segment_id": "bd16af46-eca2-43ec-84df-aa417bce7f0c", "u": "84447412-9b0e-480d-af54-01f989bb020b", "v": "26da46d7-81b0-42d4-9d0b-16cdcff792c5", "part": 0, "cls": "footway", "subclass": null, "name": null, "length_m": 35.891408018531976, "is_bridge": false, "is_tunnel": false, "is_covered": false, "is_structure": false, "walk_ok": true, "walk_oneway": false, "walk_restricted": false, "walk_sidepath": false, "under_at_m": [ ], "bike_ok": true, "bike_oneway": false, "bike_restricted": false, "bike_facility": "shared_path", "low_stress": true, "max_abs_grade": 0.13828199299458077, "elev_min": 483.91650390625, "elev_max": 487.02102661132812, "cum_gain_fwd": 0.0, "cum_loss_fwd": 3.104522705078125, "net_change_fwd": -3.104522705078125, "avg_grade_fwd": -0.086497659563997936, "n_samples": 9, "d_abs_above_3": 35.891407012939453, "d_abs_above_5": 26.91855525970459, "d_abs_above_8": 17.945703506469727, "d_abs_above_10": 13.45927619934082, "d_abs_above_15": 0.0, "grade_reliable": true, "max_abs_grade_reliable": 0.13828199299458077, "shortest_use": 34, "flat_use": 0, "flat_use_per_objective": 0.0, "unavoidability": 0.0, "barrier_score": 1.687466046942655, "neighborhood": "Oberstrass" }, "geometry": { "type": "LineString", "coordinates": [ [ 8.548329308395401, 47.385601010165061 ], [ 8.54830060839538, 47.385576910165064 ], [ 8.548225108395329, 47.385505510165025 ], [ 8.548110808395263, 47.385363510165021 ], [ 8.548073308395235, 47.385330010165056 ] ] } },
{ "type": "Feature", "properties": { "edge_id": 74661, "segment_id": "ecf70572-3b8c-476e-bdcf-2c3be265fd40", "u": "cd638b00-791c-424a-94f5-e5cec169c8d5", "v": "9a91a526-f823-4c94-aefb-10b9b925c694", "part": 0, "cls": "track", "subclass": null, "name": null, "length_m": 56.97914561181225, "is_bridge": false, "is_tunnel": false, "is_covered": false, "is_structure": false, "walk_ok": true, "walk_oneway": false, "walk_restricted": false, "walk_sidepath": false, "under_at_m": [ ], "bike_ok": true, "bike_oneway": false, "bike_restricted": false, "bike_facility": "", "low_stress": false, "max_abs_grade": 0.20974220873958005, "elev_min": 566.7786865234375, "elev_max": 578.08990478515625, "cum_gain_fwd": 0.0, "cum_loss_fwd": 11.31121826171875, "net_change_fwd": -11.31121826171875, "avg_grade_fwd": -0.19851505760192267, "n_samples": 13, "d_abs_above_3": 56.979145050048828, "d_abs_above_5": 56.979145050048828, "d_abs_above_8": 56.979145050048828, "d_abs_above_10": 56.979145050048828, "d_abs_above_15": 56.979145050048828, "grade_reliable": true, "max_abs_grade_reliable": 0.20974220873958005, "shortest_use": 14, "flat_use": 0, "flat_use_per_objective": 0.0, "unavoidability": 0.0, "barrier_score": 1.6731304593801912, "neighborhood": "Hottingen" }, "geometry": { "type": "LineString", "coordinates": [ [ 8.580724108427635, 47.38288281015474 ], [ 8.580802308427707, 47.382894410154734 ], [ 8.581037508427917, 47.382954810154708 ], [ 8.581333608428181, 47.383014710154626 ], [ 8.581441308428282, 47.38304031015462 ] ] } },
{ "type": "Feature", "properties": { "edge_id": 58207, "segment_id": "c1943f46-4940-403d-8831-c0e269ba4aa4", "u": "0095e686-47d7-4167-a82d-5fa777aaa39f", "v": "635fdf14-9d81-430e-ad18-fe0aa94d610d", "part": 0, "cls": "residential", "subclass": null, "name": "Waserstrasse", "length_m": 37.060636964989257, "is_bridge": false, "is_tunnel": false, "is_covered": false, "is_structure": false, "walk_ok": true, "walk_oneway": false, "walk_restricted": false, "walk_sidepath": false, "under_at_m": [ ], "bike_ok": true, "bike_oneway": false, "bike_restricted": false, "bike_facility": "", "low_stress": true, "max_abs_grade": 0.11808929984527376, "elev_min": 542.9122314453125, "elev_max": 546.6719970703125, "cum_gain_fwd": 3.759765625, "cum_loss_fwd": -0.0, "net_change_fwd": 3.759765625, "avg_grade_fwd": 0.10144902474713913, "n_samples": 9, "d_abs_above_3": 37.060638427734375, "d_abs_above_5": 37.060638427734375, "d_abs_above_8": 37.060638427734375, "d_abs_above_10": 18.530319213867188, "d_abs_above_15": 0.0, "grade_reliable": true, "max_abs_grade_reliable": 0.11808929984527376, "shortest_use": 38, "flat_use": 81, "flat_use_per_objective": 27.0, "unavoidability": 0.71052631578947367, "barrier_score": 1.6630565749858721, "neighborhood": "Witikon" }, "geometry": { "type": "LineString", "coordinates": [ [ 8.580858208435405, 47.358307610146845 ], [ 8.581348627286843, 47.358299792735629 ] ] } },
{ "type": "Feature", "properties": { "edge_id": 71989, "segment_id": "9c6c9ea4-70ac-47d0-84ed-8ec402fc83b4", "u": "e3577571-0c96-471c-af09-b161d283b065", "v": "f11eda15-cd19-4eab-9a5b-309b23beb77c", "part": 1, "cls": "footway", "subclass": null, "name": null, "length_m": 42.110760621203902, "is_bridge": false, "is_tunnel": false, "is_covered": false, "is_structure": false, "walk_ok": true, "walk_oneway": false, "walk_restricted": false, "walk_sidepath": false, "under_at_m": [ ], "bike_ok": false, "bike_oneway": false, "bike_restricted": false, "bike_facility": "", "low_stress": false, "max_abs_grade": 0.19369217972389963, "elev_min": 459.4986572265625, "elev_max": 464.5303955078125, "cum_gain_fwd": 0.0, "cum_loss_fwd": 5.03173828125, "net_change_fwd": -5.03173828125, "avg_grade_fwd": -0.11948818574876192, "n_samples": 10, "d_abs_above_3": 42.110759735107422, "d_abs_above_5": 42.110759735107422, "d_abs_above_8": 37.431787490844727, "d_abs_above_10": 37.431787490844727, "d_abs_above_15": 9.3579463958740234, "grade_reliable": true, "max_abs_grade_reliable": 0.19369217972389963, "shortest_use": 20, "flat_use": 2, "flat_use_per_objective": 0.66666666666666663, "unavoidability": 0.033333333333333333, "barrier_score": 1.6313050029104681, "neighborhood": "Oerlikon" }, "geometry": { "type": "LineString", "coordinates": [ [ 8.556045204613884, 47.40249591642803 ], [ 8.555833408397316, 47.402846310168378 ] ] } },
{ "type": "Feature", "properties": { "edge_id": 96248, "segment_id": "0ac40cd7-9cf3-4ff9-8d7c-ccdcc579a62f", "u": "14c1ff1e-d5f5-4f93-b3bf-f700ea3fb07b", "v": "eee40495-d1a5-4c2c-89bd-8dcf2dff85b7", "part": 1, "cls": "residential", "subclass": null, "name": "Kirchenackerweg", "length_m": 59.053045006470761, "is_bridge": false, "is_tunnel": false, "is_covered": false, "is_structure": false, "walk_ok": true, "walk_oneway": true, "walk_restricted": false, "walk_sidepath": false, "under_at_m": [ ], "bike_ok": true, "bike_oneway": true, "bike_restricted": false, "bike_facility": "", "low_stress": true, "max_abs_grade": 0.11396288779985644, "elev_min": 440.04953002929688, "elev_max": 445.14620971679688, "cum_gain_fwd": 0.0, "cum_loss_fwd": 5.0966796875, "net_change_fwd": -5.0966796875, "avg_grade_fwd": -0.086306808202190624, "n_samples": 13, "d_abs_above_3": 54.131956100463867, "d_abs_above_5": 49.210868835449219, "d_abs_above_8": 39.368694305419922, "d_abs_above_10": 34.447607040405273, "d_abs_above_15": 0.0, "grade_reliable": true, "max_abs_grade_reliable": 0.11396288779985644, "shortest_use": 24, "flat_use": 0, "flat_use_per_objective": 0.0, "unavoidability": 0.0, "barrier_score": 1.6151653301549522, "neighborhood": "Oerlikon" }, "geometry": { "type": "LineString", "coordinates": [ [ 8.551228323675794, 47.407193407437198 ], [ 8.551241008391502, 47.407219610171076 ], [ 8.551308408391536, 47.407320310171087 ], [ 8.551411408391589, 47.407466710171107 ], [ 8.551552308391663, 47.407661810171149 ], [ 8.551562182949436, 47.407673430839729 ] ] } },
{ "type": "Feature", "properties": { "edge_id": 53696, "segment_id": "9397ebf7-efe2-4663-ae83-db6026578b6c", "u": "ac4e5582-432b-4350-88cd-03e15b92efd4", "v": "65cf7f00-0dad-4bf0-8364-faae2c51e624", "part": 0, "cls": "footway", "subclass": null, "name": null, "length_m": 61.683979314282887, "is_bridge": false, "is_tunnel": false, "is_covered": false, "is_structure": false, "walk_ok": true, "walk_oneway": false, "walk_restricted": false, "walk_sidepath": false, "under_at_m": [ ], "bike_ok": false, "bike_oneway": false, "bike_restricted": false, "bike_facility": "", "low_stress": false, "max_abs_grade": 0.14331602822681949, "elev_min": 436.86383056640625, "elev_max": 444.67034912109375, "cum_gain_fwd": 0.0, "cum_loss_fwd": 7.8065185546875, "net_change_fwd": -7.8065185546875, "avg_grade_fwd": -0.12655666312205532, "n_samples": 14, "d_abs_above_3": 61.683979034423828, "d_abs_above_5": 61.683979034423828, "d_abs_above_8": 61.683979034423828, "d_abs_above_10": 61.683979034423828, "d_abs_above_15": 0.0, "grade_reliable": true, "max_abs_grade_reliable": 0.14331602822681949, "shortest_use": 18, "flat_use": 0, "flat_use_per_objective": 0.0, "unavoidability": 0.0, "barrier_score": 1.5912545256986967, "neighborhood": "Enge" }, "geometry": { "type": "LineString", "coordinates": [ [ 8.530625308386824, 47.357707010161135 ], [ 8.530629908386807, 47.357784010161204 ], [ 8.530580008386725, 47.357888110161234 ], [ 8.530440208386539, 47.358047110161351 ], [ 8.530409908386469, 47.358175110161397 ], [ 8.530431708386477, 47.358226410161393 ] ] } },
{ "type": "Feature", "properties": { "edge_id": 9349, "segment_id": "b05293bd-729e-4c38-9edf-ef5836b83ac6", "u": "3a5eaec1-5ffd-4ce2-8f5b-8de53ac1d17e", "v": "357ce675-bb32-4034-af06-b9bceb9208b4", "part": 0, "cls": "path", "subclass": null, "name": "Allmendsteg", "length_m": 22.502903598993708, "is_bridge": true, "is_tunnel": false, "is_covered": false, "is_structure": true, "walk_ok": true, "walk_oneway": false, "walk_restricted": false, "walk_sidepath": false, "under_at_m": [ ], "bike_ok": true, "bike_oneway": false, "bike_restricted": false, "bike_facility": "shared_path", "low_stress": true, "max_abs_grade": 0.29402949652483473, "elev_min": 425.15908813476562, "elev_max": 431.77557373046875, "cum_gain_fwd": 0.0, "cum_loss_fwd": 6.616485595703125, "net_change_fwd": -6.616485595703125, "avg_grade_fwd": -0.29402809051905571, "n_samples": 6, "d_abs_above_3": 22.502902984619141, "d_abs_above_5": 22.502902984619141, "d_abs_above_8": 22.502902984619141, "d_abs_above_10": 22.502902984619141, "d_abs_above_15": 22.502902984619141, "grade_reliable": true, "max_abs_grade_reliable": 0.29402949652483473, "shortest_use": 24, "flat_use": 7, "flat_use_per_objective": 2.3333333333333335, "unavoidability": 0.097222222222222224, "barrier_score": 1.5879641797341628, "neighborhood": "Wollishofen" }, "geometry": { "type": "LineString", "coordinates": [ [ 8.523090108382348, 47.348416510160298 ], [ 8.522872057361939, 47.348554363092624 ] ] } },
{ "type": "Feature", "properties": { "edge_id": 72380, "segment_id": "f79b3dfe-8285-4283-b489-2632f07a3b49", "u": "30d71312-39be-4f45-9c68-dc845dcb2b8b", "v": "ae76e5db-57d0-443a-9605-bc0a2adb7813", "part": 2, "cls": "track", "subclass": null, "name": "Strickhofstrasse", "length_m": 179.28603966280764, "is_bridge": false, "is_tunnel": false, "is_covered": false, "is_structure": false, "walk_ok": true, "walk_oneway": false, "walk_restricted": false, "walk_sidepath": false, "under_at_m": [ ], "bike_ok": true, "bike_oneway": false, "bike_restricted": false, "bike_facility": "", "low_stress": false, "max_abs_grade": 0.11043551927887849, "elev_min": 561.67108154296875, "elev_max": 578.52703857421875, "cum_gain_fwd": 0.0, "cum_loss_fwd": 16.85595703125, "net_change_fwd": -16.85595703125, "avg_grade_fwd": -0.094017118749515946, "n_samples": 37, "d_abs_above_3": 179.28604125976562, "d_abs_above_5": 179.28604125976562, "d_abs_above_8": 144.42488098144531, "d_abs_above_10": 89.64301872253418, "d_abs_above_15": 0.0, "grade_reliable": true, "max_abs_grade_reliable": 0.11043551927887849, "shortest_use": 8, "flat_use": 0, "flat_use_per_objective": 0.0, "unavoidability": 0.0, "barrier_score": 1.5839637511692612, "neighborhood": "Schwamendingen-Mitte" }, "geometry": { "type": "LineString", "coordinates": [ [ 8.571099310702209, 47.393327604074393 ], [ 8.571107908415065, 47.393365810160915 ], [ 8.571110608415045, 47.393428910160949 ], [ 8.571085508414983, 47.393557310160979 ], [ 8.570829208414517, 47.394258710161303 ], [ 8.570759008414413, 47.394367710161326 ], [ 8.570602208414229, 47.394481410161404 ], [ 8.570511408414102, 47.394593710161494 ], [ 8.570507708414063, 47.394708710161517 ], [ 8.570603908414116, 47.39483331016153 ] ] } },
{ "type": "Feature", "properties": { "edge_id": 68722, "segment_id": "d15ec1d0-8ea9-4ff0-8246-c480218801f5", "u": "3f8fbd7f-2777-4d04-9036-29d218c33f8d", "v": "0eb5dbf1-8f42-42d6-bcb5-3ecfd3a11509", "part": 2, "cls": "residential", "subclass": null, "name": "Schindlersteig", "length_m": 55.166900299768415, "is_bridge": false, "is_tunnel": false, "is_covered": false, "is_structure": false, "walk_ok": true, "walk_oneway": true, "walk_restricted": false, "walk_sidepath": false, "under_at_m": [ ], "bike_ok": true, "bike_oneway": true, "bike_restricted": false, "bike_facility": "", "low_stress": true, "max_abs_grade": 0.15915169986545127, "elev_min": 447.3587646484375, "elev_max": 454.40179443359375, "cum_gain_fwd": 0.0, "cum_loss_fwd": 7.04302978515625, "net_change_fwd": -7.04302978515625, "avg_grade_fwd": -0.12766767217511227, "n_samples": 13, "d_abs_above_3": 55.166900634765625, "d_abs_above_5": 55.166900634765625, "d_abs_above_8": 45.972415924072266, "d_abs_above_10": 41.375175476074219, "d_abs_above_15": 18.388967514038086, "grade_reliable": true, "max_abs_grade_reliable": 0.15915169986545127, "shortest_use": 18, "flat_use": 0, "flat_use_per_objective": 0.0, "unavoidability": 0.0, "barrier_score": 1.5803830726228829, "neighborhood": "Unterstrass" }, "geometry": { "type": "LineString", "coordinates": [ [ 8.539893734752875, 47.389560226761176 ], [ 8.539359308385489, 47.389476710168907 ], [ 8.539178008385313, 47.389476110168914 ], [ 8.539177058943332, 47.389476120683227 ] ] } },
{ "type": "Feature", "properties": { "edge_id": 57780, "segment_id": "1d644a85-2954-4767-ad1a-3725b8abb871", "u": "bc3bd846-f7b0-441f-8eeb-e967fed517e6", "v": "e2bb5313-afda-46c4-a3d0-0c72e6e50a3a", "part": 2, "cls": "residential", "subclass": null, "name": "Biberlinstrasse", "length_m": 41.701962527383515, "is_bridge": false, "is_tunnel": false, "is_covered": false, "is_structure": false, "walk_ok": true, "walk_oneway": false, "walk_restricted": false, "walk_sidepath": false, "under_at_m": [ ], "bike_ok": true, "bike_oneway": false, "bike_restricted": false, "bike_facility": "", "low_stress": true, "max_abs_grade": 0.14490339869469376, "elev_min": 496.0474853515625, "elev_max": 501.64544677734375, "cum_gain_fwd": 5.59796142578125, "cum_loss_fwd": -0.0, "net_change_fwd": 5.59796142578125, "avg_grade_fwd": 0.13423736491278429, "n_samples": 10, "d_abs_above_3": 41.701961517333984, "d_abs_above_5": 41.701961517333984, "d_abs_above_8": 41.701961517333984, "d_abs_above_10": 41.701961517333984, "d_abs_above_15": 0.0, "grade_reliable": true, "max_abs_grade_reliable": 0.14490339869469376, "shortest_use": 26, "flat_use": 42, "flat_use_per_objective": 14.0, "unavoidability": 0.53846153846153844, "barrier_score": 1.5711165866387244, "neighborhood": "Hirslanden" }, "geometry": { "type": "LineString", "coordinates": [ [ 8.570442420812611, 47.363665913662778 ], [ 8.570951908424099, 47.363810310151472 ], [ 8.57095191651184, 47.363810312441586 ] ] } },
{ "type": "Feature", "properties": { "edge_id": 67616, "segment_id": "21dbb41f-666e-4f55-9ed3-52a010d64fc0", "u": "2c232b2d-dd8a-4789-a2b4-bfd564f138c4", "v": "a0fd33da-d0c1-40ef-9381-ce1519f05913", "part": 0, "cls": "steps", "subclass": null, "name": null, "length_m": 34.262010984980471, "is_bridge": false, "is_tunnel": false, "is_covered": false, "is_structure": false, "walk_ok": true, "walk_oneway": false, "walk_restricted": false, "walk_sidepath": false, "under_at_m": [ ], "bike_ok": false, "bike_oneway": false, "bike_restricted": false, "bike_facility": "", "low_stress": false, "max_abs_grade": 0.38211713505673445, "elev_min": 529.0328369140625, "elev_max": 539.287353515625, "cum_gain_fwd": 10.2545166015625, "cum_loss_fwd": -0.0, "net_change_fwd": 10.2545166015625, "avg_grade_fwd": 0.29929697232591901, "n_samples": 8, "d_abs_above_3": 34.262012481689453, "d_abs_above_5": 34.262012481689453, "d_abs_above_8": 34.262012481689453, "d_abs_above_10": 34.262012481689453, "d_abs_above_15": 34.262012481689453, "grade_reliable": true, "max_abs_grade_reliable": 0.38211713505673445, "shortest_use": 12, "flat_use": 0, "flat_use_per_objective": 0.0, "unavoidability": 0.0, "barrier_score": 1.5710521774635722, "neighborhood": "Oberstrass" }, "geometry": { "type": "LineString", "coordinates": [ [ 8.551567308398699, 47.385089810163933 ], [ 8.551997108399094, 47.385155310163839 ], [ 8.552007708399101, 47.385160710163838 ] ] } },
{ "type": "Feature", "properties": { "edge_id": 5038, "segment_id": "4fb71902-96ab-47be-979d-1e5c93adefd3", "u": "7c602fcc-b7c9-47fa-b1d9-34d22e636cfb", "v": "feeeb3ef-8703-48a3-8722-c207a11d2c73", "part": 6, "cls": "residential", "subclass": null, "name": "Frymannstrasse", "length_m": 27.514681155721959, "is_bridge": false, "is_tunnel": false, "is_covered": false, "is_structure": false, "walk_ok": true, "walk_oneway": false, "walk_restricted": false, "walk_sidepath": false, "under_at_m": [ ], "bike_ok": true, "bike_oneway": false, "bike_restricted": false, "bike_facility": "", "low_stress": true, "max_abs_grade": 0.17739113219028321, "elev_min": 462.45327758789062, "elev_max": 467.14974975585938, "cum_gain_fwd": 4.69647216796875, "cum_loss_fwd": -0.0, "net_change_fwd": 4.69647216796875, "avg_grade_fwd": 0.17068968349845973, "n_samples": 7, "d_abs_above_3": 27.514680862426758, "d_abs_above_5": 27.514680862426758, "d_abs_above_8": 27.514680862426758, "d_abs_above_10": 27.514680862426758, "d_abs_above_15": 27.514680862426758, "grade_reliable": true, "max_abs_grade_reliable": 0.17739113219028321, "shortest_use": 32, "flat_use": 3, "flat_use_per_objective": 1.0, "unavoidability": 0.03125, "barrier_score": 1.5618753414618141, "neighborhood": "Leimbach" }, "geometry": { "type": "LineString", "coordinates": [ [ 8.514557078788727, 47.336207691050518 ], [ 8.514551208377775, 47.336210010158773 ], [ 8.514417708377623, 47.33626631015882 ], [ 8.514250608377443, 47.336341210158942 ] ] } },
{ "type": "Feature", "properties": { "edge_id": 57389, "segment_id": "93aab04a-6e0d-41c8-93a2-940c2134c23b", "u": "ad6215ba-4858-46c2-be0a-a613ecbbc4c9", "v": "0b3c8caa-7d1d-4231-9696-8b574ba27695", "part": 1, "cls": "residential", "subclass": null, "name": "Drahtzugstrasse", "length_m": 25.856446513548292, "is_bridge": false, "is_tunnel": false, "is_covered": false, "is_structure": false, "walk_ok": true, "walk_oneway": false, "walk_restricted": false, "walk_sidepath": false, "under_at_m": [ ], "bike_ok": true, "bike_oneway": false, "bike_restricted": false, "bike_facility": "", "low_stress": true, "max_abs_grade": 0.12506843718893446, "elev_min": 428.12603759765625, "elev_max": 430.71575927734375, "cum_gain_fwd": 0.0, "cum_loss_fwd": 2.5897216796875, "net_change_fwd": -2.5897216796875, "avg_grade_fwd": -0.1001576766393299, "n_samples": 7, "d_abs_above_3": 25.856447219848633, "d_abs_above_5": 25.856447219848633, "d_abs_above_8": 21.54703950881958, "d_abs_above_10": 12.928223609924316, "d_abs_above_15": 0.0, "grade_reliable": true, "max_abs_grade_reliable": 0.12506843718893446, "shortest_use": 48, "flat_use": 8, "flat_use_per_objective": 2.6666666666666665, "unavoidability": 0.055555555555555552, "barrier_score": 1.552236171220204, "neighborhood": "Hirslanden" }, "geometry": { "type": "LineString", "coordinates": [ [ 8.561313966750671, 47.360439589302125 ], [ 8.561314208415791, 47.360436810153196 ], [ 8.561319008415801, 47.360420310153152 ], [ 8.561330308415826, 47.360402110153132 ], [ 8.561359408415861, 47.360376410153137 ], [ 8.561400308415912, 47.360343710153124 ], [ 8.561425908415938, 47.360323310153099 ], [ 8.561505208416039, 47.360249910153044 ] ] } },
{ "type": "Feature", "properties": { "edge_id": 62678, "segment_id": "4fe18120-101e-4f8b-be7f-6c243ab55c83", "u": "6e4b9769-bb4c-46e8-8b10-95add05f0cd1", "v": "87a53159-ac49-4db0-9e62-8758d713d49f", "part": 0, "cls": "pedestrian", "subclass": null, "name": "Neumarkt", "length_m": 23.421640924880034, "is_bridge": false, "is_tunnel": false, "is_covered": false, "is_structure": false, "walk_ok": true, "walk_oneway": false, "walk_restricted": false, "walk_sidepath": false, "under_at_m": [ ], "bike_ok": true, "bike_oneway": false, "bike_restricted": false, "bike_facility": "car_free_street", "low_stress": true, "max_abs_grade": 0.089174925904043953, "elev_min": 417.54879760742188, "elev_max": 419.38763427734375, "cum_gain_fwd": 0.0, "cum_loss_fwd": 1.838836669921875, "net_change_fwd": -1.838836669921875, "avg_grade_fwd": -0.078510157223088378, "n_samples": 6, "d_abs_above_3": 23.421640396118164, "d_abs_above_5": 23.421640396118164, "d_abs_above_8": 9.3686561584472656, "d_abs_above_10": 0.0, "d_abs_above_15": 0.0, "grade_reliable": true, "max_abs_grade_reliable": 0.089174925904043953, "shortest_use": 74, "flat_use": 111, "flat_use_per_objective": 37.0, "unavoidability": 0.5, "barrier_score": 1.5455810895802022, "neighborhood": "Rathaus" }, "geometry": { "type": "LineString", "coordinates": [ [ 8.547069208398067, 47.373026110161312 ], [ 8.546771008397798, 47.372968910161418 ], [ 8.54677077405306, 47.372968858422986 ] ] } },
{ "type": "Feature", "properties": { "edge_id": 60554, "segment_id": "e2f52286-24c9-4480-9499-3d0feb34e617", "u": "02bfeb74-916d-448f-b3a6-9d9f0d85cde2", "v": "cb1ca8ce-a142-4fa5-b390-b1c6a6d21f49", "part": 4, "cls": "secondary", "subclass": null, "name": "Schneckenmannstrasse", "length_m": 59.617082533101211, "is_bridge": false, "is_tunnel": false, "is_covered": false, "is_structure": false, "walk_ok": true, "walk_oneway": true, "walk_restricted": false, "walk_sidepath": false, "under_at_m": [ ], "bike_ok": true, "bike_oneway": true, "bike_restricted": false, "bike_facility": "", "low_stress": false, "max_abs_grade": 0.10788456296478303, "elev_min": 509.1162109375, "elev_max": 515.03594970703125, "cum_gain_fwd": 0.0, "cum_loss_fwd": 5.91973876953125, "net_change_fwd": -5.91973876953125, "avg_grade_fwd": -0.099296018878621162, "n_samples": 13, "d_abs_above_3": 59.617080688476562, "d_abs_above_5": 59.617080688476562, "d_abs_above_8": 59.617080688476562, "d_abs_above_10": 24.840450286865234, "d_abs_above_15": 0.0, "grade_reliable": true, "max_abs_grade_reliable": 0.10788456296478303, "shortest_use": 24, "flat_use": 0, "flat_use_per_objective": 0.0, "unavoidability": 0.0, "barrier_score": 1.5436230946365657, "neighborhood": "Fluntern" }, "geometry": { "type": "LineString", "coordinates": [ [ 8.562233663945044, 47.375465650396123 ], [ 8.562232208412032, 47.375465510157738 ], [ 8.561452106242173, 47.375390367743329 ] ] } },
{ "type": "Feature", "properties": { "edge_id": 60357, "segment_id": "304faeb9-5a3e-436f-a937-6e9ec3a0466b", "u": "6146f539-89a2-4e00-a860-05cdc5862020", "v": "7c3e40d8-5f5a-4cc5-9e9e-57cf6d36776c", "part": 1, "cls": "residential", "subclass": null, "name": "Susenbergstrasse", "length_m": 40.416320474592418, "is_bridge": false, "is_tunnel": false, "is_covered": false, "is_structure": false, "walk_ok": true, "walk_oneway": false, "walk_restricted": false, "walk_sidepath": false, "under_at_m": [ ], "bike_ok": true, "bike_oneway": false, "bike_restricted": false, "bike_facility": "", "low_stress": true, "max_abs_grade": 0.095303220917915307, "elev_min": 609.5357666015625, "elev_max": 612.508544921875, "cum_gain_fwd": 0.0, "cum_loss_fwd": 2.9727783203125, "net_change_fwd": -2.9727783203125, "avg_grade_fwd": -0.073553907466387583, "n_samples": 10, "d_abs_above_3": 40.41632080078125, "d_abs_above_5": 35.925618648529053, "d_abs_above_8": 17.962808609008789, "d_abs_above_10": 0.0, "d_abs_above_15": 0.0, "grade_reliable": true, "max_abs_grade_reliable": 0.095303220917915307, "shortest_use": 40, "flat_use": 70, "flat_use_per_objective": 23.333333333333332, "unavoidability": 0.58333333333333326, "barrier_score": 1.5407222075517379, "neighborhood": "Fluntern" }, "geometry": { "type": "LineString", "coordinates": [ [ 8.56482093209004, 47.381551679087366 ], [ 8.56506720841292, 47.381443010158868 ], [ 8.565269208413143, 47.381353910158744 ], [ 8.565269785579011, 47.381353690414279 ] ] } },
{ "type": "Feature", "properties": { "edge_id": 3240, "segment_id": "0dffa100-c7e1-448a-8a0c-af658213387c", "u": "063f9fbc-df55-47f5-94b8-bb513384b812", "v": "c84e2c06-4133-4d2f-aa44-2e80df03745d", "part": 7, "cls": "residential", "subclass": null, "name": "Bachtobelstrasse", "length_m": 25.199253896166816, "is_bridge": false, "is_tunnel": false, "is_covered": false, "is_structure": false, "walk_ok": true, "walk_oneway": false, "walk_restricted": false, "walk_sidepath": false, "under_at_m": [ 16.7 ], "bike_ok": true, "bike_oneway": false, "bike_restricted": false, "bike_facility": "", "low_stress": true, "max_abs_grade": 0.10909630101939445, "elev_min": 511.016845703125, "elev_max": 513.56689453125, "cum_gain_fwd": 2.550048828125, "cum_loss_fwd": -0.0, "net_change_fwd": 2.550048828125, "avg_grade_fwd": 0.10119541320526874, "n_samples": 7, "d_abs_above_3": 25.199253082275391, "d_abs_above_5": 25.199253082275391, "d_abs_above_8": 25.199253082275391, "d_abs_above_10": 12.599626541137695, "d_abs_above_15": 0.0, "grade_reliable": true, "max_abs_grade_reliable": 0.10909630101939445, "shortest_use": 56, "flat_use": 146, "flat_use_per_objective": 48.666666666666664, "unavoidability": 0.86904761904761896, "barrier_score": 1.5395214175714034, "neighborhood": "Friesenberg" }, "geometry": { "type": "LineString", "coordinates": [ [ 8.504341576687565, 47.355656172298758 ], [ 8.504133108361675, 47.35560551016809 ], [ 8.504029447768477, 47.355576450124367 ] ] } },
{ "type": "Feature", "properties": { "edge_id": 61952, "segment_id": "94e4ae57-4e82-4813-b805-71eaf6cd8c16", "u": "9d8e4194-85b6-454f-bfee-83dd2faa5e72", "v": "b5b8452f-1e11-4479-bcb2-cd819b869e2a", "part": 2, "cls": "residential", "subclass": null, "name": "Zürichbergstrasse", "length_m": 36.091002289721395, "is_bridge": false, "is_tunnel": false, "is_covered": false, "is_structure": false, "walk_ok": true, "walk_oneway": false, "walk_restricted": false, "walk_sidepath": false, "under_at_m": [ ], "bike_ok": true, "bike_oneway": false, "bike_restricted": false, "bike_facility": "", "low_stress": true, "max_abs_grade": 0.088710717337325565, "elev_min": 453.94384765625, "elev_max": 457.06890869140625, "cum_gain_fwd": 0.0, "cum_loss_fwd": 3.12506103515625, "net_change_fwd": -3.12506103515625, "avg_grade_fwd": -0.086588366606630982, "n_samples": 9, "d_abs_above_3": 36.09100341796875, "d_abs_above_5": 36.09100341796875, "d_abs_above_8": 36.09100341796875, "d_abs_above_10": 0.0, "d_abs_above_15": 0.0, "grade_reliable": true, "max_abs_grade_reliable": 0.088710717337325565, "shortest_use": 48, "flat_use": 54, "flat_use_per_objective": 18.0, "unavoidability": 0.375, "barrier_score": 1.5367961772212373, "neighborhood": "Fluntern" }, "geometry": { "type": "LineString", "coordinates": [ [ 8.555484838962977, 47.374108674953547 ], [ 8.555061208405538, 47.373965110159332 ], [ 8.555057201514261, 47.373963812977095 ] ] } },
{ "type": "Feature", "properties": { "edge_id": 80371, "segment_id": "04f98f1b-7644-4b69-83b5-a12e889f17cd", "u": "7047f53f-ff4b-45eb-931d-2bd19e0be66f", "v": "9465fa96-f3b2-429b-b34d-5192770cb716", "part": 5, "cls": "path", "subclass": null, "name": null, "length_m": 91.033189707008759, "is_bridge": false, "is_tunnel": false, "is_covered": false, "is_structure": false, "walk_ok": true, "walk_oneway": false, "walk_restricted": false, "walk_sidepath": false, "under_at_m": [ ], "bike_ok": false, "bike_oneway": false, "bike_restricted": false, "bike_facility": "", "low_stress": false, "max_abs_grade": 0.28032092637753991, "elev_min": 501.567138671875, "elev_max": 517.6553955078125, "cum_gain_fwd": 0.0, "cum_loss_fwd": 16.0882568359375, "net_change_fwd": -16.0882568359375, "avg_grade_fwd": -0.17672957756441512, "n_samples": 20, "d_abs_above_3": 91.033187866210938, "d_abs_above_5": 91.033187866210938, "d_abs_above_8": 86.24196720123291, "d_abs_above_10": 76.659524917602539, "d_abs_above_15": 52.703426361083984, "grade_reliable": true, "max_abs_grade_reliable": 0.28032092637753991, "shortest_use": 6, "flat_use": 0, "flat_use_per_objective": 0.0, "unavoidability": 0.0, "barrier_score": 1.5311104841862615, "neighborhood": "Affoltern" }, "geometry": { "type": "LineString", "coordinates": [ [ 8.503813660679981, 47.414918847832105 ], [ 8.503817408343073, 47.41493151018723 ], [ 8.503868808343061, 47.415139510187274 ], [ 8.504159508343227, 47.415511910187327 ], [ 8.504234808343252, 47.41567771018736 ] ] } },
{ "type": "Feature", "properties": { "edge_id": 72632, "segment_id": "4791a091-0da5-4ad3-a426-91bb89b9d389", "u": "6ecd4ea5-f84c-41a3-b0bf-ecd5bcf44e13", "v": "90230a74-da64-4d02-8413-b7350d66bac9", "part": 4, "cls": "residential", "subclass": null, "name": "Bocklerstrasse", "length_m": 78.535548495186745, "is_bridge": false, "is_tunnel": false, "is_covered": false, "is_structure": false, "walk_ok": true, "walk_oneway": false, "walk_restricted": false, "walk_sidepath": false, "under_at_m": [ ], "bike_ok": true, "bike_oneway": false, "bike_restricted": false, "bike_facility": "", "low_stress": true, "max_abs_grade": 0.10820632504019889, "elev_min": 447.44436645507812, "elev_max": 454.61642456054688, "cum_gain_fwd": 7.17205810546875, "cum_loss_fwd": -0.0, "net_change_fwd": 7.17205810546875, "avg_grade_fwd": 0.091322446079493788, "n_samples": 17, "d_abs_above_3": 78.535545349121094, "d_abs_above_5": 78.535545349121094, "d_abs_above_8": 63.810129642486572, "d_abs_above_10": 19.633888244628906, "d_abs_above_15": 0.0, "grade_reliable": true, "max_abs_grade_reliable": 0.10820632504019889, "shortest_use": 18, "flat_use": 0, "flat_use_per_objective": 0.0, "unavoidability": 0.0, "barrier_score": 1.5296477557824864, "neighborhood": "Schwamendingen-Mitte" }, "geometry": { "type": "LineString", "coordinates": [ [ 8.568555253908702, 47.40266954725157 ], [ 8.56837250840951, 47.402673410164688 ], [ 8.568026408409191, 47.402635510164799 ], [ 8.567544008408754, 47.402538710164897 ], [ 8.567540309051687, 47.402537737816729 ] ] } },
{ "type": "Feature", "properties": { "edge_id": 73748, "segment_id": "77b5dbd9-77ba-46a0-bc57-c88ea9b0c545", "u": "044591ae-502c-4579-9d6b-15e1f2c398ae", "v": "c0f13ac3-ee4c-48fc-bcfe-0a3069d54335", "part": 1, "cls": "residential", "subclass": null, "name": "Hinterbergstrasse", "length_m": 32.078611836937874, "is_bridge": false, "is_tunnel": false, "is_covered": false, "is_structure": false, "walk_ok": true, "walk_oneway": false, "walk_restricted": false, "walk_sidepath": false, "under_at_m": [ ], "bike_ok": true, "bike_oneway": false, "bike_restricted": false, "bike_facility": "", "low_stress": true, "max_abs_grade": 0.23833852277896792, "elev_min": 606.751220703125, "elev_max": 613.50640869140625, "cum_gain_fwd": 6.75518798828125, "cum_loss_fwd": -0.0, "net_change_fwd": 6.75518798828125, "avg_grade_fwd": 0.21058229447311141, "n_samples": 8, "d_abs_above_3": 32.07861328125, "d_abs_above_5": 32.07861328125, "d_abs_above_8": 32.07861328125, "d_abs_above_10": 32.07861328125, "d_abs_above_15": 32.07861328125, "grade_reliable": true, "max_abs_grade_reliable": 0.23833852277896792, "shortest_use": 20, "flat_use": 0, "flat_use_per_objective": 0.0, "unavoidability": 0.0, "barrier_score": 1.5291137916031374, "neighborhood": "Fluntern" }, "geometry": { "type": "LineString", "coordinates": [ [ 8.558678961058304, 47.385042248955656 ], [ 8.558966508405826, 47.385254110161817 ], [ 8.558966893969794, 47.385254391558995 ] ] } },
{ "type": "Feature", "properties": { "edge_id": 73559, "segment_id": "8ed2060f-a05d-43c6-9f1a-8eaf49876863", "u": "4ee634a7-d97f-4898-b147-bb36c820a5ec", "v": "613733f2-ab9d-487c-a051-e2a2ed764078", "part": 1, "cls": "track", "subclass": null, "name": "Zooweg", "length_m": 183.12970631835458, "is_bridge": false, "is_tunnel": false, "is_covered": false, "is_structure": false, "walk_ok": true, "walk_oneway": false, "walk_restricted": false, "walk_sidepath": false, "under_at_m": [ ], "bike_ok": true, "bike_oneway": false, "bike_restricted": false, "bike_facility": "", "low_stress": false, "max_abs_grade": 0.13868220459817954, "elev_min": 554.62060546875, "elev_max": 573.818603515625, "cum_gain_fwd": 19.197998046875, "cum_loss_fwd": -0.0, "net_change_fwd": 19.197998046875, "avg_grade_fwd": 0.10483279379362132, "n_samples": 38, "d_abs_above_3": 183.12969970703125, "d_abs_above_5": 183.12969970703125, "d_abs_above_8": 153.43299865722656, "d_abs_above_10": 123.73628997802734, "d_abs_above_15": 0.0, "grade_reliable": true, "max_abs_grade_reliable": 0.13868220459817954, "shortest_use": 6, "flat_use": 0, "flat_use_per_objective": 0.0, "unavoidability": 0.0, "barrier_score": 1.523809883978795, "neighborhood": "Schwamendingen-Mitte" }, "geometry": { "type": "LineString", "coordinates": [ [ 8.576063943223033, 47.391645249192202 ], [ 8.576062508420392, 47.391643310158926 ], [ 8.576021708420393, 47.391513710158897 ], [ 8.575945208420375, 47.3913413101589 ], [ 8.575801108420318, 47.391079710158827 ], [ 8.575694908420278, 47.390868710158763 ], [ 8.57557970842023, 47.390662610158763 ], [ 8.575566408420235, 47.390600310158717 ], [ 8.575572708420276, 47.390516310158723 ], [ 8.575604608420363, 47.390321910158619 ], [ 8.575607608420393, 47.390229210158608 ], [ 8.575601308420415, 47.390135210158562 ], [ 8.575577608420419, 47.390056710158582 ] ] } },
{ "type": "Feature", "properties": { "edge_id": 63556, "segment_id": "0bcfaa0f-7ce8-427b-accb-b48ba5274e2b", "u": "bed46903-0352-4e7f-a8ae-eae68073eb1c", "v": "29dddf71-2234-42b1-8397-c973a3186979", "part": 1, "cls": "pedestrian", "subclass": null, "name": "Spiegelgasse", "length_m": 25.477109337078996, "is_bridge": false, "is_tunnel": false, "is_covered": false, "is_structure": false, "walk_ok": true, "walk_oneway": false, "walk_restricted": false, "walk_sidepath": false, "under_at_m": [ ], "bike_ok": false, "bike_oneway": false, "bike_restricted": false, "bike_facility": "car_free_street", "low_stress": true, "max_abs_grade": 0.11826304521277342, "elev_min": 421.86251831054688, "elev_max": 423.85275268554688, "cum_gain_fwd": 1.990234375, "cum_loss_fwd": -0.0, "net_change_fwd": 1.990234375, "avg_grade_fwd": 0.078118530010047663, "n_samples": 7, "d_abs_above_3": 25.477109909057617, "d_abs_above_5": 21.230924606323242, "d_abs_above_8": 12.738554954528809, "d_abs_above_10": 8.4923696517944336, "d_abs_above_15": 0.0, "grade_reliable": true, "max_abs_grade_reliable": 0.11826304521277342, "shortest_use": 50, "flat_use": 55, "flat_use_per_objective": 18.333333333333332, "unavoidability": 0.36666666666666664, "barrier_score": 1.5065002667108727, "neighborhood": "Rathaus" }, "geometry": { "type": "LineString", "coordinates": [ [ 8.544352248232503, 47.371695850367196 ], [ 8.544364708395854, 47.371700010161696 ], [ 8.544619897357578, 47.371834999994881 ] ] } },
{ "type": "Feature", "properties": { "edge_id": 43018, "segment_id": "19f9ccda-dd3c-4c94-8fcb-5881ebe2f997", "u": "068ec45a-6d04-4a94-8e67-05a35cdd850d", "v": "d4f01f13-bddb-45e4-853e-bfd5516e7416", "part": 1, "cls": "cycleway", "subclass": null, "name": null, "length_m": 30.819226606467257, "is_bridge": true, "is_tunnel": false, "is_covered": false, "is_structure": true, "walk_ok": true, "walk_oneway": true, "walk_restricted": false, "walk_sidepath": false, "under_at_m": [ ], "bike_ok": true, "bike_oneway": true, "bike_restricted": false, "bike_facility": "dedicated_cycleway", "low_stress": true, "max_abs_grade": 0.22175213262360682, "elev_min": 410.52584838867188, "elev_max": 417.3599853515625, "cum_gain_fwd": 6.834136962890625, "cum_loss_fwd": -0.0, "net_change_fwd": 6.834136962890625, "avg_grade_fwd": 0.22174913453897047, "n_samples": 8, "d_abs_above_3": 30.81922721862793, "d_abs_above_5": 30.81922721862793, "d_abs_above_8": 30.81922721862793, "d_abs_above_10": 30.81922721862793, "d_abs_above_15": 30.81922721862793, "grade_reliable": true, "max_abs_grade_reliable": 0.22175213262360682, "shortest_use": 22, "flat_use": 14, "flat_use_per_objective": 4.666666666666667, "unavoidability": 0.21212121212121213, "barrier_score": 1.5035304296747503, "neighborhood": "Unterstrass" }, "geometry": { "type": "LineString", "coordinates": [ [ 8.534466731422727, 47.386567912515382 ], [ 8.534663008381788, 47.386713110169332 ], [ 8.534776808381906, 47.386692110169342 ] ] } },
{ "type": "Feature", "properties": { "edge_id": 90122, "segment_id": "a7bc42e2-4286-42a1-8fa5-341ae6ec14fd", "u": "aa5c7e92-1fd6-4513-9972-049cd7ddfeda", "v": "3f525769-6b7a-4472-bf99-c6434a00fd35", "part": 2, "cls": "residential", "subclass": null, "name": "Oerlikonerstrasse", "length_m": 27.689878688360025, "is_bridge": false, "is_tunnel": false, "is_covered": false, "is_structure": false, "walk_ok": true, "walk_oneway": false, "walk_restricted": false, "walk_sidepath": false, "under_at_m": [ ], "bike_ok": true, "bike_oneway": false, "bike_restricted": false, "bike_facility": "", "low_stress": true, "max_abs_grade": 0.096400261450496447, "elev_min": 449.719482421875, "elev_max": 452.26577758789062, "cum_gain_fwd": 0.0, "cum_loss_fwd": 2.546295166015625, "net_change_fwd": -2.546295166015625, "avg_grade_fwd": -0.09195761438063145, "n_samples": 7, "d_abs_above_3": 27.689878463745117, "d_abs_above_5": 27.689878463745117, "d_abs_above_8": 27.689878463745117, "d_abs_above_10": 0.0, "d_abs_above_15": 0.0, "grade_reliable": true, "max_abs_grade_reliable": 0.096400261450496447, "shortest_use": 56, "flat_use": 131, "flat_use_per_objective": 43.666666666666664, "unavoidability": 0.77976190476190477, "barrier_score": 1.4948144652506443, "neighborhood": "Oerlikon" }, "geometry": { "type": "LineString", "coordinates": [ [ 8.547023473411244, 47.407140308931922 ], [ 8.547005108387404, 47.407196310172274 ], [ 8.546950708387305, 47.407338010172403 ], [ 8.546933492955171, 47.407381716150127 ] ] } },
{ "type": "Feature", "properties": { "edge_id": 73726, "segment_id": "796ae332-e395-4c89-8e93-f4e01c848ad4", "u": "889458b0-7332-4d7c-89e4-3752486de984", "v": "a8077356-95ca-40f1-b241-e55b42ce6a31", "part": 2, "cls": "unclassified", "subclass": null, "name": "Hinterbergstrasse", "length_m": 49.320251250375669, "is_bridge": false, "is_tunnel": false, "is_covered": false, "is_structure": false, "walk_ok": true, "walk_oneway": false, "walk_restricted": false, "walk_sidepath": false, "under_at_m": [ ], "bike_ok": true, "bike_oneway": false, "bike_restricted": false, "bike_facility": "", "low_stress": false, "max_abs_grade": 0.15039666610204494, "elev_min": 630.07952880859375, "elev_max": 636.32958984375, "cum_gain_fwd": 6.25006103515625, "cum_loss_fwd": -0.0, "net_change_fwd": 6.25006103515625, "avg_grade_fwd": 0.1267240301808151, "n_samples": 11, "d_abs_above_3": 49.32025146484375, "d_abs_above_5": 49.32025146484375, "d_abs_above_8": 49.32025146484375, "d_abs_above_10": 49.32025146484375, "d_abs_above_15": 4.9320259094238281, "grade_reliable": true, "max_abs_grade_reliable": 0.15039666610204494, "shortest_use": 20, "flat_use": 0, "flat_use_per_objective": 0.0, "unavoidability": 0.0, "barrier_score": 1.483520271874343, "neighborhood": "Fluntern" }, "geometry": { "type": "LineString", "coordinates": [ [ 8.560014921952757, 47.385993009940385 ], [ 8.560097508406674, 47.386048510161785 ], [ 8.560339708406863, 47.386201810161751 ], [ 8.560485908406978, 47.386280810161736 ], [ 8.560502074464402, 47.386287690056207 ] ] } },
{ "type": "Feature", "properties": { "edge_id": 68597, "segment_id": "0a42a3e8-452d-45d0-ab7e-c9f88935538e", "u": "053e16a8-060d-4f45-9444-c27eb360e39a", "v": "5e23a01a-27f5-4262-b400-0b038b4b76d3", "part": 0, "cls": "footway", "subclass": null, "name": null, "length_m": 31.295868150524129, "is_bridge": false, "is_tunnel": false, "is_covered": false, "is_structure": false, "walk_ok": true, "walk_oneway": false, "walk_restricted": false, "walk_sidepath": false, "under_at_m": [ ], "bike_ok": false, "bike_oneway": false, "bike_restricted": false, "bike_facility": "", "low_stress": false, "max_abs_grade": 0.21546695631315907, "elev_min": 457.45535278320312, "elev_max": 462.59024047851562, "cum_gain_fwd": 5.1348876953125, "cum_loss_fwd": -0.0, "net_change_fwd": 5.1348876953125, "avg_grade_fwd": 0.16407558047124191, "n_samples": 8, "d_abs_above_3": 31.295867919921875, "d_abs_above_5": 31.295867919921875, "d_abs_above_8": 26.825029373168945, "d_abs_above_10": 26.825029373168945, "d_abs_above_15": 17.883352279663086, "grade_reliable": true, "max_abs_grade_reliable": 0.21546695631315907, "shortest_use": 22, "flat_use": 10, "flat_use_per_objective": 3.3333333333333335, "unavoidability": 0.15151515151515152, "barrier_score": 1.4835096002257011, "neighborhood": "Unterstrass" }, "geometry": { "type": "LineString", "coordinates": [ [ 8.54146080838818, 47.387381710167595 ], [ 8.541591208388287, 47.387439910167579 ], [ 8.541706508388394, 47.387457310167534 ], [ 8.541789808388479, 47.387457310167527 ], [ 8.541819408388518, 47.387424210167509 ] ] } },
{ "type": "Feature", "properties": { "edge_id": 60751, "segment_id": "8b58bc97-67fd-4231-ac1b-4feb1023a544", "u": "33d93bc5-5479-4c54-9a21-9475c2f04573", "v": "16156707-8ab8-42af-8035-1e31ce6db44d", "part": 1, "cls": "residential", "subclass": null, "name": "Zürichbergstrasse", "length_m": 44.270026115531017, "is_bridge": false, "is_tunnel": false, "is_covered": false, "is_structure": false, "walk_ok": true, "walk_oneway": true, "walk_restricted": false, "walk_sidepath": false, "under_at_m": [ ], "bike_ok": true, "bike_oneway": true, "bike_restricted": false, "bike_facility": "", "low_stress": true, "max_abs_grade": 0.13945704319179067, "elev_min": 545.78009033203125, "elev_max": 551.30731201171875, "cum_gain_fwd": 0.0, "cum_loss_fwd": 5.5272216796875, "net_change_fwd": -5.5272216796875, "avg_grade_fwd": -0.12485245738907355, "n_samples": 10, "d_abs_above_3": 44.270027160644531, "d_abs_above_5": 44.270027160644531, "d_abs_above_8": 44.270027160644531, "d_abs_above_10": 39.35113525390625, "d_abs_above_15": 0.0, "grade_reliable": true, "max_abs_grade_reliable": 0.13945704319179067, "shortest_use": 24, "flat_use": 54, "flat_use_per_objective": 18.0, "unavoidability": 0.75, "barrier_score": 1.4817040665828745, "neighborhood": "Fluntern" }, "geometry": { "type": "LineString", "coordinates": [ [ 8.563762832691822, 47.378758690122204 ], [ 8.563750608412484, 47.378743110158368 ], [ 8.563418608412253, 47.378442310158349 ], [ 8.563414492286858, 47.378438688014278 ] ] } },
{ "type": "Feature", "properties": { "edge_id": 38988, "segment_id": "b849600d-f3e3-48a3-953c-f2294a85d9c5", "u": "59e350c2-4942-467c-94bd-036bf0ec2a5d", "v": "29a2e168-751c-4608-94b8-691e609521df", "part": 0, "cls": "tertiary", "subclass": null, "name": "Rosengartenstrasse", "length_m": 40.766606049365031, "is_bridge": false, "is_tunnel": false, "is_covered": false, "is_structure": false, "walk_ok": true, "walk_oneway": true, "walk_restricted": false, "walk_sidepath": false, "under_at_m": [ ], "bike_ok": true, "bike_oneway": true, "bike_restricted": false, "bike_facility": "", "low_stress": false, "max_abs_grade": 0.08635239535342995, "elev_min": 412.74044799804688, "elev_max": 415.72781372070312, "cum_gain_fwd": 0.0, "cum_loss_fwd": 2.98736572265625, "net_change_fwd": -2.98736572265625, "avg_grade_fwd": -0.073279727242809095, "n_samples": 10, "d_abs_above_3": 40.766605377197266, "d_abs_above_5": 40.766605377197266, "d_abs_above_8": 9.0592460632324219, "d_abs_above_10": 0.0, "d_abs_above_15": 0.0, "grade_reliable": true, "max_abs_grade_reliable": 0.08635239535342995, "shortest_use": 42, "flat_use": 77, "flat_use_per_objective": 25.666666666666668, "unavoidability": 0.61111111111111116, "barrier_score": 1.4785235147727653, "neighborhood": "Wipkingen" }, "geometry": { "type": "LineString", "coordinates": [ [ 8.524668008369959, 47.393565210174451 ], [ 8.52457380836989, 47.393475910174423 ], [ 8.524488908369849, 47.393351110174436 ], [ 8.524427808369824, 47.393239210174357 ] ] } },
{ "type": "Feature", "properties": { "edge_id": 6591, "segment_id": "231d9abf-41da-47f6-ae4c-0fdf06a1ec5f", "u": "1baabf51-4ec3-4c75-b718-be22b39980a8", "v": "39427629-c831-428a-b6d7-53fc4436250a", "part": 15, "cls": "footway", "subclass": null, "name": null, "length_m": 43.73090500625414, "is_bridge": true, "is_tunnel": false, "is_covered": false, "is_structure": true, "walk_ok": true, "walk_oneway": false, "walk_restricted": false, "walk_sidepath": false, "under_at_m": [ ], "bike_ok": false, "bike_oneway": false, "bike_restricted": false, "bike_facility": "", "low_stress": false, "max_abs_grade": 0.099221592849488324, "elev_min": 458.3612060546875, "elev_max": 462.69992065429688, "cum_gain_fwd": 0.0, "cum_loss_fwd": 4.338714599609375, "net_change_fwd": -4.338714599609375, "avg_grade_fwd": -0.099213925162995778, "n_samples": 10, "d_abs_above_3": 43.730903625488281, "d_abs_above_5": 43.730903625488281, "d_abs_above_8": 43.730903625488281, "d_abs_above_10": 0.0, "d_abs_above_15": 0.0, "grade_reliable": true, "max_abs_grade_reliable": 0.099221592849488324, "shortest_use": 34, "flat_use": 33, "flat_use_per_objective": 11.0, "unavoidability": 0.3235294117647059, "barrier_score": 1.4752770174998675, "neighborhood": "Leimbach" }, "geometry": { "type": "LineString", "coordinates": [ [ 8.515561835014987, 47.333997862482875 ], [ 8.515753108379601, 47.334073810157761 ], [ 8.515957508379774, 47.334171110157705 ], [ 8.516043795729969, 47.334214747672938 ] ] } },
{ "type": "Feature", "properties": { "edge_id": 58144, "segment_id": "a407fd12-2cf5-451d-af92-9e821eea4b4b", "u": "23d1e4f5-d73f-4a61-83bc-377d9bc9eabf", "v": "0d19d1e9-9c9a-4494-806b-85da250f9302", "part": 0, "cls": "service", "subclass": null, "name": "Wasersteig", "length_m": 27.520600526564575, "is_bridge": false, "is_tunnel": false, "is_covered": false, "is_structure": false, "walk_ok": true, "walk_oneway": false, "walk_restricted": false, "walk_sidepath": false, "under_at_m": [ ], "bike_ok": true, "bike_oneway": false, "bike_restricted": false, "bike_facility": "", "low_stress": false, "max_abs_grade": 0.14039332177790817, "elev_min": 492.82733154296875, "elev_max": 496.10751342773438, "cum_gain_fwd": 0.0, "cum_loss_fwd": 3.280181884765625, "net_change_fwd": -3.280181884765625, "avg_grade_fwd": -0.11919005156451497, "n_samples": 7, "d_abs_above_3": 27.520601272583008, "d_abs_above_5": 27.520601272583008, "d_abs_above_8": 27.520601272583008, "d_abs_above_10": 22.933834075927734, "d_abs_above_15": 0.0, "grade_reliable": true, "max_abs_grade_reliable": 0.14039332177790817, "shortest_use": 38, "flat_use": 0, "flat_use_per_objective": 0.0, "unavoidability": 0.0, "barrier_score": 1.4682092395939548, "neighborhood": "Hirslanden" }, "geometry": { "type": "LineString", "coordinates": [ [ 8.575992608430552, 47.358749310148369 ], [ 8.575643009783764, 47.358679746674142 ] ] } },
{ "type": "Feature", "properties": { "edge_id": 68194, "segment_id": "75534e2a-103d-4406-a8ee-11d0d3ad785b", "u": "eac365c4-b53c-4748-a12e-7eb1aec6ce14", "v": "46d83215-86cd-4ca6-a228-849cf144e0d6", "part": 0, "cls": "footway", "subclass": null, "name": null, "length_m": 80.110367201105092, "is_bridge": false, "is_tunnel": false, "is_covered": false, "is_structure": false, "walk_ok": true, "walk_oneway": false, "walk_restricted": false, "walk_sidepath": false, "under_at_m": [ ], "bike_ok": false, "bike_oneway": false, "bike_restricted": false, "bike_facility": "", "low_stress": false, "max_abs_grade": 0.10147322032087207, "elev_min": 500.82476806640625, "elev_max": 508.1343994140625, "cum_gain_fwd": 0.0, "cum_loss_fwd": 7.30963134765625, "net_change_fwd": -7.30963134765625, "avg_grade_fwd": -0.091244512260974187, "n_samples": 18, "d_abs_above_3": 80.110366821289062, "d_abs_above_5": 80.110366821289062, "d_abs_above_8": 70.685615539550781, "d_abs_above_10": 9.4247512817382812, "d_abs_above_15": 0.0, "grade_reliable": true, "max_abs_grade_reliable": 0.10147322032087207, "shortest_use": 18, "flat_use": 27, "flat_use_per_objective": 9.0, "unavoidability": 0.5, "barrier_score": 1.4632302493770661, "neighborhood": "Oberstrass" }, "geometry": { "type": "LineString", "coordinates": [ [ 8.548285608393993, 47.389982010166477 ], [ 8.547363108393062, 47.39010421016679 ], [ 8.547321008393023, 47.390100810166793 ], [ 8.547295608393004, 47.390092210166777 ], [ 8.547246108392956, 47.390098110166811 ], [ 8.547246017047817, 47.390098121224348 ] ] } },
{ "type": "Feature", "properties": { "edge_id": 67366, "segment_id": "cb1588e1-9798-42cb-a75d-3d4ead2a1cb1", "u": "0ed7022c-7f31-4602-9d98-6dcc7cb83ffe", "v": "3f6431d0-c088-40ab-86f6-69102055ec4a", "part": 5, "cls": "residential", "subclass": null, "name": "Hinterbergstrasse", "length_m": 41.672779870616125, "is_bridge": false, "is_tunnel": false, "is_covered": false, "is_structure": false, "walk_ok": true, "walk_oneway": true, "walk_restricted": false, "walk_sidepath": false, "under_at_m": [ ], "bike_ok": true, "bike_oneway": true, "bike_restricted": false, "bike_facility": "", "low_stress": true, "max_abs_grade": 0.17546117298713881, "elev_min": 544.96295166015625, "elev_max": 551.61865234375, "cum_gain_fwd": 0.0, "cum_loss_fwd": 6.65570068359375, "net_change_fwd": -6.65570068359375, "avg_grade_fwd": -0.15971338677214925, "n_samples": 10, "d_abs_above_3": 41.672779083251953, "d_abs_above_5": 41.672779083251953, "d_abs_above_8": 41.672779083251953, "d_abs_above_10": 41.672779083251953, "d_abs_above_15": 32.412160873413086, "grade_reliable": true, "max_abs_grade_reliable": 0.17546117298713881, "shortest_use": 20, "flat_use": 9, "flat_use_per_objective": 3.0, "unavoidability": 0.15, "barrier_score": 1.4623909675466265, "neighborhood": "Fluntern" }, "geometry": { "type": "LineString", "coordinates": [ [ 8.55712269985753, 47.382580040920942 ], [ 8.557121208404862, 47.382577010161555 ], [ 8.557077708404854, 47.382488710161518 ], [ 8.557014508404841, 47.38232751016151 ], [ 8.556986008404845, 47.382217510161475 ] ] } },
{ "type": "Feature", "properties": { "edge_id": 75220, "segment_id": "827450aa-e950-4223-9ce0-43b8b873f3d5", "u": "d3490201-0562-4831-8b03-48f9bb743ed2", "v": "8c4902f2-b4a8-4cae-adb3-4d7ba09bef7b", "part": 0, "cls": "residential", "subclass": null, "name": "Probsteistrasse", "length_m": 48.581464018121544, "is_bridge": false, "is_tunnel": false, "is_covered": false, "is_structure": false, "walk_ok": true, "walk_oneway": false, "walk_restricted": false, "walk_sidepath": false, "under_at_m": [ ], "bike_ok": true, "bike_oneway": false, "bike_restricted": false, "bike_facility": "", "low_stress": true, "max_abs_grade": 0.083358591133020396, "elev_min": 439.47601318359375, "elev_max": 443.42062377929688, "cum_gain_fwd": 3.944610595703125, "cum_loss_fwd": -0.0, "net_change_fwd": 3.944610595703125, "avg_grade_fwd": 0.081195796986636953, "n_samples": 11, "d_abs_above_3": 48.581462860107422, "d_abs_above_5": 48.581462860107422, "d_abs_above_8": 34.007023811340332, "d_abs_above_10": 0.0, "d_abs_above_15": 0.0, "grade_reliable": true, "max_abs_grade_reliable": 0.083358591133020396, "shortest_use": 36, "flat_use": 8, "flat_use_per_objective": 2.6666666666666665, "unavoidability": 0.07407407407407407, "barrier_score": 1.4578856624628489, "neighborhood": "Hirzenbach" }, "geometry": { "type": "LineString", "coordinates": [ [ 8.585849408427332, 47.399756410158666 ], [ 8.585918808427463, 47.399536110158593 ], [ 8.585919608427478, 47.39947941015857 ], [ 8.585903308427483, 47.399426710158551 ], [ 8.585852708427463, 47.399331610158519 ] ] } },
{ "type": "Feature", "properties": { "edge_id": 58886, "segment_id": "a5a6882b-b6f0-4ede-bebb-a6ae5129de7b", "u": "ef6a01ef-2b4f-49c3-ae2d-8c0d1fa8cc3c", "v": "baa68e82-d609-4598-9edf-7a7041f8ae67", "part": 1, "cls": "residential", "subclass": null, "name": "Klusstrasse", "length_m": 30.871860171136333, "is_bridge": false, "is_tunnel": false, "is_covered": false, "is_structure": false, "walk_ok": true, "walk_oneway": false, "walk_restricted": false, "walk_sidepath": false, "under_at_m": [ ], "bike_ok": true, "bike_oneway": false, "bike_restricted": false, "bike_facility": "", "low_stress": true, "max_abs_grade": 0.18114996215807114, "elev_min": 474.50750732421875, "elev_max": 479.2308349609375, "cum_gain_fwd": 4.72332763671875, "cum_loss_fwd": -0.0, "net_change_fwd": 4.72332763671875, "avg_grade_fwd": 0.15299782907751056, "n_samples": 8, "d_abs_above_3": 30.871860504150391, "d_abs_above_5": 30.871860504150391, "d_abs_above_8": 30.871860504150391, "d_abs_above_10": 30.871860504150391, "d_abs_above_15": 17.641063690185547, "grade_reliable": true, "max_abs_grade_reliable": 0.18114996215807114, "shortest_use": 26, "flat_use": 61, "flat_use_per_objective": 20.333333333333332, "unavoidability": 0.78205128205128205, "barrier_score": 1.4540334384551588, "neighborhood": "Hirslanden" }, "geometry": { "type": "LineString", "coordinates": [ [ 8.567464089558976, 47.365078435729146 ], [ 8.567507508420379, 47.365038610152858 ], [ 8.567692408420612, 47.364848210152751 ] ] } },
{ "type": "Feature", "properties": { "edge_id": 73355, "segment_id": "0df0a5c0-e8d6-4909-b128-d596f0a40110", "u": "2eea4928-7420-40f7-bb64-9dcdecf8cec0", "v": "a3d9a474-88ad-4ab0-9a83-24d1bbac2628", "part": 1, "cls": "track", "subclass": null, "name": "Zürichbergstrasse", "length_m": 189.20151241107448, "is_bridge": false, "is_tunnel": false, "is_covered": false, "is_structure": false, "walk_ok": true, "walk_oneway": false, "walk_restricted": false, "walk_sidepath": false, "under_at_m": [ ], "bike_ok": true, "bike_oneway": false, "bike_restricted": false, "bike_facility": "", "low_stress": false, "max_abs_grade": 0.095396033516407117, "elev_min": 553.33990478515625, "elev_max": 565.77423095703125, "cum_gain_fwd": 0.0, "cum_loss_fwd": 12.434326171875, "net_change_fwd": -12.434326171875, "avg_grade_fwd": -0.065720016355485009, "n_samples": 39, "d_abs_above_3": 179.24354553222656, "d_abs_above_5": 149.36961364746094, "d_abs_above_8": 29.87392520904541, "d_abs_above_10": 0.0, "d_abs_above_15": 0.0, "grade_reliable": true, "max_abs_grade_reliable": 0.095396033516407117, "shortest_use": 8, "flat_use": 4, "flat_use_per_objective": 1.3333333333333333, "unavoidability": 0.16666666666666666, "barrier_score": 1.4439259055457421, "neighborhood": "Hirzenbach" }, "geometry": { "type": "LineString", "coordinates": [ [ 8.582029476131547, 47.387789872769886 ], [ 8.582013808427355, 47.387800910155981 ], [ 8.582092608427407, 47.387875910155977 ], [ 8.582165608427443, 47.387981210155978 ], [ 8.582362708427539, 47.388274610156046 ], [ 8.582568708427637, 47.388608210156072 ], [ 8.582882508427772, 47.389157210156156 ], [ 8.582974108427807, 47.389296210156154 ], [ 8.583000808427826, 47.389345410156217 ] ] } },
{ "type": "Feature", "properties": { "edge_id": 6151, "segment_id": "7ed909d6-c0a2-4805-a6e0-1c948731e706", "u": "f8ab1ff2-0ef0-4014-903d-de174478b881", "v": "f894e856-a612-47df-91b0-e3be76ab0bb4", "part": 2, "cls": "footway", "subclass": null, "name": null, "length_m": 35.43913607422175, "is_bridge": false, "is_tunnel": false, "is_covered": false, "is_structure": false, "walk_ok": true, "walk_oneway": false, "walk_restricted": false, "walk_sidepath": false, "under_at_m": [ ], "bike_ok": false, "bike_oneway": false, "bike_restricted": false, "bike_facility": "", "low_stress": false, "max_abs_grade": 0.11925568103962075, "elev_min": 435.1051025390625, "elev_max": 438.49801635742188, "cum_gain_fwd": 0.0, "cum_loss_fwd": 3.392913818359375, "net_change_fwd": -3.392913818359375, "avg_grade_fwd": -0.095739178573623671, "n_samples": 9, "d_abs_above_3": 35.439136505126953, "d_abs_above_5": 35.439136505126953, "d_abs_above_8": 26.579351425170898, "d_abs_above_10": 17.719568252563477, "d_abs_above_15": 0.0, "grade_reliable": true, "max_abs_grade_reliable": 0.11925568103962075, "shortest_use": 34, "flat_use": 33, "flat_use_per_objective": 11.0, "unavoidability": 0.3235294117647059, "barrier_score": 1.4369482247156162, "neighborhood": "Leimbach" }, "geometry": { "type": "LineString", "coordinates": [ [ 8.518515791739075, 47.335012595329836 ], [ 8.518563308382046, 47.335019910157264 ], [ 8.518644908382123, 47.335023910157211 ], [ 8.518982402502123, 47.335040301624097 ] ] } },
{ "type": "Feature", "properties": { "edge_id": 67810, "segment_id": "6fdb7ebd-db18-45ce-8274-11e4e65c23a7", "u": "bc0360de-3610-4095-aea4-9edc318655b4", "v": "fa5183eb-6593-44d1-9c81-1c77d27fae9f", "part": 3, "cls": "residential", "subclass": null, "name": "Frohburgstrasse", "length_m": 21.174285904205092, "is_bridge": false, "is_tunnel": false, "is_covered": false, "is_structure": false, "walk_ok": true, "walk_oneway": true, "walk_restricted": false, "walk_sidepath": false, "under_at_m": [ ], "bike_ok": true, "bike_oneway": true, "bike_restricted": false, "bike_facility": "", "low_stress": true, "max_abs_grade": 0.11690752728901102, "elev_min": 488.13702392578125, "elev_max": 490.139892578125, "cum_gain_fwd": 0.0, "cum_loss_fwd": 2.00286865234375, "net_change_fwd": -2.00286865234375, "avg_grade_fwd": -0.09458966705532551, "n_samples": 6, "d_abs_above_3": 21.174285888671875, "d_abs_above_5": 21.174285888671875, "d_abs_above_8": 16.939428329467773, "d_abs_above_10": 8.4697141647338867, "d_abs_above_15": 0.0, "grade_reliable": true, "max_abs_grade_reliable": 0.11690752728901102, "shortest_use": 58, "flat_use": 24, "flat_use_per_objective": 8.0, "unavoidability": 0.13793103448275862, "barrier_score": 1.4357513761592833, "neighborhood": "Oberstrass" }, "geometry": { "type": "LineString", "coordinates": [ [ 8.548456060671329, 47.386319446209477 ], [ 8.5484338083953, 47.386253610165213 ], [ 8.548399708395287, 47.386194610165241 ], [ 8.548359608395261, 47.38614991016523 ], [ 8.548351095117612, 47.38614566518843 ] ] } },
{ "type": "Feature", "properties": { "edge_id": 57779, "segment_id": "1d644a85-2954-4767-ad1a-3725b8abb871", "u": "6b531432-ffa2-4427-98ac-cedb4d48e0ca", "v": "bc3bd846-f7b0-441f-8eeb-e967fed517e6", "part": 1, "cls": "residential", "subclass": null, "name": "Biberlinstrasse", "length_m": 35.311949162629979, "is_bridge": false, "is_tunnel": false, "is_covered": false, "is_structure": false, "walk_ok": true, "walk_oneway": false, "walk_restricted": false, "walk_sidepath": false, "under_at_m": [ ], "bike_ok": true, "bike_oneway": false, "bike_restricted": false, "bike_facility": "", "low_stress": true, "max_abs_grade": 0.1555679284177349, "elev_min": 490.87542724609375, "elev_max": 496.0474853515625, "cum_gain_fwd": 5.17205810546875, "cum_loss_fwd": -0.0, "net_change_fwd": 5.17205810546875, "avg_grade_fwd": 0.14646764070928925, "n_samples": 9, "d_abs_above_3": 35.31195068359375, "d_abs_above_5": 35.31195068359375, "d_abs_above_8": 35.31195068359375, "d_abs_above_10": 35.31195068359375, "d_abs_above_15": 13.241982460021973, "grade_reliable": true, "max_abs_grade_reliable": 0.1555679284177349, "shortest_use": 26, "flat_use": 42, "flat_use_per_objective": 14.0, "unavoidability": 0.53846153846153844, "barrier_score": 1.4282857627019059, "neighborhood": "Hirslanden" }, "geometry": { "type": "LineString", "coordinates": [ [ 8.570011014480576, 47.363543611868842 ], [ 8.570442408423643, 47.363665910151568 ], [ 8.570442420812611, 47.363665913662778 ] ] } },
{ "type": "Feature", "properties": { "edge_id": 63084, "segment_id": "9f809759-1438-462f-b0e9-b9ede79003ee", "u": "a2a40095-5811-4eca-a18a-4959d8a7726a", "v": "da6c9aca-2905-490d-a33e-e138f45acab6", "part": 4, "cls": "residential", "subclass": null, "name": "Künstlergasse", "length_m": 91.332613138991334, "is_bridge": false, "is_tunnel": false, "is_covered": false, "is_structure": false, "walk_ok": true, "walk_oneway": true, "walk_restricted": false, "walk_sidepath": false, "under_at_m": [ ], "bike_ok": true, "bike_oneway": true, "bike_restricted": false, "bike_facility": "", "low_stress": true, "max_abs_grade": 0.12991778560771991, "elev_min": 425.28073120117188, "elev_max": 435.73809814453125, "cum_gain_fwd": 0.0, "cum_loss_fwd": 10.457366943359375, "net_change_fwd": -10.457366943359375, "avg_grade_fwd": -0.11449762378679137, "n_samples": 20, "d_abs_above_3": 91.332611083984375, "d_abs_above_5": 91.332611083984375, "d_abs_above_8": 91.332611083984375, "d_abs_above_10": 86.525634765625, "d_abs_above_15": 0.0, "grade_reliable": true, "max_abs_grade_reliable": 0.12991778560771991, "shortest_use": 12, "flat_use": 17, "flat_use_per_objective": 5.666666666666667, "unavoidability": 0.47222222222222227, "barrier_score": 1.4238877023341159, "neighborhood": "Hochschulen" }, "geometry": { "type": "LineString", "coordinates": [ [ 8.548001067278351, 47.37402304285407 ], [ 8.548041108398735, 47.373928510161363 ], [ 8.548081708398803, 47.373829010161344 ], [ 8.548103208398844, 47.373767110161332 ], [ 8.548117308398883, 47.373711810161296 ], [ 8.548128608398908, 47.373657110161275 ], [ 8.54813410839893, 47.373595910161264 ], [ 8.548131508398944, 47.373537710161223 ], [ 8.548110408398943, 47.373478110161209 ], [ 8.548086208398935, 47.373433410161198 ], [ 8.548056908398921, 47.373392410161209 ], [ 8.547980108398866, 47.373322410161151 ], [ 8.5479029999745, 47.373257326278527 ] ] } },
{ "type": "Feature", "properties": { "edge_id": 72647, "segment_id": "2f1fa4fd-4b64-49dc-93ce-99b18d8eb099", "u": "02575fce-2464-49d1-a12f-e444d0735bc8", "v": "a7fcd7d7-c4d6-4651-928d-935e3bedd87a", "part": 0, "cls": "track", "subclass": null, "name": "Hüttenrainstrasse", "length_m": 107.6442051011073, "is_bridge": false, "is_tunnel": false, "is_covered": false, "is_structure": false, "walk_ok": true, "walk_oneway": false, "walk_restricted": false, "walk_sidepath": false, "under_at_m": [ ], "bike_ok": true, "bike_oneway": false, "bike_restricted": false, "bike_facility": "", "low_stress": false, "max_abs_grade": 0.16441598597901685, "elev_min": 458.4534912109375, "elev_max": 473.78012084960938, "cum_gain_fwd": 15.326629638671875, "cum_loss_fwd": -0.0, "net_change_fwd": 15.326629638671875, "avg_grade_fwd": 0.14238230378447561, "n_samples": 23, "d_abs_above_3": 107.64420318603516, "d_abs_above_5": 107.64420318603516, "d_abs_above_8": 107.64420318603516, "d_abs_above_10": 107.64420318603516, "d_abs_above_15": 24.464591979980469, "grade_reliable": true, "max_abs_grade_reliable": 0.16441598597901685, "shortest_use": 8, "flat_use": 0, "flat_use_per_objective": 0.0, "unavoidability": 0.0, "barrier_score": 1.4158742493300858, "neighborhood": "Schwamendingen-Mitte" }, "geometry": { "type": "LineString", "coordinates": [ [ 8.567962408409368, 47.401859910164497 ], [ 8.567985608409467, 47.401620110164451 ], [ 8.568153808409789, 47.401086310164239 ], [ 8.568214808409909, 47.40090911016415 ] ] } },
{ "type": "Feature", "properties": { "edge_id": 5430, "segment_id": "f163f077-d98a-4838-8798-951b95c4a530", "u": "98c5ddf5-191e-4904-8c23-c296a8b01c2b", "v": "98ec8662-1ef0-413a-b53b-824516ae4600", "part": 0, "cls": "footway", "subclass": null, "name": null, "length_m": 124.81869671353581, "is_bridge": false, "is_tunnel": false, "is_covered": false, "is_structure": false, "walk_ok": true, "walk_oneway": false, "walk_restricted": false, "walk_sidepath": false, "under_at_m": [ ], "bike_ok": false, "bike_oneway": false, "bike_restricted": false, "bike_facility": "", "low_stress": false, "max_abs_grade": 0.28303400472793011, "elev_min": 434.14047241210938, "elev_max": 457.88510131835938, "cum_gain_fwd": 0.0, "cum_loss_fwd": 23.74462890625, "net_change_fwd": -23.74462890625, "avg_grade_fwd": -0.19023295262977868, "n_samples": 26, "d_abs_above_3": 124.81869506835938, "d_abs_above_5": 124.81869506835938, "d_abs_above_8": 124.81869506835938, "d_abs_above_10": 124.81869506835938, "d_abs_above_15": 104.84770393371582, "grade_reliable": true, "max_abs_grade_reliable": 0.28303400472793011, "shortest_use": 4, "flat_use": 2, "flat_use_per_objective": 0.66666666666666663, "unavoidability": 0.16666666666666666, "barrier_score": 1.4131174238301187, "neighborhood": "Friesenberg" }, "geometry": { "type": "LineString", "coordinates": [ [ 8.514770608372809, 47.353087110164239 ], [ 8.514791008372834, 47.353070010164238 ], [ 8.514837008372897, 47.35302221016422 ], [ 8.515011608373108, 47.352882010164095 ], [ 8.515157908373272, 47.352806810164026 ], [ 8.5152754083734, 47.352751110163979 ], [ 8.515392808373534, 47.35271231016393 ], [ 8.51555410837371, 47.352656510163889 ], [ 8.515873408374024, 47.352635010163795 ], [ 8.516083008374226, 47.3526415101637 ], [ 8.51616780837432, 47.35261041016367 ] ] } },
{ "type": "Feature", "properties": { "edge_id": 67386, "segment_id": "2ac7a983-006b-436c-a7ae-b12feabf2efe", "u": "522b117a-0bb9-4b64-a988-f378df39af6c", "v": "2e19f3c0-4fdb-466d-9f41-4f9856f2b151", "part": 1, "cls": "residential", "subclass": null, "name": "Hinterbergstrasse", "length_m": 34.673773998908572, "is_bridge": false, "is_tunnel": false, "is_covered": false, "is_structure": false, "walk_ok": true, "walk_oneway": false, "walk_restricted": false, "walk_sidepath": false, "under_at_m": [ ], "bike_ok": true, "bike_oneway": false, "bike_restricted": false, "bike_facility": "", "low_stress": true, "max_abs_grade": 0.20292906523897133, "elev_min": 564.68048095703125, "elev_max": 570.94744873046875, "cum_gain_fwd": 6.2669677734375, "cum_loss_fwd": -0.0, "net_change_fwd": 6.2669677734375, "avg_grade_fwd": 0.18074085744002821, "n_samples": 8, "d_abs_above_3": 34.673774719238281, "d_abs_above_5": 34.673774719238281, "d_abs_above_8": 34.673774719238281, "d_abs_above_10": 34.673774719238281, "d_abs_above_15": 29.720378398895264, "grade_reliable": true, "max_abs_grade_reliable": 0.20292906523897133, "shortest_use": 20, "flat_use": 9, "flat_use_per_objective": 3.0, "unavoidability": 0.15, "barrier_score": 1.4072633091811733, "neighborhood": "Fluntern" }, "geometry": { "type": "LineString", "coordinates": [ [ 8.557360768909733, 47.383346055236721 ], [ 8.557366008404854, 47.383356610161712 ], [ 8.557370008404854, 47.383370310161744 ], [ 8.557406325652128, 47.383656005840763 ] ] } },
{ "type": "Feature", "properties": { "edge_id": 67507, "segment_id": "c21213b7-dd91-4854-b9cc-25b29964fb0e", "u": "fef5a00e-e719-4e98-b806-ed84e0002226", "v": "6e747f12-d658-415e-b8c2-f3c123496bc5", "part": 0, "cls": "residential", "subclass": null, "name": "Schlösslistrasse", "length_m": 89.142693170901836, "is_bridge": false, "is_tunnel": false, "is_covered": false, "is_structure": false, "walk_ok": true, "walk_oneway": false, "walk_restricted": false, "walk_sidepath": false, "under_at_m": [ ], "bike_ok": true, "bike_oneway": false, "bike_restricted": false, "bike_facility": "", "low_stress": true, "max_abs_grade": 0.13092246852262382, "elev_min": 567.49737548828125, "elev_max": 578.15142822265625, "cum_gain_fwd": 10.654052734375, "cum_loss_fwd": -0.0, "net_change_fwd": 10.654052734375, "avg_grade_fwd": 0.11951683786639822, "n_samples": 19, "d_abs_above_3": 89.142692565917969, "d_abs_above_5": 89.142692565917969, "d_abs_above_8": 89.142692565917969, "d_abs_above_10": 89.142692565917969, "d_abs_above_15": 0.0, "grade_reliable": true, "max_abs_grade_reliable": 0.13092246852262382, "shortest_use": 12, "flat_use": 0, "flat_use_per_objective": 0.0, "unavoidability": 0.0, "barrier_score": 1.4004937728827174, "neighborhood": "Fluntern" }, "geometry": { "type": "LineString", "coordinates": [ [ 8.555772208403008, 47.384335910162456 ], [ 8.555940908403146, 47.384407910162473 ], [ 8.556054408403247, 47.384444110162434 ], [ 8.556160208403341, 47.384471210162417 ], [ 8.556262908403436, 47.384488310162382 ], [ 8.556346408403519, 47.384500610162377 ], [ 8.556440708403601, 47.384509010162347 ], [ 8.556529408403691, 47.384511710162343 ], [ 8.556701108403857, 47.384508110162265 ], [ 8.556895775400237, 47.384492924764899 ] ] } },
{ "type": "Feature", "properties": { "edge_id": 73757, "segment_id": "8d8fc3b7-e7f2-424c-8717-5810ba6c8643", "u": "515c784b-c7bd-4482-80f0-01786ddc8b20", "v": "bb72f944-d577-487a-98c6-830409bca1af", "part": 0, "cls": "residential", "subclass": null, "name": "Schlösslistrasse", "length_m": 69.034624714632386, "is_bridge": false, "is_tunnel": false, "is_covered": false, "is_structure": false, "walk_ok": true, "walk_oneway": false, "walk_restricted": false, "walk_sidepath": false, "under_at_m": [ ], "bike_ok": true, "bike_oneway": false, "bike_restricted": false, "bike_facility": "", "low_stress": true, "max_abs_grade": 0.16851049806075688, "elev_min": 587.168212890625, "elev_max": 598.153076171875, "cum_gain_fwd": 10.98486328125, "cum_loss_fwd": -0.0, "net_change_fwd": 10.98486328125, "avg_grade_fwd": 0.15912107479400467, "n_samples": 15, "d_abs_above_3": 69.034622192382812, "d_abs_above_5": 69.034622192382812, "d_abs_above_8": 69.034622192382812, "d_abs_above_10": 69.034622192382812, "d_abs_above_15": 64.10357666015625, "grade_reliable": true, "max_abs_grade_reliable": 0.16851049806075688, "shortest_use": 12, "flat_use": 9, "flat_use_per_objective": 3.0, "unavoidability": 0.25, "barrier_score": 1.3959670792920167, "neighborhood": "Fluntern" }, "geometry": { "type": "LineString", "coordinates": [ [ 8.557816808404977, 47.384383010161891 ], [ 8.55802410840521, 47.384282910161822 ], [ 8.558194108405415, 47.384148510161701 ], [ 8.558284308405524, 47.384095810161661 ], [ 8.558382008405626, 47.384061310161584 ], [ 8.558445308405693, 47.384053810161618 ], [ 8.558502008405746, 47.384061310161584 ], [ 8.558546818124793, 47.384072738143637 ] ] } },
{ "type": "Feature", "properties": { "edge_id": 68387, "segment_id": "47334308-9b21-4649-8bb2-6e3dd619c1f4", "u": "c3622488-6d61-44cd-93f4-d98d637a0b63", "v": "fe84a950-6814-40f5-904d-531c85948364", "part": 1, "cls": "residential", "subclass": null, "name": "Kinkelstrasse", "length_m": 56.904954202666922, "is_bridge": false, "is_tunnel": false, "is_covered": false, "is_structure": false, "walk_ok": true, "walk_oneway": false, "walk_restricted": false, "walk_sidepath": false, "under_at_m": [ ], "bike_ok": true, "bike_oneway": false, "bike_restricted": false, "bike_facility": "", "low_stress": true, "max_abs_grade": 0.13579511997348581, "elev_min": 489.84097290039062, "elev_max": 495.98236083984375, "cum_gain_fwd": 6.141387939453125, "cum_loss_fwd": -0.0, "net_change_fwd": 6.141387939453125, "avg_grade_fwd": 0.10792360972755645, "n_samples": 13, "d_abs_above_3": 56.904953002929688, "d_abs_above_5": 56.904953002929688, "d_abs_above_8": 52.162876129150391, "d_abs_above_10": 42.678714752197266, "d_abs_above_15": 0.0, "grade_reliable": true, "max_abs_grade_reliable": 0.13579511997348581, "shortest_use": 18, "flat_use": 61, "flat_use_per_objective": 20.333333333333332, "unavoidability": 1.0, "barrier_score": 1.3909347149466365, "neighborhood": "Oberstrass" }, "geometry": { "type": "LineString", "coordinates": [ [ 8.546299288823691, 47.389258480137137 ], [ 8.546299408392294, 47.389258510166783 ], [ 8.547004401255895, 47.389439208337329 ] ] } },
{ "type": "Feature", "properties": { "edge_id": 5041, "segment_id": "619d756e-f91e-4a2d-8f82-97ce59cf038f", "u": "f9d1caa0-f40d-40e4-a34f-4ec8d6cf02d9", "v": "638587b7-a318-43b3-8cea-809865cf01c5", "part": 0, "cls": "service", "subclass": null, "name": "Rellstabweg", "length_m": 32.970744231443852, "is_bridge": false, "is_tunnel": false, "is_covered": false, "is_structure": false, "walk_ok": true, "walk_oneway": false, "walk_restricted": false, "walk_sidepath": false, "under_at_m": [ ], "bike_ok": true, "bike_oneway": false, "bike_restricted": false, "bike_facility": "", "low_stress": false, "max_abs_grade": 0.13163082335676093, "elev_min": 458.82513427734375, "elev_max": 462.73483276367188, "cum_gain_fwd": 3.909698486328125, "cum_loss_fwd": -0.0, "net_change_fwd": 3.909698486328125, "avg_grade_fwd": 0.11858083510247443, "n_samples": 8, "d_abs_above_3": 32.970745086669922, "d_abs_above_5": 32.970745086669922, "d_abs_above_8": 32.970745086669922, "d_abs_above_10": 32.970745086669922, "d_abs_above_15": 0.0, "grade_reliable": true, "max_abs_grade_reliable": 0.13163082335676093, "shortest_use": 32, "flat_use": 3, "flat_use_per_objective": 1.0, "unavoidability": 0.03125, "barrier_score": 1.3887891871584417, "neighborhood": "Leimbach" }, "geometry": { "type": "LineString", "coordinates": [ [ 8.515180008378477, 47.33592631015852 ], [ 8.515170308378465, 47.335913410158511 ], [ 8.514982708378353, 47.335683410158481 ], [ 8.514959069777692, 47.335673136842594 ] ] } },
{ "type": "Feature", "properties": { "edge_id": 60752, "segment_id": "8b58bc97-67fd-4231-ac1b-4feb1023a544", "u": "16156707-8ab8-42af-8035-1e31ce6db44d", "v": "33042867-5873-4680-b9e0-f1da46014741", "part": 2, "cls": "residential", "subclass": null, "name": "Zürichbergstrasse", "length_m": 43.636026337195261, "is_bridge": false, "is_tunnel": false, "is_covered": false, "is_structure": false, "walk_ok": true, "walk_oneway": true, "walk_restricted": false, "walk_sidepath": false, "under_at_m": [ ], "bike_ok": true, "bike_oneway": true, "bike_restricted": false, "bike_facility": "", "low_stress": true, "max_abs_grade": 0.13220546048158666, "elev_min": 540.196533203125, "elev_max": 545.78009033203125, "cum_gain_fwd": 0.0, "cum_loss_fwd": 5.58355712890625, "net_change_fwd": -5.58355712890625, "avg_grade_fwd": -0.12795751208024672, "n_samples": 10, "d_abs_above_3": 43.636024475097656, "d_abs_above_5": 43.636024475097656, "d_abs_above_8": 43.636024475097656, "d_abs_above_10": 43.636024475097656, "d_abs_above_15": 0.0, "grade_reliable": true, "max_abs_grade_reliable": 0.13220546048158666, "shortest_use": 24, "flat_use": 54, "flat_use_per_objective": 18.0, "unavoidability": 0.75, "barrier_score": 1.3845410293189304, "neighborhood": "Fluntern" }, "geometry": { "type": "LineString", "coordinates": [ [ 8.563414492286858, 47.378438688014278 ], [ 8.563062808412004, 47.378129210158363 ], [ 8.563061431887162, 47.378128005363706 ] ] } },
{ "type": "Feature", "properties": { "edge_id": 73315, "segment_id": "d451f222-4aae-4f8c-97b6-0f52da9ce9ae", "u": "a767def3-088b-449d-817a-14f2c304f2f6", "v": "fd64144e-af64-4f3b-9129-9dc3bbe7a63b", "part": 1, "cls": "track", "subclass": null, "name": "Hüttenkopfstrasse", "length_m": 101.93093978715987, "is_bridge": false, "is_tunnel": false, "is_covered": false, "is_structure": false, "walk_ok": true, "walk_oneway": false, "walk_restricted": false, "walk_sidepath": false, "under_at_m": [ ], "bike_ok": true, "bike_oneway": false, "bike_restricted": false, "bike_facility": "", "low_stress": false, "max_abs_grade": 0.11276250654516483, "elev_min": 509.114990234375, "elev_max": 518.27655029296875, "cum_gain_fwd": 9.16156005859375, "cum_loss_fwd": -0.0, "net_change_fwd": 9.16156005859375, "avg_grade_fwd": 0.089880071483467577, "n_samples": 22, "d_abs_above_3": 101.93093872070312, "d_abs_above_5": 101.93093872070312, "d_abs_above_8": 82.515525817871094, "d_abs_above_10": 14.561562538146973, "d_abs_above_15": 0.0, "grade_reliable": true, "max_abs_grade_reliable": 0.11276250654516483, "shortest_use": 12, "flat_use": 0, "flat_use_per_objective": 0.0, "unavoidability": 0.0, "barrier_score": 1.37927859178853, "neighborhood": "Schwamendingen-Mitte" }, "geometry": { "type": "LineString", "coordinates": [ [ 8.575158883544464, 47.395740338127524 ], [ 8.575160708418244, 47.395738210160488 ], [ 8.575490508418692, 47.395333510160249 ], [ 8.575820910981985, 47.394941354725866 ] ] } },
{ "type": "Feature", "properties": { "edge_id": 53721, "segment_id": "a9970719-6bbc-4829-b082-c0c8ee91e585", "u": "f9061449-1451-4fef-8c33-ce5465eb0691", "v": "6fcb05fe-de8b-4723-892c-0fb4ce3155a6", "part": 1, "cls": "service", "subclass": null, "name": null, "length_m": 77.602001743526984, "is_bridge": false, "is_tunnel": false, "is_covered": false, "is_structure": false, "walk_ok": true, "walk_oneway": false, "walk_restricted": false, "walk_sidepath": false, "under_at_m": [ ], "bike_ok": false, "bike_oneway": false, "bike_restricted": false, "bike_facility": "", "low_stress": false, "max_abs_grade": 0.098559734220941428, "elev_min": 424.14035034179688, "elev_max": 431.2457275390625, "cum_gain_fwd": 7.105377197265625, "cum_loss_fwd": -0.0, "net_change_fwd": 7.105377197265625, "avg_grade_fwd": 0.091561773395140322, "n_samples": 17, "d_abs_above_3": 77.602005004882812, "d_abs_above_5": 77.602005004882812, "d_abs_above_8": 77.602005004882812, "d_abs_above_10": 0.0, "d_abs_above_15": 0.0, "grade_reliable": true, "max_abs_grade_reliable": 0.098559734220941428, "shortest_use": 18, "flat_use": 0, "flat_use_per_objective": 0.0, "unavoidability": 0.0, "barrier_score": 1.3767178800339095, "neighborhood": "Enge" }, "geometry": { "type": "LineString", "coordinates": [ [ 8.531153015574315, 47.359304230632794 ], [ 8.530964908386748, 47.359026710161473 ], [ 8.530841508386699, 47.358802810161478 ], [ 8.530783508386682, 47.358670410161444 ], [ 8.530777118470116, 47.358655835281063 ] ] } },
{ "type": "Feature", "properties": { "edge_id": 5108, "segment_id": "7aa942ee-1eeb-4cc3-994d-26952dab3ec9", "u": "c0a5c445-6b20-4f93-be9b-acb61593caa4", "v": "908c43ef-59cb-4934-9b32-51b50d7fb525", "part": 2, "cls": "footway", "subclass": null, "name": null, "length_m": 30.679483667950844, "is_bridge": false, "is_tunnel": false, "is_covered": false, "is_structure": false, "walk_ok": true, "walk_oneway": false, "walk_restricted": false, "walk_sidepath": false, "under_at_m": [ ], "bike_ok": false, "bike_oneway": false, "bike_restricted": false, "bike_facility": "", "low_stress": false, "max_abs_grade": 0.12875391821648216, "elev_min": 453.1778564453125, "elev_max": 455.73382568359375, "cum_gain_fwd": 2.55596923828125, "cum_loss_fwd": -0.0, "net_change_fwd": 2.55596923828125, "avg_grade_fwd": 0.083312003784919819, "n_samples": 8, "d_abs_above_3": 30.679483413696289, "d_abs_above_5": 26.296699523925781, "d_abs_above_8": 13.148349761962891, "d_abs_above_10": 13.148349761962891, "d_abs_above_15": 0.0, "grade_reliable": true, "max_abs_grade_reliable": 0.12875391821648216, "shortest_use": 34, "flat_use": 33, "flat_use_per_objective": 11.0, "unavoidability": 0.3235294117647059, "barrier_score": 1.3430352685764626, "neighborhood": "Leimbach" }, "geometry": { "type": "LineString", "coordinates": [ [ 8.516701416683151, 47.334518187330616 ], [ 8.516672308380365, 47.334510110157609 ], [ 8.516513908380224, 47.33445571015767 ], [ 8.5164769083802, 47.334428010157652 ], [ 8.516466908380194, 47.334407810157657 ], [ 8.516466908380201, 47.334383710157596 ], [ 8.516468708380208, 47.334374110157604 ], [ 8.516419093662012, 47.334350072018992 ] ] } },
{ "type": "Feature", "properties": { "edge_id": 67511, "segment_id": "6a2258f5-2788-45b7-8ad3-61113157e6f2", "u": "515c784b-c7bd-4482-80f0-01786ddc8b20", "v": "8342a05e-24c8-4a45-a55d-836701e36bcd", "part": 0, "cls": "residential", "subclass": null, "name": "Hinterbergstrasse", "length_m": 27.359520985191786, "is_bridge": false, "is_tunnel": false, "is_covered": false, "is_structure": false, "walk_ok": true, "walk_oneway": false, "walk_restricted": false, "walk_sidepath": false, "under_at_m": [ ], "bike_ok": true, "bike_oneway": false, "bike_restricted": false, "bike_facility": "", "low_stress": true, "max_abs_grade": 0.24312762121234621, "elev_min": 587.168212890625, "elev_max": 593.4825439453125, "cum_gain_fwd": 6.3143310546875, "cum_loss_fwd": -0.0, "net_change_fwd": 6.3143310546875, "avg_grade_fwd": 0.23079098697884151, "n_samples": 7, "d_abs_above_3": 27.359521865844727, "d_abs_above_5": 27.359521865844727, "d_abs_above_8": 27.359521865844727, "d_abs_above_10": 27.359521865844727, "d_abs_above_15": 27.359521865844727, "grade_reliable": true, "max_abs_grade_reliable": 0.24312762121234621, "shortest_use": 20, "flat_use": 0, "flat_use_per_objective": 0.0, "unavoidability": 0.0, "barrier_score": 1.3303710509277891, "neighborhood": "Fluntern" }, "geometry": { "type": "LineString", "coordinates": [ [ 8.557816808404977, 47.384383010161891 ], [ 8.557884308405026, 47.384433710161879 ], [ 8.558058749617906, 47.384566185802889 ] ] } },
{ "type": "Feature", "properties": { "edge_id": 59817, "segment_id": "3f060e65-6df4-4648-8fa4-3906b3e6c541", "u": "128efda0-3f0b-4730-815f-7587654093eb", "v": "0d380cc0-1f51-41e9-853e-149129227649", "part": 1, "cls": "residential", "subclass": null, "name": "Dolderstrasse", "length_m": 61.922231350267815, "is_bridge": false, "is_tunnel": false, "is_covered": false, "is_structure": false, "walk_ok": true, "walk_oneway": false, "walk_restricted": false, "walk_sidepath": false, "under_at_m": [ ], "bike_ok": true, "bike_oneway": false, "bike_restricted": false, "bike_facility": "", "low_stress": true, "max_abs_grade": 0.13419858295752957, "elev_min": 519.11700439453125, "elev_max": 527.022216796875, "cum_gain_fwd": 0.0, "cum_loss_fwd": 7.90521240234375, "net_change_fwd": -7.90521240234375, "avg_grade_fwd": -0.12766356173072349, "n_samples": 14, "d_abs_above_3": 61.922229766845703, "d_abs_above_5": 61.922229766845703, "d_abs_above_8": 61.922229766845703, "d_abs_above_10": 61.922229766845703, "d_abs_above_15": 0.0, "grade_reliable": true, "max_abs_grade_reliable": 0.13419858295752957, "shortest_use": 16, "flat_use": 80, "flat_use_per_objective": 26.666666666666668, "unavoidability": 1.0, "barrier_score": 1.3295801121238804, "neighborhood": "Hottingen" }, "geometry": { "type": "LineString", "coordinates": [ [ 8.566956203605406, 47.372856008278816 ], [ 8.566245208416815, 47.372578710155665 ], [ 8.566245195978283, 47.372578705309927 ] ] } },
{ "type": "Feature", "properties": { "edge_id": 58208, "segment_id": "c1943f46-4940-403d-8831-c0e269ba4aa4", "u": "635fdf14-9d81-430e-ad18-fe0aa94d610d", "v": "1d6ac227-6ada-46a3-91a9-b5cc4960975f", "part": 1, "cls": "residential", "subclass": null, "name": "Waserstrasse", "length_m": 25.65108171713117, "is_bridge": false, "is_tunnel": false, "is_covered": false, "is_structure": false, "walk_ok": true, "walk_oneway": false, "walk_restricted": false, "walk_sidepath": false, "under_at_m": [ ], "bike_ok": true, "bike_oneway": false, "bike_restricted": false, "bike_facility": "", "low_stress": true, "max_abs_grade": 0.13627040735121385, "elev_min": 546.6719970703125, "elev_max": 550.0789794921875, "cum_gain_fwd": 3.406982421875, "cum_loss_fwd": -0.0, "net_change_fwd": 3.406982421875, "avg_grade_fwd": 0.13282022736422072, "n_samples": 7, "d_abs_above_3": 25.651081085205078, "d_abs_above_5": 25.651081085205078, "d_abs_above_8": 25.651081085205078, "d_abs_above_10": 25.651081085205078, "d_abs_above_15": 0.0, "grade_reliable": true, "max_abs_grade_reliable": 0.13627040735121385, "shortest_use": 38, "flat_use": 81, "flat_use_per_objective": 27.0, "unavoidability": 0.71052631578947367, "barrier_score": 1.3282836747452407, "neighborhood": "Witikon" }, "geometry": { "type": "LineString", "coordinates": [ [ 8.581348627286843, 47.358299792735629 ], [ 8.581353808435887, 47.358299710146682 ], [ 8.581671908436189, 47.358313610146588 ], [ 8.581686989505309, 47.358316298511063 ] ] } },
{ "type": "Feature", "properties": { "edge_id": 5477, "segment_id": "948a8357-6724-470b-a0a8-eb93dfe27b0f", "u": "48b9eee9-d1db-41ae-89eb-c5f35375eb35", "v": "50c4164d-89d7-4ad3-8ba3-025f1c7719b7", "part": 0, "cls": "path", "subclass": null, "name": null, "length_m": 60.318186320943582, "is_bridge": false, "is_tunnel": false, "is_covered": false, "is_structure": false, "walk_ok": true, "walk_oneway": false, "walk_restricted": false, "walk_sidepath": false, "under_at_m": [ ], "bike_ok": false, "bike_oneway": false, "bike_restricted": false, "bike_facility": "", "low_stress": false, "max_abs_grade": 0.11001786960001611, "elev_min": 425.00799560546875, "elev_max": 428.19082641601562, "cum_gain_fwd": 0.144775390625, "cum_loss_fwd": 3.182830810546875, "net_change_fwd": -3.038055419921875, "avg_grade_fwd": -0.050367153508422149, "n_samples": 14, "d_abs_above_3": 46.398605346679688, "d_abs_above_5": 41.758743286132812, "d_abs_above_8": 9.2797203063964844, "d_abs_above_10": 4.6398601531982422, "d_abs_above_15": 0.0, "grade_reliable": true, "max_abs_grade_reliable": 0.11001786960001611, "shortest_use": 20, "flat_use": 0, "flat_use_per_objective": 0.0, "unavoidability": 0.0, "barrier_score": 1.3272156714334093, "neighborhood": "Friesenberg" }, "geometry": { "type": "LineString", "coordinates": [ [ 8.51575800837503, 47.348991610162606 ], [ 8.515726008375028, 47.348895110162601 ], [ 8.515723108375038, 47.348849210162584 ], [ 8.515733708375063, 47.348805010162572 ], [ 8.515751708375106, 47.348714210162534 ], [ 8.515777308375148, 47.348652810162484 ], [ 8.515806908375211, 47.348573110162469 ], [ 8.515828708375251, 47.348505710162407 ], [ 8.51582630837526, 47.348459510162442 ] ] } },
{ "type": "Feature", "properties": { "edge_id": 63822, "segment_id": "5d479a02-2362-40d8-9cf3-57097e5cd678", "u": "15a0f401-7694-43d1-b6bc-0de6909b5c4f", "v": "cdc8d460-ae6e-48c9-94f6-f802ba378651", "part": 0, "cls": "pedestrian", "subclass": null, "name": "Strehlgasse", "length_m": 24.690241679604757, "is_bridge": false, "is_tunnel": false, "is_covered": false, "is_structure": false, "walk_ok": true, "walk_oneway": false, "walk_restricted": false, "walk_sidepath": false, "under_at_m": [ ], "bike_ok": false, "bike_oneway": false, "bike_restricted": false, "bike_facility": "car_free_street", "low_stress": true, "max_abs_grade": 0.10334962752410766, "elev_min": 410.96820068359375, "elev_max": 413.22116088867188, "cum_gain_fwd": 0.0, "cum_loss_fwd": 2.252960205078125, "net_change_fwd": -2.252960205078125, "avg_grade_fwd": -0.091249016882999398, "n_samples": 6, "d_abs_above_3": 24.690240859985352, "d_abs_above_5": 24.690240859985352, "d_abs_above_8": 19.752193450927734, "d_abs_above_10": 4.9380483627319336, "d_abs_above_15": 0.0, "grade_reliable": true, "max_abs_grade_reliable": 0.10334962752410766, "shortest_use": 52, "flat_use": 9, "flat_use_per_objective": 3.0, "unavoidability": 0.057692307692307696, "barrier_score": 1.326898186155022, "neighborhood": "Lindenhof" }, "geometry": { "type": "LineString", "coordinates": [ [ 8.540919008392423, 47.371978910162817 ], [ 8.541022108392529, 47.371953510162768 ], [ 8.541183902184006, 47.37185504269619 ] ] } },
{ "type": "Feature", "properties": { "edge_id": 72545, "segment_id": "c3065f52-2e56-41e5-ac49-e9b2f531e257", "u": "cef4721c-e3f2-49e1-ac89-1fd7fbd43c9d", "v": "4e52c496-4a7b-4b9f-8594-d2b08d4b8477", "part": 1, "cls": "residential", "subclass": null, "name": "Hubenstrasse", "length_m": 67.379910902633668, "is_bridge": false, "is_tunnel": false, "is_covered": false, "is_structure": false, "walk_ok": true, "walk_oneway": false, "walk_restricted": false, "walk_sidepath": false, "under_at_m": [ ], "bike_ok": true, "bike_oneway": false, "bike_restricted": false, "bike_facility": "", "low_stress": true, "max_abs_grade": 0.1089676370556545, "elev_min": 467.729736328125, "elev_max": 472.763671875, "cum_gain_fwd": 0.0, "cum_loss_fwd": 5.033935546875, "net_change_fwd": -5.033935546875, "avg_grade_fwd": -0.074709736152597142, "n_samples": 15, "d_abs_above_3": 67.379913330078125, "d_abs_above_5": 48.128509521484375, "d_abs_above_8": 33.689956665039062, "d_abs_above_10": 24.064254760742188, "d_abs_above_15": 0.0, "grade_reliable": true, "max_abs_grade_reliable": 0.1089676370556545, "shortest_use": 18, "flat_use": 0, "flat_use_per_objective": 0.0, "unavoidability": 0.0, "barrier_score": 1.3216013416944941, "neighborhood": "Schwamendingen-Mitte" }, "geometry": { "type": "LineString", "coordinates": [ [ 8.565172100539895, 47.402694416464534 ], [ 8.56517520840641, 47.402693810165616 ], [ 8.565492008406741, 47.402632110165513 ], [ 8.56602789358818, 47.40252219247585 ] ] } },
{ "type": "Feature", "properties": { "edge_id": 6590, "segment_id": "231d9abf-41da-47f6-ae4c-0fdf06a1ec5f", "u": "8d89ed34-e932-494c-8e5b-c7c0687cf487", "v": "1baabf51-4ec3-4c75-b718-be22b39980a8", "part": 14, "cls": "footway", "subclass": null, "name": null, "length_m": 26.857834276481984, "is_bridge": true, "is_tunnel": false, "is_covered": false, "is_structure": true, "walk_ok": true, "walk_oneway": false, "walk_restricted": false, "walk_sidepath": false, "under_at_m": [ ], "bike_ok": false, "bike_oneway": false, "bike_restricted": false, "bike_facility": "", "low_stress": false, "max_abs_grade": 0.1445395639218654, "elev_min": 462.69992065429688, "elev_max": 466.58193969726562, "cum_gain_fwd": 0.0, "cum_loss_fwd": 3.88201904296875, "net_change_fwd": -3.88201904296875, "avg_grade_fwd": -0.14453954339248531, "n_samples": 7, "d_abs_above_3": 26.857833862304688, "d_abs_above_5": 26.857833862304688, "d_abs_above_8": 26.857833862304688, "d_abs_above_10": 26.857833862304688, "d_abs_above_15": 0.0, "grade_reliable": true, "max_abs_grade_reliable": 0.1445395639218654, "shortest_use": 34, "flat_use": 33, "flat_use_per_objective": 11.0, "unavoidability": 0.3235294117647059, "barrier_score": 1.3198866824308682, "neighborhood": "Leimbach" }, "geometry": { "type": "LineString", "coordinates": [ [ 8.515245039394324, 47.333889131463835 ], [ 8.515252608379166, 47.333891210157809 ], [ 8.515358008379264, 47.333924910157783 ], [ 8.515382808379282, 47.333932310157792 ], [ 8.515439808379332, 47.333949410157778 ], [ 8.515561835014987, 47.333997862482875 ] ] } },
{ "type": "Feature", "properties": { "edge_id": 53600, "segment_id": "2d30ef71-2212-4e08-9b04-1fc8acde7af2", "u": "e2636483-d387-49e6-a496-f88d178fb097", "v": "0dfbe99e-e433-4dc7-a346-b6d314c1039c", "part": 1, "cls": "residential", "subclass": null, "name": "Schulhausstrasse", "length_m": 81.757007752277843, "is_bridge": false, "is_tunnel": false, "is_covered": false, "is_structure": false, "walk_ok": true, "walk_oneway": false, "walk_restricted": false, "walk_sidepath": false, "under_at_m": [ ], "bike_ok": true, "bike_oneway": false, "bike_restricted": false, "bike_facility": "", "low_stress": true, "max_abs_grade": 0.11485573231634187, "elev_min": 425.66082763671875, "elev_max": 432.87884521484375, "cum_gain_fwd": 7.218017578125, "cum_loss_fwd": -0.0, "net_change_fwd": 7.218017578125, "avg_grade_fwd": 0.088286221002038534, "n_samples": 18, "d_abs_above_3": 81.757011413574219, "d_abs_above_5": 72.138534545898438, "d_abs_above_8": 52.901592254638672, "d_abs_above_10": 43.283123016357422, "d_abs_above_15": 0.0, "grade_reliable": true, "max_abs_grade_reliable": 0.11485573231634187, "shortest_use": 14, "flat_use": 0, "flat_use_per_objective": 0.0, "unavoidability": 0.0, "barrier_score": 1.3146365396332995, "neighborhood": "Enge" }, "geometry": { "type": "LineString", "coordinates": [ [ 8.527426009265797, 47.360484710235056 ], [ 8.528500508383873, 47.360572410162717 ] ] } },
{ "type": "Feature", "properties": { "edge_id": 72532, "segment_id": "7455a539-368b-4569-8883-55e3e4d3af31", "u": "e02d5ae5-a7bb-4400-bd1c-597a12586ac0", "v": "e3c71f47-30ed-4688-a4a4-cd28c6ceaa2e", "part": 1, "cls": "residential", "subclass": null, "name": "Bocklerstrasse", "length_m": 44.775381138412939, "is_bridge": false, "is_tunnel": false, "is_covered": false, "is_structure": false, "walk_ok": true, "walk_oneway": false, "walk_restricted": false, "walk_sidepath": false, "under_at_m": [ ], "bike_ok": true, "bike_oneway": false, "bike_restricted": false, "bike_facility": "", "low_stress": true, "max_abs_grade": 0.14618249962811825, "elev_min": 456.31582641601562, "elev_max": 462.0908203125, "cum_gain_fwd": 5.774993896484375, "cum_loss_fwd": -0.0, "net_change_fwd": 5.774993896484375, "avg_grade_fwd": 0.1289769848992954, "n_samples": 10, "d_abs_above_3": 44.775382995605469, "d_abs_above_5": 44.775382995605469, "d_abs_above_8": 44.775382995605469, "d_abs_above_10": 44.775382995605469, "d_abs_above_15": 0.0, "grade_reliable": true, "max_abs_grade_reliable": 0.14618249962811825, "shortest_use": 20, "flat_use": 0, "flat_use_per_objective": 0.0, "unavoidability": 0.0, "barrier_score": 1.3090754273229805, "neighborhood": "Schwamendingen-Mitte" }, "geometry": { "type": "LineString", "coordinates": [ [ 8.567324994582151, 47.40247767141679 ], [ 8.567320408408557, 47.40247631016495 ], [ 8.567081408408349, 47.402388510164968 ], [ 8.566892208408195, 47.402303210164995 ], [ 8.566841708408164, 47.402253210164972 ] ] } },
{ "type": "Feature", "properties": { "edge_id": 77280, "segment_id": "db881759-b2f6-4b74-958f-3f66aa9a492f", "u": "01c04c40-f2f9-42ac-8c37-e775112d315c", "v": "0256941e-e7f8-45d6-9857-cb591fe97d83", "part": 2, "cls": "residential", "subclass": null, "name": "Oetlisbergstrasse", "length_m": 16.596989679771347, "is_bridge": false, "is_tunnel": false, "is_covered": false, "is_structure": false, "walk_ok": true, "walk_oneway": false, "walk_restricted": false, "walk_sidepath": false, "under_at_m": [ ], "bike_ok": true, "bike_oneway": false, "bike_restricted": false, "bike_facility": "", "low_stress": true, "max_abs_grade": 0.11741467435199303, "elev_min": 612.14678955078125, "elev_max": 614.06646728515625, "cum_gain_fwd": 1.919677734375, "cum_loss_fwd": -0.0, "net_change_fwd": 1.919677734375, "avg_grade_fwd": 0.1156642057790961, "n_samples": 5, "d_abs_above_3": 16.596990585327148, "d_abs_above_5": 16.596990585327148, "d_abs_above_8": 16.596990585327148, "d_abs_above_10": 16.596990585327148, "d_abs_above_15": 0.0, "grade_reliable": true, "max_abs_grade_reliable": 0.11741467435199303, "shortest_use": 66, "flat_use": 165, "flat_use_per_objective": 55.0, "unavoidability": 0.83333333333333337, "barrier_score": 1.2861618913926696, "neighborhood": "Witikon" }, "geometry": { "type": "LineString", "coordinates": [ [ 8.596044627706062, 47.359906144329585 ], [ 8.596088208449681, 47.359822710142858 ], [ 8.596115608449722, 47.359770310142871 ], [ 8.596118041578503, 47.359765447970005 ] ] } },
{ "type": "Feature", "properties": { "edge_id": 60371, "segment_id": "cf3a54e3-d9f8-4153-b645-66c8b2485a02", "u": "0f6a3331-583b-4ed4-a6fa-f68d0f444623", "v": "e1c06f74-8d28-4c19-80b6-8c1a4952b701", "part": 2, "cls": "residential", "subclass": null, "name": "Susenbergstrasse", "length_m": 64.33302093120794, "is_bridge": false, "is_tunnel": false, "is_covered": false, "is_structure": false, "walk_ok": true, "walk_oneway": false, "walk_restricted": false, "walk_sidepath": false, "under_at_m": [ ], "bike_ok": true, "bike_oneway": false, "bike_restricted": false, "bike_facility": "", "low_stress": true, "max_abs_grade": 0.12401418053745131, "elev_min": 582.038330078125, "elev_max": 589.85614013671875, "cum_gain_fwd": 0.0, "cum_loss_fwd": 7.81781005859375, "net_change_fwd": -7.81781005859375, "avg_grade_fwd": -0.12152094966733702, "n_samples": 14, "d_abs_above_3": 64.333023071289062, "d_abs_above_5": 64.333023071289062, "d_abs_above_8": 64.333023071289062, "d_abs_above_10": 64.333023071289062, "d_abs_above_15": 0.0, "grade_reliable": true, "max_abs_grade_reliable": 0.12401418053745131, "shortest_use": 16, "flat_use": 16, "flat_use_per_objective": 5.333333333333333, "unavoidability": 0.33333333333333331, "barrier_score": 1.2765130995651928, "neighborhood": "Fluntern" }, "geometry": { "type": "LineString", "coordinates": [ [ 8.567414409732503, 47.380059094504198 ], [ 8.567463008415851, 47.379481410157496 ] ] } },
{ "type": "Feature", "properties": { "edge_id": 59742, "segment_id": "344bc176-1320-4690-98c0-924ba4865a66", "u": "aa1709bd-06dc-45f5-9941-efecbcb15e7b", "v": "a400449d-c9b4-434d-9323-c1b3b9510034", "part": 2, "cls": "residential", "subclass": null, "name": "Schneckenmannstrasse", "length_m": 45.976501022892286, "is_bridge": false, "is_tunnel": false, "is_covered": false, "is_structure": false, "walk_ok": true, "walk_oneway": false, "walk_restricted": false, "walk_sidepath": false, "under_at_m": [ ], "bike_ok": true, "bike_oneway": false, "bike_restricted": false, "bike_facility": "", "low_stress": true, "max_abs_grade": 0.11550832132679913, "elev_min": 497.00595092773438, "elev_max": 500.00006103515625, "cum_gain_fwd": 0.119964599609375, "cum_loss_fwd": 2.994110107421875, "net_change_fwd": -2.8741455078125, "avg_grade_fwd": -0.062513358264334989, "n_samples": 11, "d_abs_above_3": 32.183551788330078, "d_abs_above_5": 27.585901260375977, "d_abs_above_8": 22.988250732421875, "d_abs_above_10": 13.79295015335083, "d_abs_above_15": 0.0, "grade_reliable": true, "max_abs_grade_reliable": 0.11550832132679913, "shortest_use": 24, "flat_use": 0, "flat_use_per_objective": 0.0, "unavoidability": 0.0, "barrier_score": 1.2745604288721963, "neighborhood": "Fluntern" }, "geometry": { "type": "LineString", "coordinates": [ [ 8.55991716875053, 47.375276806773229 ], [ 8.559494808409438, 47.375257310158517 ], [ 8.559309808409258, 47.375255510158546 ], [ 8.559309399288964, 47.37525550632779 ] ] } },
{ "type": "Feature", "properties": { "edge_id": 80354, "segment_id": "2b20ef93-ac64-407f-a216-163e3e03bf74", "u": "d8d94967-aa40-433b-84f6-e2d23e6ca55f", "v": "3fc2feb8-6be9-49cb-9024-ab55d734fb6c", "part": 0, "cls": "path", "subclass": null, "name": null, "length_m": 80.08191801755568, "is_bridge": false, "is_tunnel": false, "is_covered": false, "is_structure": false, "walk_ok": true, "walk_oneway": false, "walk_restricted": false, "walk_sidepath": false, "under_at_m": [ ], "bike_ok": false, "bike_oneway": false, "bike_restricted": false, "bike_facility": "", "low_stress": false, "max_abs_grade": 0.26445279791915338, "elev_min": 507.5474853515625, "elev_max": 515.11944580078125, "cum_gain_fwd": 7.57196044921875, "cum_loss_fwd": 0.06927490234375, "net_change_fwd": 7.502685546875, "avg_grade_fwd": 0.093687636932588081, "n_samples": 18, "d_abs_above_3": 47.107009887695312, "d_abs_above_5": 42.396308898925781, "d_abs_above_8": 37.68560791015625, "d_abs_above_10": 32.974906921386719, "d_abs_above_15": 28.264205932617188, "grade_reliable": true, "max_abs_grade_reliable": 0.26445279791915338, "shortest_use": 6, "flat_use": 0, "flat_use_per_objective": 0.0, "unavoidability": 0.0, "barrier_score": 1.2706732369484917, "neighborhood": "Höngg" }, "geometry": { "type": "LineString", "coordinates": [ [ 8.503117608343349, 47.411834410186479 ], [ 8.503157408343323, 47.412042810186499 ], [ 8.503137108343282, 47.412124910186542 ], [ 8.503145508343195, 47.412433810186663 ], [ 8.50312500834314, 47.412550910186674 ] ] } },
{ "type": "Feature", "properties": { "edge_id": 4859, "segment_id": "9ccadc2e-fcd8-480d-8a00-47c30ab43534", "u": "8813939b-b5e0-43f6-b86e-800a1931513e", "v": "a2ee7a73-c313-4a6b-9357-977d410ebf1c", "part": 7, "cls": "residential", "subclass": null, "name": "Hegianwandweg", "length_m": 65.582276207170551, "is_bridge": false, "is_tunnel": false, "is_covered": false, "is_structure": false, "walk_ok": true, "walk_oneway": true, "walk_restricted": false, "walk_sidepath": false, "under_at_m": [ ], "bike_ok": true, "bike_oneway": true, "bike_restricted": false, "bike_facility": "", "low_stress": true, "max_abs_grade": 0.096644951140065147, "elev_min": 448.88674926757812, "elev_max": 454.7073974609375, "cum_gain_fwd": 0.0, "cum_loss_fwd": 5.820648193359375, "net_change_fwd": -5.820648193359375, "avg_grade_fwd": -0.088753373662168455, "n_samples": 15, "d_abs_above_3": 65.582275390625, "d_abs_above_5": 65.582275390625, "d_abs_above_8": 65.582275390625, "d_abs_above_10": 0.0, "d_abs_above_15": 0.0, "grade_reliable": true, "max_abs_grade_reliable": 0.096644951140065147, "shortest_use": 20, "flat_use": 18, "flat_use_per_objective": 6.0, "unavoidability": 0.3, "barrier_score": 1.2676391759392509, "neighborhood": "Friesenberg" }, "geometry": { "type": "LineString", "coordinates": [ [ 8.513278496406008, 47.357406642085451 ], [ 8.513289108370035, 47.357412010166044 ], [ 8.513888608370539, 47.357684010166004 ], [ 8.514001308370641, 47.357727310165949 ], [ 8.514005241555102, 47.35772882336115 ] ] } },
{ "type": "Feature", "properties": { "edge_id": 57960, "segment_id": "d59c35f4-0be6-4e87-b6b8-632956d0e09e", "u": "126c05f2-0f68-456f-be90-e9cd9f74bfd8", "v": "63acbb0e-8905-4245-9c3f-ace3c1d4ecb5", "part": 1, "cls": "residential", "subclass": null, "name": "Weineggstrasse", "length_m": 30.278795716652205, "is_bridge": true, "is_tunnel": false, "is_covered": false, "is_structure": true, "walk_ok": true, "walk_oneway": false, "walk_restricted": false, "walk_sidepath": false, "under_at_m": [ ], "bike_ok": true, "bike_oneway": false, "bike_restricted": false, "bike_facility": "", "low_stress": true, "max_abs_grade": 0.087138825912618206, "elev_min": 428.84649658203125, "elev_max": 431.48483276367188, "cum_gain_fwd": 2.638336181640625, "cum_loss_fwd": -0.0, "net_change_fwd": 2.638336181640625, "avg_grade_fwd": 0.087134780645234847, "n_samples": 8, "d_abs_above_3": 30.27879524230957, "d_abs_above_5": 30.27879524230957, "d_abs_above_8": 30.27879524230957, "d_abs_above_10": 0.0, "d_abs_above_15": 0.0, "grade_reliable": true, "max_abs_grade_reliable": 0.087138825912618206, "shortest_use": 48, "flat_use": 12, "flat_use_per_objective": 4.0, "unavoidability": 0.083333333333333329, "barrier_score": 1.2664601802226012, "neighborhood": "Weinegg" }, "geometry": { "type": "LineString", "coordinates": [ [ 8.561827838314592, 47.359921187170762 ], [ 8.561828508416454, 47.359917310152845 ], [ 8.561789708416443, 47.359829810152839 ], [ 8.56178780841647, 47.35973321015279 ], [ 8.561869208416564, 47.359701510152803 ], [ 8.561893196895994, 47.359697931369269 ] ] } },
{ "type": "Feature", "properties": { "edge_id": 74659, "segment_id": "f9a45faf-a44b-4f9e-82e7-90a4ea15f0ab", "u": "9a91a526-f823-4c94-aefb-10b9b925c694", "v": "75956f63-250d-46f2-a714-cf215f926959", "part": 0, "cls": "track", "subclass": null, "name": null, "length_m": 50.801814583157231, "is_bridge": false, "is_tunnel": false, "is_covered": false, "is_structure": false, "walk_ok": true, "walk_oneway": false, "walk_restricted": false, "walk_sidepath": false, "under_at_m": [ ], "bike_ok": false, "bike_oneway": false, "bike_restricted": false, "bike_facility": "", "low_stress": false, "max_abs_grade": 0.17780538411725058, "elev_min": 562.43695068359375, "elev_max": 566.846435546875, "cum_gain_fwd": 0.0677490234375, "cum_loss_fwd": 4.40948486328125, "net_change_fwd": -4.34173583984375, "avg_grade_fwd": -0.085464187392260235, "n_samples": 12, "d_abs_above_3": 36.946774482727051, "d_abs_above_5": 32.328428268432617, "d_abs_above_8": 27.710081100463867, "d_abs_above_10": 23.091733932495117, "d_abs_above_15": 9.2366943359375, "grade_reliable": true, "max_abs_grade_reliable": 0.17780538411725058, "shortest_use": 14, "flat_use": 0, "flat_use_per_objective": 0.0, "unavoidability": 0.0, "barrier_score": 1.2645970618136257, "neighborhood": "Hottingen" }, "geometry": { "type": "LineString", "coordinates": [ [ 8.581441308428282, 47.38304031015462 ], [ 8.581495208428308, 47.383125310154611 ], [ 8.581581808428359, 47.383237910154641 ], [ 8.581697308428396, 47.383461910154693 ] ] } },
{ "type": "Feature", "properties": { "edge_id": 75169, "segment_id": "0f85afef-d63b-4752-8098-5f8545659214", "u": "d1232c67-627f-4a97-b606-5e62881923d6", "v": "71d20364-f57a-4d8c-a4e7-a86a5ee41fc0", "part": 1, "cls": "residential", "subclass": null, "name": "Stettbachstrasse", "length_m": 115.99403298087682, "is_bridge": false, "is_tunnel": false, "is_covered": false, "is_structure": false, "walk_ok": true, "walk_oneway": false, "walk_restricted": false, "walk_sidepath": false, "under_at_m": [ ], "bike_ok": true, "bike_oneway": false, "bike_restricted": false, "bike_facility": "", "low_stress": true, "max_abs_grade": 0.090187250782184814, "elev_min": 452.71157836914062, "elev_max": 461.5870361328125, "cum_gain_fwd": 8.875457763671875, "cum_loss_fwd": -0.0, "net_change_fwd": 8.875457763671875, "avg_grade_fwd": 0.076516502374113449, "n_samples": 25, "d_abs_above_3": 115.99403381347656, "d_abs_above_5": 111.16094970703125, "d_abs_above_8": 62.830099105834961, "d_abs_above_10": 0.0, "d_abs_above_15": 0.0, "grade_reliable": true, "max_abs_grade_reliable": 0.090187250782184814, "shortest_use": 12, "flat_use": 9, "flat_use_per_objective": 3.0, "unavoidability": 0.25, "barrier_score": 1.2553419530020025, "neighborhood": "Hirzenbach" }, "geometry": { "type": "LineString", "coordinates": [ [ 8.58769444465687, 47.396762854342825 ], [ 8.587696208430049, 47.396758910157175 ], [ 8.587725108430107, 47.396671110157136 ], [ 8.587750708430157, 47.396598510157112 ], [ 8.587786908430214, 47.396509110157112 ], [ 8.587812808430259, 47.396461410157052 ], [ 8.587840508430302, 47.39641061015702 ], [ 8.587908908430395, 47.39631121015691 ], [ 8.588302408430932, 47.395811010156706 ] ] } },
{ "type": "Feature", "properties": { "edge_id": 63404, "segment_id": "36372c57-1b60-4806-a170-73ffc5d083c2", "u": "99f21de1-b7ea-4e28-8554-e8f9a00940b6", "v": "507b9fb2-934d-422a-8540-fc7daa65e528", "part": 4, "cls": "pedestrian", "subclass": null, "name": "Pfalzgasse", "length_m": 46.339426182506493, "is_bridge": false, "is_tunnel": false, "is_covered": false, "is_structure": false, "walk_ok": true, "walk_oneway": false, "walk_restricted": false, "walk_sidepath": false, "under_at_m": [ ], "bike_ok": false, "bike_oneway": false, "bike_restricted": false, "bike_facility": "car_free_street", "low_stress": true, "max_abs_grade": 0.19319042444598111, "elev_min": 417.87844848632812, "elev_max": 425.78927612304688, "cum_gain_fwd": 0.0, "cum_loss_fwd": 7.91082763671875, "net_change_fwd": -7.91082763671875, "avg_grade_fwd": -0.17071483155977357, "n_samples": 11, "d_abs_above_3": 46.339427947998047, "d_abs_above_5": 46.339427947998047, "d_abs_above_8": 46.339427947998047, "d_abs_above_10": 46.339427947998047, "d_abs_above_15": 37.071539878845215, "grade_reliable": true, "max_abs_grade_reliable": 0.19319042444598111, "shortest_use": 14, "flat_use": 0, "flat_use_per_objective": 0.0, "unavoidability": 0.0, "barrier_score": 1.2533266777894296, "neighborhood": "Lindenhof" }, "geometry": { "type": "LineString", "coordinates": [ [ 8.540735891723354, 47.372739147222703 ], [ 8.540732908392082, 47.372495210163031 ], [ 8.540758808392162, 47.37232501016296 ], [ 8.540759230778738, 47.372323297621421 ] ] } },
{ "type": "Feature", "properties": { "edge_id": 65489, "segment_id": "6ffbacd5-2c87-4a01-b747-df5de0db7305", "u": "34dcb2e6-d7b2-4e59-b541-84754e100b72", "v": "16325c65-4218-4929-91c2-8c116a53089e", "part": 0, "cls": "footway", "subclass": null, "name": "Weinbergfussweg", "length_m": 16.282873407844306, "is_bridge": false, "is_tunnel": false, "is_covered": false, "is_structure": false, "walk_ok": true, "walk_oneway": false, "walk_restricted": false, "walk_sidepath": false, "under_at_m": [ ], "bike_ok": false, "bike_oneway": false, "bike_restricted": false, "bike_facility": "", "low_stress": false, "max_abs_grade": 0.20184530381821816, "elev_min": 440.3843994140625, "elev_max": 443.22589111328125, "cum_gain_fwd": 2.84149169921875, "cum_loss_fwd": -0.0, "net_change_fwd": 2.84149169921875, "avg_grade_fwd": 0.17450800435520325, "n_samples": 5, "d_abs_above_3": 16.282873153686523, "d_abs_above_5": 16.282873153686523, "d_abs_above_8": 16.282873153686523, "d_abs_above_10": 16.282873153686523, "d_abs_above_15": 12.212154865264893, "grade_reliable": true, "max_abs_grade_reliable": 0.20184530381821816, "shortest_use": 38, "flat_use": 6, "flat_use_per_objective": 2.0, "unavoidability": 0.052631578947368418, "barrier_score": 1.2489161814151695, "neighborhood": "Oberstrass" }, "geometry": { "type": "LineString", "coordinates": [ [ 8.545367108394457, 47.379358710163885 ], [ 8.545559808394625, 47.379424410163843 ] ] } },
{ "type": "Feature", "properties": { "edge_id": 76555, "segment_id": "bc34a037-5816-4fcd-9f51-71c6890b3775", "u": "87ad4502-a70c-4cfd-a079-aa228410a0ec", "v": "ce86c340-ecd6-4e09-85e3-77700a21c53a", "part": 0, "cls": "track", "subclass": null, "name": "Loorengutweg", "length_m": 171.20402973637215, "is_bridge": false, "is_tunnel": false, "is_covered": false, "is_structure": false, "walk_ok": true, "walk_oneway": false, "walk_restricted": false, "walk_sidepath": false, "under_at_m": [ ], "bike_ok": true, "bike_oneway": false, "bike_restricted": false, "bike_facility": "", "low_stress": false, "max_abs_grade": 0.18188737631483723, "elev_min": 664.142333984375, "elev_max": 687.6478271484375, "cum_gain_fwd": 0.0, "cum_loss_fwd": 23.5054931640625, "net_change_fwd": -23.5054931640625, "avg_grade_fwd": -0.13729521328246358, "n_samples": 36, "d_abs_above_3": 171.20402526855469, "d_abs_above_5": 171.20402526855469, "d_abs_above_8": 171.20402526855469, "d_abs_above_10": 151.63784980773926, "d_abs_above_15": 78.264694213867188, "grade_reliable": true, "max_abs_grade_reliable": 0.18188737631483723, "shortest_use": 4, "flat_use": 0, "flat_use_per_objective": 0.0, "unavoidability": 0.0, "barrier_score": 1.2455940713310441, "neighborhood": "Hirslanden" }, "geometry": { "type": "LineString", "coordinates": [ [ 8.590866808441678, 47.369324310147505 ], [ 8.590927008441765, 47.369232610147428 ], [ 8.590961308441814, 47.369156010147393 ], [ 8.590987508441886, 47.369016010147348 ], [ 8.590982508441909, 47.368930410147286 ], [ 8.590858108441891, 47.368583610147205 ], [ 8.590830008441886, 47.368522510147216 ], [ 8.590766608441859, 47.368419010147207 ], [ 8.590547608441732, 47.368164310147179 ], [ 8.590375908441617, 47.367980610147171 ], [ 8.590343708441603, 47.367935510147177 ], [ 8.590328937849616, 47.367900087460505 ] ] } },
{ "type": "Feature", "properties": { "edge_id": 4853, "segment_id": "9ccadc2e-fcd8-480d-8a00-47c30ab43534", "u": "21ec931b-67d6-4035-82e3-f93bbd176488", "v": "c303e428-b1e2-4782-a286-6fb1adf48bb1", "part": 1, "cls": "residential", "subclass": null, "name": "Hegianwandweg", "length_m": 65.875721554654916, "is_bridge": false, "is_tunnel": false, "is_covered": false, "is_structure": false, "walk_ok": true, "walk_oneway": true, "walk_restricted": false, "walk_sidepath": false, "under_at_m": [ ], "bike_ok": true, "bike_oneway": true, "bike_restricted": false, "bike_facility": "", "low_stress": true, "max_abs_grade": 0.094126040235266453, "elev_min": 463.47698974609375, "elev_max": 469.3988037109375, "cum_gain_fwd": 0.0, "cum_loss_fwd": 5.92181396484375, "net_change_fwd": -5.92181396484375, "avg_grade_fwd": -0.0898937200842716, "n_samples": 15, "d_abs_above_3": 65.875724792480469, "d_abs_above_5": 65.875724792480469, "d_abs_above_8": 61.170316219329834, "d_abs_above_10": 0.0, "d_abs_above_15": 0.0, "grade_reliable": true, "max_abs_grade_reliable": 0.094126040235266453, "shortest_use": 20, "flat_use": 18, "flat_use_per_objective": 6.0, "unavoidability": 0.3, "barrier_score": 1.2401241635161315, "neighborhood": "Friesenberg" }, "geometry": { "type": "LineString", "coordinates": [ [ 8.511364295937584, 47.356742932075768 ], [ 8.511977708368908, 47.356916910166284 ], [ 8.512165647385576, 47.356976259329358 ] ] } },
{ "type": "Feature", "properties": { "edge_id": 53567, "segment_id": "b22d19c4-31ad-4266-85cc-44f912765d1f", "u": "793a3e27-6f1e-4896-8a6e-6030b3038457", "v": "3b86a6ca-a17a-4ca1-aa70-29da27ed3c42", "part": 2, "cls": "residential", "subclass": null, "name": "Schulhausstrasse", "length_m": 72.419403426170106, "is_bridge": false, "is_tunnel": false, "is_covered": false, "is_structure": false, "walk_ok": true, "walk_oneway": false, "walk_restricted": false, "walk_sidepath": false, "under_at_m": [ ], "bike_ok": true, "bike_oneway": false, "bike_restricted": false, "bike_facility": "", "low_stress": true, "max_abs_grade": 0.12214724798912786, "elev_min": 425.65960693359375, "elev_max": 433.00833129882812, "cum_gain_fwd": 0.0, "cum_loss_fwd": 7.348724365234375, "net_change_fwd": -7.348724365234375, "avg_grade_fwd": -0.10147452275331337, "n_samples": 16, "d_abs_above_3": 72.419403076171875, "d_abs_above_5": 67.591443061828613, "d_abs_above_8": 57.935522079467773, "d_abs_above_10": 53.107563018798828, "d_abs_above_15": 0.0, "grade_reliable": true, "max_abs_grade_reliable": 0.12214724798912786, "shortest_use": 14, "flat_use": 0, "flat_use_per_objective": 0.0, "unavoidability": 0.0, "barrier_score": 1.2384163161329533, "neighborhood": "Enge" }, "geometry": { "type": "LineString", "coordinates": [ [ 8.529427915525838, 47.360663691243417 ], [ 8.529430808384749, 47.360663910162472 ], [ 8.52952660838484, 47.360678810162476 ], [ 8.529616508384922, 47.360696310162439 ], [ 8.530350908385591, 47.360839210162268 ] ] } },
{ "type": "Feature", "properties": { "edge_id": 77279, "segment_id": "db881759-b2f6-4b74-958f-3f66aa9a492f", "u": "89649181-0393-4bda-bf5f-9de0c0a77e19", "v": "01c04c40-f2f9-42ac-8c37-e775112d315c", "part": 1, "cls": "residential", "subclass": null, "name": "Oetlisbergstrasse", "length_m": 19.256616939244601, "is_bridge": false, "is_tunnel": false, "is_covered": false, "is_structure": false, "walk_ok": true, "walk_oneway": false, "walk_restricted": false, "walk_sidepath": false, "under_at_m": [ ], "bike_ok": true, "bike_oneway": false, "bike_restricted": false, "bike_facility": "", "low_stress": true, "max_abs_grade": 0.097191643591548818, "elev_min": 610.56341552734375, "elev_max": 612.14678955078125, "cum_gain_fwd": 1.5833740234375, "cum_loss_fwd": -0.0, "net_change_fwd": 1.5833740234375, "avg_grade_fwd": 0.082224933743647116, "n_samples": 5, "d_abs_above_3": 19.256616592407227, "d_abs_above_5": 19.256616592407227, "d_abs_above_8": 9.6283082962036133, "d_abs_above_10": 0.0, "d_abs_above_15": 0.0, "grade_reliable": true, "max_abs_grade_reliable": 0.097191643591548818, "shortest_use": 66, "flat_use": 165, "flat_use_per_objective": 55.0, "unavoidability": 0.83333333333333337, "barrier_score": 1.2352442852231085, "neighborhood": "Witikon" }, "geometry": { "type": "LineString", "coordinates": [ [ 8.595963262716138, 47.360070282595636 ], [ 8.596042608449613, 47.359910010142904 ], [ 8.596044627706062, 47.359906144329585 ] ] } },
{ "type": "Feature", "properties": { "edge_id": 72057, "segment_id": "3765aaa9-a933-415e-b316-9f7253abfd4e", "u": "7cf3f5e0-9b40-4e24-92a0-cae174633ff1", "v": "49b5f6f7-fb76-40f1-96c9-12e33aeba6c0", "part": 3, "cls": "track", "subclass": null, "name": "Hubeggstrasse", "length_m": 74.876706641980931, "is_bridge": false, "is_tunnel": false, "is_covered": false, "is_structure": false, "walk_ok": true, "walk_oneway": false, "walk_restricted": false, "walk_sidepath": false, "under_at_m": [ ], "bike_ok": true, "bike_oneway": false, "bike_restricted": false, "bike_facility": "", "low_stress": false, "max_abs_grade": 0.091397759073673007, "elev_min": 531.16925048828125, "elev_max": 535.828369140625, "cum_gain_fwd": 4.65911865234375, "cum_loss_fwd": -0.0, "net_change_fwd": 4.65911865234375, "avg_grade_fwd": 0.062223870620649178, "n_samples": 16, "d_abs_above_3": 74.876708984375, "d_abs_above_5": 54.909587860107422, "d_abs_above_8": 14.975341796875, "d_abs_above_10": 0.0, "d_abs_above_15": 0.0, "grade_reliable": true, "max_abs_grade_reliable": 0.091397759073673007, "shortest_use": 18, "flat_use": 0, "flat_use_per_objective": 0.0, "unavoidability": 0.0, "barrier_score": 1.2318413749008956, "neighborhood": "Oberstrass" }, "geometry": { "type": "LineString", "coordinates": [ [ 8.555012960355, 47.397677059496928 ], [ 8.555210008398259, 47.397868610166952 ], [ 8.555281108398312, 47.397927210166962 ], [ 8.55534920839836, 47.39797371016693 ], [ 8.555403608398406, 47.398007410166898 ], [ 8.555491808398475, 47.398045810166927 ], [ 8.555718818544204, 47.398133147403477 ] ] } },
{ "type": "Feature", "properties": { "edge_id": 80368, "segment_id": "04f98f1b-7644-4b69-83b5-a12e889f17cd", "u": "df65a7b3-b18c-48fd-a426-4e2ddf338fa6", "v": "58ffad16-b311-491a-a568-677065d6daaf", "part": 2, "cls": "path", "subclass": null, "name": null, "length_m": 129.19567805537829, "is_bridge": false, "is_tunnel": false, "is_covered": false, "is_structure": false, "walk_ok": true, "walk_oneway": false, "walk_restricted": false, "walk_sidepath": false, "under_at_m": [ ], "bike_ok": false, "bike_oneway": false, "bike_restricted": false, "bike_facility": "", "low_stress": false, "max_abs_grade": 0.15827902574137637, "elev_min": 513.5130615234375, "elev_max": 521.40997314453125, "cum_gain_fwd": 7.89691162109375, "cum_loss_fwd": 1.11187744140625, "net_change_fwd": 6.7850341796875, "avg_grade_fwd": 0.052517500951934623, "n_samples": 27, "d_abs_above_3": 89.443161010742188, "d_abs_above_5": 64.597837448120117, "d_abs_above_8": 49.690647125244141, "d_abs_above_10": 39.752517700195312, "d_abs_above_15": 19.876255035400391, "grade_reliable": true, "max_abs_grade_reliable": 0.15827902574137637, "shortest_use": 6, "flat_use": 0, "flat_use_per_objective": 0.0, "unavoidability": 0.0, "barrier_score": 1.2269379631561077, "neighborhood": "Affoltern" }, "geometry": { "type": "LineString", "coordinates": [ [ 8.502973352329406, 47.412763449474362 ], [ 8.502971808342922, 47.412765610186796 ], [ 8.502802508342686, 47.412985510186907 ], [ 8.50271200834255, 47.413144810186985 ], [ 8.502685808342509, 47.413200310187044 ], [ 8.502689508342502, 47.413234710187005 ], [ 8.502734808342518, 47.413302910187042 ], [ 8.502834008342596, 47.41339281018702 ], [ 8.502910208342634, 47.413486610187078 ], [ 8.50295160834264, 47.413611010187097 ], [ 8.50299390834264, 47.413744110187096 ], [ 8.503062738170106, 47.413821072645455 ] ] } },
{ "type": "Feature", "properties": { "edge_id": 59616, "segment_id": "57b8cbcd-dfc6-4031-a1c6-d7ae48f27341", "u": "75b95f3c-1cec-4c8e-9a54-04daab98e9e2", "v": "99058eb4-d66e-487c-806b-934c4fea742d", "part": 1, "cls": "residential", "subclass": null, "name": "Rütistrasse", "length_m": 41.421234833192983, "is_bridge": false, "is_tunnel": false, "is_covered": false, "is_structure": false, "walk_ok": true, "walk_oneway": true, "walk_restricted": false, "walk_sidepath": false, "under_at_m": [ ], "bike_ok": true, "bike_oneway": true, "bike_restricted": false, "bike_facility": "", "low_stress": true, "max_abs_grade": 0.16390146218630877, "elev_min": 480.78158569335938, "elev_max": 486.96734619140625, "cum_gain_fwd": 6.185760498046875, "cum_loss_fwd": -0.0, "net_change_fwd": 6.185760498046875, "avg_grade_fwd": 0.14933790911455244, "n_samples": 10, "d_abs_above_3": 41.421234130859375, "d_abs_above_5": 41.421234130859375, "d_abs_above_8": 41.421234130859375, "d_abs_above_10": 41.421234130859375, "d_abs_above_15": 23.011795997619629, "grade_reliable": true, "max_abs_grade_reliable": 0.16390146218630877, "shortest_use": 18, "flat_use": 24, "flat_use_per_objective": 8.0, "unavoidability": 0.44444444444444442, "barrier_score": 1.2220201718501031, "neighborhood": "Hottingen" }, "geometry": { "type": "LineString", "coordinates": [ [ 8.563113164958246, 47.370575375460859 ], [ 8.563118408414402, 47.370577610155941 ], [ 8.563206508414476, 47.370615110155924 ], [ 8.563266108414522, 47.370643810155883 ], [ 8.563518956370501, 47.370822818411263 ] ] } },
{ "type": "Feature", "properties": { "edge_id": 57666, "segment_id": "545218ff-6099-4871-b460-7e068e489027", "u": "d561403b-d072-4390-b1ed-ba52472416f5", "v": "be6abdaf-37ac-41dd-b1bf-5002705e3871", "part": 0, "cls": "secondary", "subclass": null, "name": "Hofackerstrasse", "length_m": 47.851010551666327, "is_bridge": false, "is_tunnel": false, "is_covered": false, "is_structure": false, "walk_ok": true, "walk_oneway": false, "walk_restricted": false, "walk_sidepath": false, "under_at_m": [ ], "bike_ok": true, "bike_oneway": false, "bike_restricted": false, "bike_facility": "", "low_stress": false, "max_abs_grade": 0.098062358023111709, "elev_min": 440.36691284179688, "elev_max": 444.90261840820312, "cum_gain_fwd": 0.0, "cum_loss_fwd": 4.53570556640625, "net_change_fwd": -4.53570556640625, "avg_grade_fwd": -0.094788085480898815, "n_samples": 11, "d_abs_above_3": 47.851009368896484, "d_abs_above_5": 47.851009368896484, "d_abs_above_8": 47.851009368896484, "d_abs_above_10": 0.0, "d_abs_above_15": 0.0, "grade_reliable": true, "max_abs_grade_reliable": 0.098062358023111709, "shortest_use": 26, "flat_use": 42, "flat_use_per_objective": 14.0, "unavoidability": 0.53846153846153844, "barrier_score": 1.220019561406152, "neighborhood": "Hirslanden" }, "geometry": { "type": "LineString", "coordinates": [ [ 8.562182208416351, 47.361365110153237 ], [ 8.561610608415741, 47.361545810153459 ], [ 8.561607867762175, 47.361546604450645 ] ] } },
{ "type": "Feature", "properties": { "edge_id": 67797, "segment_id": "f436c3f7-0ca3-4127-8fda-13764c4293f3", "u": "376d02ca-a6fb-41f3-bac5-5cc8eda83df5", "v": "50137f36-2eff-467f-a01c-358479ea1cc6", "part": 0, "cls": "service", "subclass": null, "name": "Geissbergweg", "length_m": 59.819793512797304, "is_bridge": false, "is_tunnel": false, "is_covered": false, "is_structure": false, "walk_ok": true, "walk_oneway": false, "walk_restricted": false, "walk_sidepath": false, "under_at_m": [ ], "bike_ok": true, "bike_oneway": false, "bike_restricted": true, "bike_facility": "", "low_stress": false, "max_abs_grade": 0.16935635067184068, "elev_min": 487.44146728515625, "elev_max": 494.33639526367188, "cum_gain_fwd": 6.894927978515625, "cum_loss_fwd": -0.0, "net_change_fwd": 6.894927978515625, "avg_grade_fwd": 0.11526164755697833, "n_samples": 13, "d_abs_above_3": 59.819793701171875, "d_abs_above_5": 59.819793701171875, "d_abs_above_8": 44.864845275878906, "d_abs_above_10": 39.879861831665039, "d_abs_above_15": 14.954948425292969, "grade_reliable": true, "max_abs_grade_reliable": 0.16935635067184068, "shortest_use": 12, "flat_use": 0, "flat_use_per_objective": 0.0, "unavoidability": 0.0, "barrier_score": 1.215703431272448, "neighborhood": "Oberstrass" }, "geometry": { "type": "LineString", "coordinates": [ [ 8.548612008395624, 47.385761810165029 ], [ 8.548626708395636, 47.385763810165024 ], [ 8.548830408395823, 47.385800510164913 ], [ 8.549036408396004, 47.385856010164865 ], [ 8.54932037229713, 47.385988910431642 ] ] } },
{ "type": "Feature", "properties": { "edge_id": 61953, "segment_id": "94e4ae57-4e82-4813-b805-71eaf6cd8c16", "u": "b5b8452f-1e11-4479-bcb2-cd819b869e2a", "v": "f5a4b075-306f-48fc-b083-5d45a6f94877", "part": 3, "cls": "residential", "subclass": null, "name": "Zürichbergstrasse", "length_m": 29.104401597958443, "is_bridge": false, "is_tunnel": false, "is_covered": false, "is_structure": false, "walk_ok": true, "walk_oneway": false, "walk_restricted": false, "walk_sidepath": false, "under_at_m": [ ], "bike_ok": true, "bike_oneway": false, "bike_restricted": false, "bike_facility": "", "low_stress": true, "max_abs_grade": 0.086681976886038223, "elev_min": 451.50677490234375, "elev_max": 453.94384765625, "cum_gain_fwd": 0.0, "cum_loss_fwd": 2.43707275390625, "net_change_fwd": -2.43707275390625, "avg_grade_fwd": -0.083735536243349784, "n_samples": 7, "d_abs_above_3": 29.104402542114258, "d_abs_above_5": 29.104402542114258, "d_abs_above_8": 29.104402542114258, "d_abs_above_10": 0.0, "d_abs_above_15": 0.0, "grade_reliable": true, "max_abs_grade_reliable": 0.086681976886038223, "shortest_use": 48, "flat_use": 54, "flat_use_per_objective": 18.0, "unavoidability": 0.375, "barrier_score": 1.2109569919661796, "neighborhood": "Fluntern" }, "geometry": { "type": "LineString", "coordinates": [ [ 8.555057201514261, 47.373963812977095 ], [ 8.554835408405342, 47.373892010159366 ], [ 8.554706708405226, 47.373858810159398 ], [ 8.55470484462804, 47.373858328797851 ] ] } },
{ "type": "Feature", "properties": { "edge_id": 88100, "segment_id": "0ad24224-fdd4-49fc-a1b8-3ea75b953316", "u": "a012a9c7-fae3-43e4-aa49-4822f45b9b99", "v": "f546ba93-36e9-4054-a858-60430b25948e", "part": 2, "cls": "residential", "subclass": null, "name": "Waldstrasse", "length_m": 118.90446640916468, "is_bridge": false, "is_tunnel": false, "is_covered": false, "is_structure": false, "walk_ok": true, "walk_oneway": false, "walk_restricted": false, "walk_sidepath": false, "under_at_m": [ ], "bike_ok": true, "bike_oneway": false, "bike_restricted": false, "bike_facility": "", "low_stress": true, "max_abs_grade": 0.12711878599003082, "elev_min": 479.31475830078125, "elev_max": 493.99169921875, "cum_gain_fwd": 14.67694091796875, "cum_loss_fwd": -0.0, "net_change_fwd": 14.67694091796875, "avg_grade_fwd": 0.12343473352597098, "n_samples": 25, "d_abs_above_3": 118.90446472167969, "d_abs_above_5": 118.90446472167969, "d_abs_above_8": 118.90446472167969, "d_abs_above_10": 118.90446472167969, "d_abs_above_15": 0.0, "grade_reliable": true, "max_abs_grade_reliable": 0.12711878599003082, "shortest_use": 8, "flat_use": 0, "flat_use_per_objective": 0.0, "unavoidability": 0.0, "barrier_score": 1.209199313498033, "neighborhood": "Affoltern" }, "geometry": { "type": "LineString", "coordinates": [ [ 8.523946917471887, 47.410090276197856 ], [ 8.523786808364006, 47.409994310179933 ], [ 8.523250408363587, 47.409673010179986 ], [ 8.522769108363208, 47.409384710179957 ], [ 8.522765684386391, 47.409382659488863 ] ] } },
{ "type": "Feature", "properties": { "edge_id": 58184, "segment_id": "8adfa56d-3a56-4f2c-8459-ad8074ee6537", "u": "7904d9e9-ebbb-49b4-8c28-85bd215aebd3", "v": "e8d12f77-79c0-4207-a25c-2bf48a1a7137", "part": 0, "cls": "residential", "subclass": null, "name": "Waserstrasse", "length_m": 22.526272567146215, "is_bridge": false, "is_tunnel": false, "is_covered": false, "is_structure": false, "walk_ok": true, "walk_oneway": false, "walk_restricted": false, "walk_sidepath": false, "under_at_m": [ ], "bike_ok": true, "bike_oneway": false, "bike_restricted": false, "bike_facility": "", "low_stress": true, "max_abs_grade": 0.1409487223071649, "elev_min": 530.20782470703125, "elev_max": 533.07135009765625, "cum_gain_fwd": 2.863525390625, "cum_loss_fwd": -0.0, "net_change_fwd": 2.863525390625, "avg_grade_fwd": 0.12711936593404341, "n_samples": 6, "d_abs_above_3": 22.526271820068359, "d_abs_above_5": 22.526271820068359, "d_abs_above_8": 22.526271820068359, "d_abs_above_10": 22.526271820068359, "d_abs_above_15": 0.0, "grade_reliable": true, "max_abs_grade_reliable": 0.1409487223071649, "shortest_use": 38, "flat_use": 81, "flat_use_per_objective": 27.0, "unavoidability": 0.71052631578947367, "barrier_score": 1.2065187479392354, "neighborhood": "Witikon" }, "geometry": { "type": "LineString", "coordinates": [ [ 8.579331908433861, 47.358517510147372 ], [ 8.57942670843396, 47.358502010147319 ], [ 8.579618408434154, 47.358461710147246 ] ] } },
{ "type": "Feature", "properties": { "edge_id": 18566, "segment_id": "973f6742-71bb-4fb8-875d-5de002c09454", "u": "ae97ea32-3709-440c-b189-5101d7fda4bc", "v": "82cc42da-64ca-4bdd-9d82-ac40a6117b1d", "part": 1, "cls": "footway", "subclass": null, "name": "Buchenweg", "length_m": 84.697891034080669, "is_bridge": false, "is_tunnel": false, "is_covered": false, "is_structure": false, "walk_ok": true, "walk_oneway": false, "walk_restricted": false, "walk_sidepath": false, "under_at_m": [ ], "bike_ok": false, "bike_oneway": false, "bike_restricted": false, "bike_facility": "", "low_stress": false, "max_abs_grade": 0.11834052224952653, "elev_min": 468.658203125, "elev_max": 472.08474731445312, "cum_gain_fwd": 3.426544189453125, "cum_loss_fwd": -0.0, "net_change_fwd": 3.426544189453125, "avg_grade_fwd": 0.040456074401329839, "n_samples": 18, "d_abs_above_3": 39.857830047607422, "d_abs_above_5": 29.893373966217041, "d_abs_above_8": 14.946686744689941, "d_abs_above_10": 14.946686744689941, "d_abs_above_15": 0.0, "grade_reliable": true, "max_abs_grade_reliable": 0.11834052224952653, "shortest_use": 12, "flat_use": 0, "flat_use_per_objective": 0.0, "unavoidability": 0.0, "barrier_score": 1.2027831190087916, "neighborhood": "Weinegg" }, "geometry": { "type": "LineString", "coordinates": [ [ 8.572966152057351, 47.356161829466451 ], [ 8.572959308428416, 47.356159910148392 ], [ 8.572942408428398, 47.356160710148416 ], [ 8.572928408428382, 47.356165310148413 ], [ 8.572897408428345, 47.356182410148413 ], [ 8.57279410842821, 47.356286010148516 ], [ 8.572715708428131, 47.35632951014852 ], [ 8.572653908428061, 47.356346810148537 ], [ 8.572541008427955, 47.356342010148595 ], [ 8.572512308427918, 47.356349510148618 ], [ 8.572490608427895, 47.356359610148623 ], [ 8.572245608427588, 47.356590710148787 ], [ 8.572193279849982, 47.356648385651852 ] ] } },
{ "type": "Feature", "properties": { "edge_id": 76556, "segment_id": "bc34a037-5816-4fcd-9f51-71c6890b3775", "u": "ce86c340-ecd6-4e09-85e3-77700a21c53a", "v": "cd20b18f-de82-4477-8197-b42df1d86867", "part": 1, "cls": "track", "subclass": null, "name": "Loorengutweg", "length_m": 155.74581237653112, "is_bridge": false, "is_tunnel": false, "is_covered": false, "is_structure": false, "walk_ok": true, "walk_oneway": false, "walk_restricted": false, "walk_sidepath": false, "under_at_m": [ ], "bike_ok": true, "bike_oneway": false, "bike_restricted": false, "bike_facility": "", "low_stress": false, "max_abs_grade": 0.19030159432449792, "elev_min": 639.32391357421875, "elev_max": 664.142333984375, "cum_gain_fwd": 0.0, "cum_loss_fwd": 24.81842041015625, "net_change_fwd": -24.81842041015625, "avg_grade_fwd": -0.15935208119794361, "n_samples": 33, "d_abs_above_3": 155.74581909179688, "d_abs_above_5": 155.74581909179688, "d_abs_above_8": 155.74581909179688, "d_abs_above_10": 155.74581909179688, "d_abs_above_15": 102.20819091796875, "grade_reliable": true, "max_abs_grade_reliable": 0.19030159432449792, "shortest_use": 4, "flat_use": 0, "flat_use_per_objective": 0.0, "unavoidability": 0.0, "barrier_score": 1.1855470561847197, "neighborhood": "Witikon" }, "geometry": { "type": "LineString", "coordinates": [ [ 8.590328937849616, 47.367900087460505 ], [ 8.590299508441591, 47.367829510147118 ], [ 8.589931608441566, 47.366754310146924 ], [ 8.589849902162854, 47.366537714422272 ] ] } },
{ "type": "Feature", "properties": { "edge_id": 53490, "segment_id": "eb9f000e-8143-41a6-a18a-d9c2f18f5fb4", "u": "d4c8547d-52ac-442f-939c-815ff040f407", "v": "7c5ea2e1-e412-48b0-b172-7ef6342b0084", "part": 0, "cls": "residential", "subclass": null, "name": "Bürglistrasse", "length_m": 97.752110774099421, "is_bridge": false, "is_tunnel": false, "is_covered": false, "is_structure": false, "walk_ok": true, "walk_oneway": false, "walk_restricted": false, "walk_sidepath": false, "under_at_m": [ ], "bike_ok": true, "bike_oneway": false, "bike_restricted": false, "bike_facility": "", "low_stress": true, "max_abs_grade": 0.12069402184496235, "elev_min": 420.56719970703125, "elev_max": 430.91098022460938, "cum_gain_fwd": 10.343780517578125, "cum_loss_fwd": -0.0, "net_change_fwd": 10.343780517578125, "avg_grade_fwd": 0.10581643878489592, "n_samples": 21, "d_abs_above_3": 97.752113342285156, "d_abs_above_5": 97.752113342285156, "d_abs_above_8": 97.752113342285156, "d_abs_above_10": 68.426475524902344, "d_abs_above_15": 0.0, "grade_reliable": true, "max_abs_grade_reliable": 0.12069402184496235, "shortest_use": 10, "flat_use": 0, "flat_use_per_objective": 0.0, "unavoidability": 0.0, "barrier_score": 1.1798095393160333, "neighborhood": "Enge" }, "geometry": { "type": "LineString", "coordinates": [ [ 8.528848008383235, 47.363752210163639 ], [ 8.529041108383476, 47.363570310163546 ], [ 8.52912560838358, 47.363485410163477 ], [ 8.529181308383663, 47.363409510163422 ], [ 8.529226208383722, 47.363332710163412 ], [ 8.529263108383791, 47.363237410163343 ], [ 8.529283208383847, 47.363131110163323 ], [ 8.529278359038893, 47.362951864003541 ] ] } },
{ "type": "Feature", "properties": { "edge_id": 57758, "segment_id": "0e539013-dd39-4662-89f7-dfe8818f5a5b", "u": "df5bca9a-cff6-48c6-97cd-0a2b3db542bd", "v": "c0d7b920-0261-4f06-b717-ee811e38c630", "part": 1, "cls": "residential", "subclass": null, "name": "Biberlinstrasse", "length_m": 38.520030886069037, "is_bridge": false, "is_tunnel": false, "is_covered": false, "is_structure": false, "walk_ok": true, "walk_oneway": false, "walk_restricted": false, "walk_sidepath": false, "under_at_m": [ ], "bike_ok": true, "bike_oneway": false, "bike_restricted": false, "bike_facility": "", "low_stress": true, "max_abs_grade": 0.1175765949625423, "elev_min": 469.75982666015625, "elev_max": 473.55523681640625, "cum_gain_fwd": 3.79541015625, "cum_loss_fwd": -0.0, "net_change_fwd": 3.79541015625, "avg_grade_fwd": 0.098530817866672879, "n_samples": 9, "d_abs_above_3": 38.520030975341797, "d_abs_above_5": 38.520030975341797, "d_abs_above_8": 28.890023231506348, "d_abs_above_10": 24.075019836425781, "d_abs_above_15": 0.0, "grade_reliable": true, "max_abs_grade_reliable": 0.1175765949625423, "shortest_use": 26, "flat_use": 42, "flat_use_per_objective": 14.0, "unavoidability": 0.53846153846153844, "barrier_score": 1.1775540580533492, "neighborhood": "Hirslanden" }, "geometry": { "type": "LineString", "coordinates": [ [ 8.568063010085377, 47.362806790219636 ], [ 8.568065608421607, 47.362808010152001 ], [ 8.568109808421646, 47.362832310151994 ], [ 8.568278008421773, 47.362924610151971 ], [ 8.568414108421885, 47.363016310151963 ], [ 8.568445708421907, 47.363034510151948 ], [ 8.568446162527195, 47.363034771913291 ] ] } },
{ "type": "Feature", "properties": { "edge_id": 59821, "segment_id": "e60ff447-cc4d-4c53-90a9-8c8c78f66f3e", "u": "2fd7cd80-1ddc-4821-a8ea-27be9e3b2ae8", "v": "4c199d03-9918-4b48-b639-f12aa9e36285", "part": 0, "cls": "residential", "subclass": null, "name": "Dolderstrasse", "length_m": 56.155820908361676, "is_bridge": false, "is_tunnel": false, "is_covered": false, "is_structure": false, "walk_ok": true, "walk_oneway": false, "walk_restricted": false, "walk_sidepath": false, "under_at_m": [ ], "bike_ok": true, "bike_oneway": false, "bike_restricted": false, "bike_facility": "", "low_stress": true, "max_abs_grade": 0.13098750104952708, "elev_min": 528.07513427734375, "elev_max": 535.2425537109375, "cum_gain_fwd": 0.0, "cum_loss_fwd": 7.16741943359375, "net_change_fwd": -7.16741943359375, "avg_grade_fwd": -0.12763448351569523, "n_samples": 13, "d_abs_above_3": 56.15582275390625, "d_abs_above_5": 56.15582275390625, "d_abs_above_8": 56.15582275390625, "d_abs_above_10": 56.15582275390625, "d_abs_above_15": 0.0, "grade_reliable": true, "max_abs_grade_reliable": 0.13098750104952708, "shortest_use": 16, "flat_use": 81, "flat_use_per_objective": 27.0, "unavoidability": 1.0, "barrier_score": 1.1769137040273727, "neighborhood": "Hottingen" }, "geometry": { "type": "LineString", "coordinates": [ [ 8.567673008418023, 47.37315021015543 ], [ 8.567037708417487, 47.37288781015554 ] ] } },
{ "type": "Feature", "properties": { "edge_id": 62595, "segment_id": "ae1544d2-96d3-42bc-bbb2-9cb4f14673cd", "u": "228e5ba4-ea6c-4b16-abb7-9215ac3f7138", "v": "7ffac090-2fcf-4db4-a6bc-d39177a0e611", "part": 3, "cls": "residential", "subclass": null, "name": "Kantonsschulstrasse", "length_m": 20.121826834724924, "is_bridge": false, "is_tunnel": false, "is_covered": false, "is_structure": false, "walk_ok": true, "walk_oneway": false, "walk_restricted": false, "walk_sidepath": false, "under_at_m": [ ], "bike_ok": true, "bike_oneway": false, "bike_restricted": false, "bike_facility": "", "low_stress": true, "max_abs_grade": 0.12115682702691302, "elev_min": 428.47518920898438, "elev_max": 430.6793212890625, "cum_gain_fwd": 0.0, "cum_loss_fwd": 2.204132080078125, "net_change_fwd": -2.204132080078125, "avg_grade_fwd": -0.10953936592290613, "n_samples": 6, "d_abs_above_3": 20.121826171875, "d_abs_above_5": 20.121826171875, "d_abs_above_8": 20.121826171875, "d_abs_above_10": 16.097461700439453, "d_abs_above_15": 0.0, "grade_reliable": true, "max_abs_grade_reliable": 0.12115682702691302, "shortest_use": 48, "flat_use": 41, "flat_use_per_objective": 13.666666666666666, "unavoidability": 0.28472222222222221, "barrier_score": 1.1701904127745271, "neighborhood": "Hochschulen" }, "geometry": { "type": "LineString", "coordinates": [ [ 8.549544861285069, 47.372257512864195 ], [ 8.549523508400695, 47.372240610160404 ], [ 8.549479108400666, 47.372195210160378 ], [ 8.549399306599121, 47.372106221244053 ] ] } },
{ "type": "Feature", "properties": { "edge_id": 60449, "segment_id": "a4ed9749-f09b-42c5-8222-a85d2073f46c", "u": "762c1759-62c0-4e32-8609-7726f2f46f66", "v": "041ca933-a677-4ff1-a741-0797e82cd293", "part": 0, "cls": "residential", "subclass": null, "name": "Susenbergstrasse", "length_m": 88.124101629145656, "is_bridge": false, "is_tunnel": false, "is_covered": false, "is_structure": false, "walk_ok": true, "walk_oneway": false, "walk_restricted": false, "walk_sidepath": false, "under_at_m": [ ], "bike_ok": true, "bike_oneway": false, "bike_restricted": false, "bike_facility": "", "low_stress": true, "max_abs_grade": 0.082817499840755052, "elev_min": 548.72296142578125, "elev_max": 554.520751953125, "cum_gain_fwd": 0.0, "cum_loss_fwd": 5.79779052734375, "net_change_fwd": -5.79779052734375, "avg_grade_fwd": -0.065791202917389074, "n_samples": 19, "d_abs_above_3": 88.124099731445312, "d_abs_above_5": 88.124099731445312, "d_abs_above_8": 4.8957834243774414, "d_abs_above_10": 0.0, "d_abs_above_15": 0.0, "grade_reliable": true, "max_abs_grade_reliable": 0.082817499840755052, "shortest_use": 16, "flat_use": 16, "flat_use_per_objective": 5.333333333333333, "unavoidability": 0.33333333333333331, "barrier_score": 1.1677148436221523, "neighborhood": "Fluntern" }, "geometry": { "type": "LineString", "coordinates": [ [ 8.566781508415851, 47.377351310157039 ], [ 8.566730308415885, 47.377076310156994 ], [ 8.566723308415931, 47.376923810156917 ], [ 8.566732108415966, 47.37682591015686 ], [ 8.566765908416022, 47.376754710156881 ], [ 8.566788908416061, 47.37670631015687 ], [ 8.566876808416168, 47.37661671015676 ], [ 8.566907425628042, 47.376593155142892 ] ] } },
{ "type": "Feature", "properties": { "edge_id": 18581, "segment_id": "107ca7e2-557f-4082-8d15-dd346a685b3a", "u": "b0108268-a22c-45cd-9367-0e3ef7d00788", "v": "6ae15097-0379-444e-99a6-2c08cf779fe7", "part": 11, "cls": "footway", "subclass": null, "name": null, "length_m": 10.820338287797377, "is_bridge": false, "is_tunnel": false, "is_covered": false, "is_structure": false, "walk_ok": true, "walk_oneway": false, "walk_restricted": false, "walk_sidepath": false, "under_at_m": [ ], "bike_ok": false, "bike_oneway": false, "bike_restricted": false, "bike_facility": "", "low_stress": false, "max_abs_grade": 0.29841705364957755, "elev_min": 448.37826538085938, "elev_max": 450.87884521484375, "cum_gain_fwd": 0.0, "cum_loss_fwd": 2.500579833984375, "net_change_fwd": -2.500579833984375, "avg_grade_fwd": -0.23109996900214677, "n_samples": 4, "d_abs_above_3": 10.820338249206543, "d_abs_above_5": 10.820338249206543, "d_abs_above_8": 10.820338249206543, "d_abs_above_10": 10.820338249206543, "d_abs_above_15": 7.2135586738586426, "grade_reliable": false, "max_abs_grade_reliable": null, "shortest_use": 36, "flat_use": 0, "flat_use_per_objective": 0.0, "unavoidability": 0.0, "barrier_score": 1.1624304496810347, "neighborhood": "Weinegg" }, "geometry": { "type": "LineString", "coordinates": [ [ 8.572090105051007, 47.357977118408037 ], [ 8.571985689657581, 47.358043731902697 ] ] } },
{ "type": "Feature", "properties": { "edge_id": 18933, "segment_id": "163e67b3-0a7d-4c69-8b56-f69b2a6a4b7c", "u": "6a084e06-0dd9-4ec5-876e-54f464dedba1", "v": "a95a8585-6304-4a19-875a-881efcc9ac0f", "part": 3, "cls": "residential", "subclass": null, "name": "Russenweg", "length_m": 87.515343020257987, "is_bridge": false, "is_tunnel": false, "is_covered": false, "is_structure": false, "walk_ok": true, "walk_oneway": false, "walk_restricted": false, "walk_sidepath": false, "under_at_m": [ ], "bike_ok": true, "bike_oneway": false, "bike_restricted": false, "bike_facility": "", "low_stress": true, "max_abs_grade": 0.1098503022083749, "elev_min": 456.16793823242188, "elev_max": 463.90505981445312, "cum_gain_fwd": 7.73712158203125, "cum_loss_fwd": -0.0, "net_change_fwd": 7.73712158203125, "avg_grade_fwd": 0.088408744595303679, "n_samples": 19, "d_abs_above_3": 87.515342712402344, "d_abs_above_5": 87.515342712402344, "d_abs_above_8": 63.205526351928711, "d_abs_above_10": 9.7239265441894531, "d_abs_above_15": 0.0, "grade_reliable": true, "max_abs_grade_reliable": 0.1098503022083749, "shortest_use": 12, "flat_use": 0, "flat_use_per_objective": 0.0, "unavoidability": 0.0, "barrier_score": 1.1536304254373919, "neighborhood": "Weinegg" }, "geometry": { "type": "LineString", "coordinates": [ [ 8.572464981601094, 47.357375961670719 ], [ 8.572466708427568, 47.357347510148912 ], [ 8.57248040842761, 47.35725901014888 ], [ 8.572516108427706, 47.35705011014884 ], [ 8.572569408427821, 47.356852910148739 ], [ 8.57261880842791, 47.356741710148711 ], [ 8.572645408427944, 47.356689210148659 ], [ 8.572673008427991, 47.356634410148644 ], [ 8.572689352155038, 47.356607326982633 ] ] } },
{ "type": "Feature", "properties": { "edge_id": 59589, "segment_id": "22967fe6-9417-4134-b293-5c07061d3cad", "u": "6d38ffb5-e59f-43c1-9e21-3d733e4108bd", "v": "8a2c34bd-87df-4cae-8328-83d05ec94fe4", "part": 2, "cls": "residential", "subclass": null, "name": "Rütistrasse", "length_m": 60.745427250787863, "is_bridge": false, "is_tunnel": false, "is_covered": false, "is_structure": false, "walk_ok": true, "walk_oneway": true, "walk_restricted": false, "walk_sidepath": false, "under_at_m": [ ], "bike_ok": true, "bike_oneway": true, "bike_restricted": false, "bike_facility": "", "low_stress": true, "max_abs_grade": 0.13532234982166283, "elev_min": 465.68753051757812, "elev_max": 473.09954833984375, "cum_gain_fwd": 7.412017822265625, "cum_loss_fwd": -0.0, "net_change_fwd": 7.412017822265625, "avg_grade_fwd": 0.12201771044537731, "n_samples": 14, "d_abs_above_3": 60.745426177978516, "d_abs_above_5": 60.745426177978516, "d_abs_above_8": 60.745426177978516, "d_abs_above_10": 56.072700500488281, "d_abs_above_15": 0.0, "grade_reliable": true, "max_abs_grade_reliable": 0.13532234982166283, "shortest_use": 14, "flat_use": 8, "flat_use_per_objective": 2.6666666666666665, "unavoidability": 0.19047619047619047, "barrier_score": 1.150829953909648, "neighborhood": "Hottingen" }, "geometry": { "type": "LineString", "coordinates": [ [ 8.561943290756984, 47.369861480694716 ], [ 8.561983908413517, 47.369892910156068 ], [ 8.562086608413587, 47.369993010156037 ], [ 8.562240308413692, 47.370121310156009 ], [ 8.562430108413839, 47.370255010156036 ], [ 8.562455008413854, 47.370272510156056 ], [ 8.562462725519874, 47.37027717296543 ] ] } },
{ "type": "Feature", "properties": { "edge_id": 6588, "segment_id": "231d9abf-41da-47f6-ae4c-0fdf06a1ec5f", "u": "c539c2d7-54ba-400c-b5ea-2940ea0c4d44", "v": "3f7a2c63-125c-41d7-8802-a0a42ebf057c", "part": 12, "cls": "footway", "subclass": null, "name": null, "length_m": 26.343726289284728, "is_bridge": true, "is_tunnel": false, "is_covered": false, "is_structure": true, "walk_ok": true, "walk_oneway": false, "walk_restricted": false, "walk_sidepath": false, "under_at_m": [ ], "bike_ok": false, "bike_oneway": false, "bike_restricted": false, "bike_facility": "", "low_stress": false, "max_abs_grade": 0.127071395990356, "elev_min": 468.553955078125, "elev_max": 471.90127563476562, "cum_gain_fwd": 0.0, "cum_loss_fwd": 3.347320556640625, "net_change_fwd": -3.347320556640625, "avg_grade_fwd": -0.12706328692340552, "n_samples": 7, "d_abs_above_3": 26.343727111816406, "d_abs_above_5": 26.343727111816406, "d_abs_above_8": 26.343727111816406, "d_abs_above_10": 26.343727111816406, "d_abs_above_15": 0.0, "grade_reliable": true, "max_abs_grade_reliable": 0.127071395990356, "shortest_use": 34, "flat_use": 33, "flat_use_per_objective": 11.0, "unavoidability": 0.3235294117647059, "barrier_score": 1.1381615855568654, "neighborhood": "Leimbach" }, "geometry": { "type": "LineString", "coordinates": [ [ 8.514734241557429, 47.333749360798613 ], [ 8.514763008378734, 47.333756610157941 ], [ 8.515057674017742, 47.333837639471 ] ] } },
{ "type": "Feature", "properties": { "edge_id": 60167, "segment_id": "5aab4c76-d18c-4b80-8694-72e0bf07a49e", "u": "b1f2042e-db96-4212-be30-01177341b22c", "v": "06d46b48-602d-4b6a-a64f-7aafd20a8b66", "part": 0, "cls": "track", "subclass": null, "name": null, "length_m": 224.52699552281874, "is_bridge": false, "is_tunnel": false, "is_covered": false, "is_structure": false, "walk_ok": true, "walk_oneway": false, "walk_restricted": false, "walk_sidepath": false, "under_at_m": [ ], "bike_ok": true, "bike_oneway": false, "bike_restricted": false, "bike_facility": "", "low_stress": false, "max_abs_grade": 0.12662117358689781, "elev_min": 584.06884765625, "elev_max": 593.2789306640625, "cum_gain_fwd": 0.0, "cum_loss_fwd": 9.2100830078125, "net_change_fwd": -9.2100830078125, "avg_grade_fwd": -0.041019936592232437, "n_samples": 46, "d_abs_above_3": 134.71620750427246, "d_abs_above_5": 99.789766311645508, "d_abs_above_8": 14.968466758728027, "d_abs_above_10": 9.9789772033691406, "d_abs_above_15": 0.0, "grade_reliable": true, "max_abs_grade_reliable": 0.12662117358689781, "shortest_use": 4, "flat_use": 0, "flat_use_per_objective": 0.0, "unavoidability": 0.0, "barrier_score": 1.1371948670015783, "neighborhood": "Hottingen" }, "geometry": { "type": "LineString", "coordinates": [ [ 8.57178060842163, 47.37435251015463 ], [ 8.571593108421375, 47.374583910154747 ], [ 8.57156090842132, 47.374637310154803 ], [ 8.571535308421284, 47.374698410154807 ], [ 8.571524308421258, 47.374749910154819 ], [ 8.571526308421243, 47.374802510154872 ], [ 8.571542708421235, 47.374865810154866 ], [ 8.571575208421248, 47.374933710154863 ], [ 8.571622908421263, 47.375024110154904 ], [ 8.571671108421295, 47.375086410154914 ], [ 8.571722108421326, 47.37513911015489 ], [ 8.571803708421385, 47.375206010154855 ], [ 8.572001808421534, 47.375354110154895 ], [ 8.57206150842158, 47.37538631015488 ], [ 8.57222970842172, 47.375458610154872 ], [ 8.572295208421775, 47.375491610154839 ], [ 8.572339408421808, 47.375521910154838 ], [ 8.572369008421822, 47.375561510154867 ], [ 8.572386608421828, 47.375605710154858 ], [ 8.57240230842182, 47.375676110154878 ], [ 8.572434108421756, 47.375980310154986 ], [ 8.57239470842168, 47.376103310154988 ] ] } },
{ "type": "Feature", "properties": { "edge_id": 65510, "segment_id": "0a88ce70-7283-4152-afaf-18d513c194d4", "u": "16325c65-4218-4929-91c2-8c116a53089e", "v": "8d9126b6-e225-40b5-be38-0665f16912d4", "part": 0, "cls": "footway", "subclass": null, "name": "Weinbergfussweg", "length_m": 17.065554309086505, "is_bridge": false, "is_tunnel": false, "is_covered": false, "is_structure": false, "walk_ok": true, "walk_oneway": false, "walk_restricted": false, "walk_sidepath": false, "under_at_m": [ ], "bike_ok": false, "bike_oneway": false, "bike_restricted": false, "bike_facility": "", "low_stress": false, "max_abs_grade": 0.17469830165978095, "elev_min": 443.22589111328125, "elev_max": 445.97369384765625, "cum_gain_fwd": 2.747802734375, "cum_loss_fwd": -0.0, "net_change_fwd": 2.747802734375, "avg_grade_fwd": 0.16101456702131881, "n_samples": 5, "d_abs_above_3": 17.065553665161133, "d_abs_above_5": 17.065553665161133, "d_abs_above_8": 17.065553665161133, "d_abs_above_10": 17.065553665161133, "d_abs_above_15": 12.799165725708008, "grade_reliable": true, "max_abs_grade_reliable": 0.17469830165978095, "shortest_use": 38, "flat_use": 6, "flat_use_per_objective": 2.0, "unavoidability": 0.052631578947368418, "barrier_score": 1.1329028747784642, "neighborhood": "Oberstrass" }, "geometry": { "type": "LineString", "coordinates": [ [ 8.545559808394625, 47.379424410163843 ], [ 8.545762108394804, 47.379492810163811 ] ] } },
{ "type": "Feature", "properties": { "edge_id": 60667, "segment_id": "c995bc85-3a4e-470b-a145-fd7da05d21f6", "u": "1e9a3bde-361c-4ddc-a3f0-b92cc66a2d05", "v": "33e01b43-2cfa-4ee2-a66d-d6d7470e4a19", "part": 2, "cls": "residential", "subclass": null, "name": "Zürichbergstrasse", "length_m": 55.687912670682906, "is_bridge": false, "is_tunnel": false, "is_covered": false, "is_structure": false, "walk_ok": true, "walk_oneway": true, "walk_restricted": false, "walk_sidepath": false, "under_at_m": [ ], "bike_ok": true, "bike_oneway": true, "bike_restricted": false, "bike_facility": "", "low_stress": true, "max_abs_grade": 0.083753589128342215, "elev_min": 514.0997314453125, "elev_max": 517.6595458984375, "cum_gain_fwd": 0.0, "cum_loss_fwd": 3.559814453125, "net_change_fwd": -3.559814453125, "avg_grade_fwd": -0.063924365739130962, "n_samples": 13, "d_abs_above_3": 55.687911987304688, "d_abs_above_5": 41.765933990478516, "d_abs_above_8": 9.2813186645507812, "d_abs_above_10": 0.0, "d_abs_above_15": 0.0, "grade_reliable": true, "max_abs_grade_reliable": 0.083753589128342215, "shortest_use": 24, "flat_use": 54, "flat_use_per_objective": 18.0, "unavoidability": 0.75, "barrier_score": 1.1193750137364911, "neighborhood": "Fluntern" }, "geometry": { "type": "LineString", "coordinates": [ [ 8.560719916184006, 47.377153570712117 ], [ 8.560646708409974, 47.377118410158758 ], [ 8.560523608409891, 47.377012310158769 ], [ 8.560427508409832, 47.376903310158717 ], [ 8.560379708409803, 47.376843810158753 ], [ 8.560372208409815, 47.376784210158732 ], [ 8.56039300840985, 47.376736010158702 ] ] } },
{ "type": "Feature", "properties": { "edge_id": 60149, "segment_id": "41853ad3-1c4d-4ea7-a460-393b9357c5e1", "u": "9ec75cd4-5821-4d28-bd20-3c014c97df12", "v": "104a7fa6-f3a6-41e7-bc81-66b6c12ec6e9", "part": 5, "cls": "residential", "subclass": null, "name": "Kurhausstrasse", "length_m": 39.680695063741794, "is_bridge": false, "is_tunnel": false, "is_covered": false, "is_structure": false, "walk_ok": true, "walk_oneway": false, "walk_restricted": false, "walk_sidepath": false, "under_at_m": [ ], "bike_ok": true, "bike_oneway": false, "bike_restricted": false, "bike_facility": "", "low_stress": true, "max_abs_grade": 0.11740448234464418, "elev_min": 587.8369140625, "elev_max": 592.1646728515625, "cum_gain_fwd": 4.3277587890625, "cum_loss_fwd": -0.0, "net_change_fwd": 4.3277587890625, "avg_grade_fwd": 0.10906459261515224, "n_samples": 9, "d_abs_above_3": 39.680694580078125, "d_abs_above_5": 39.680694580078125, "d_abs_above_8": 39.680694580078125, "d_abs_above_10": 39.680694580078125, "d_abs_above_15": 0.0, "grade_reliable": true, "max_abs_grade_reliable": 0.11740448234464418, "shortest_use": 24, "flat_use": 47, "flat_use_per_objective": 15.666666666666666, "unavoidability": 0.65277777777777779, "barrier_score": 1.118085951128228, "neighborhood": "Hottingen" }, "geometry": { "type": "LineString", "coordinates": [ [ 8.574290151967865, 47.372373753788523 ], [ 8.574303008424691, 47.372371010153266 ], [ 8.574431908424822, 47.372336410153167 ], [ 8.574572208424982, 47.372281510153186 ], [ 8.574749504652839, 47.372203312137664 ] ] } },
{ "type": "Feature", "properties": { "edge_id": 80045, "segment_id": "2ad7cffd-9a94-4694-9425-0da20f45f932", "u": "cb581119-19f7-4dcf-b858-61504c8d6dd1", "v": "c31ec6c0-f085-4897-8d65-d67943829f71", "part": 4, "cls": "residential", "subclass": null, "name": "Michelstrasse", "length_m": 18.503902478903594, "is_bridge": false, "is_tunnel": false, "is_covered": false, "is_structure": false, "walk_ok": true, "walk_oneway": false, "walk_restricted": false, "walk_sidepath": false, "under_at_m": [ ], "bike_ok": true, "bike_oneway": false, "bike_restricted": false, "bike_facility": "", "low_stress": true, "max_abs_grade": 0.11599511574339882, "elev_min": 479.95877075195312, "elev_max": 482.00094604492188, "cum_gain_fwd": 2.04217529296875, "cum_loss_fwd": -0.0, "net_change_fwd": 2.04217529296875, "avg_grade_fwd": 0.11036457310067625, "n_samples": 5, "d_abs_above_3": 18.503902435302734, "d_abs_above_5": 18.503902435302734, "d_abs_above_8": 18.503902435302734, "d_abs_above_10": 18.503902435302734, "d_abs_above_15": 0.0, "grade_reliable": true, "max_abs_grade_reliable": 0.11599511574339882, "shortest_use": 52, "flat_use": 104, "flat_use_per_objective": 34.666666666666664, "unavoidability": 0.66666666666666663, "barrier_score": 1.116108401067393, "neighborhood": "Höngg" }, "geometry": { "type": "LineString", "coordinates": [ [ 8.495397068288176, 47.404966230895994 ], [ 8.495394908337953, 47.404997010186506 ], [ 8.495390008337921, 47.405073810186543 ], [ 8.495388631136109, 47.405132543792526 ] ] } },
{ "type": "Feature", "properties": { "edge_id": 41527, "segment_id": "20959872-f98a-47e9-9f12-6dade76acde1", "u": "720fe208-53d5-425d-a889-9c9a4eae6214", "v": "ebfa8432-4cbf-4b39-b17a-5abbc3f824ae", "part": 1, "cls": "footway", "subclass": null, "name": null, "length_m": 21.042807712619449, "is_bridge": false, "is_tunnel": false, "is_covered": false, "is_structure": false, "walk_ok": true, "walk_oneway": false, "walk_restricted": false, "walk_sidepath": false, "under_at_m": [ ], "bike_ok": true, "bike_oneway": false, "bike_restricted": false, "bike_facility": "shared_path", "low_stress": true, "max_abs_grade": 0.10428107069652107, "elev_min": 406.5308837890625, "elev_max": 407.45578002929688, "cum_gain_fwd": 0.924896240234375, "cum_loss_fwd": 0.021392822265625, "net_change_fwd": 0.90350341796875, "avg_grade_fwd": 0.042936446271612978, "n_samples": 6, "d_abs_above_3": 12.62568473815918, "d_abs_above_5": 4.2085614204406738, "d_abs_above_8": 4.2085614204406738, "d_abs_above_10": 4.2085614204406738, "d_abs_above_15": 0.0, "grade_reliable": true, "max_abs_grade_reliable": 0.10428107069652107, "shortest_use": 50, "flat_use": 0, "flat_use_per_objective": 0.0, "unavoidability": 0.0, "barrier_score": 1.0971832593664839, "neighborhood": "Wipkingen" }, "geometry": { "type": "LineString", "coordinates": [ [ 8.524004558153852, 47.392016401882429 ], [ 8.524072208369834, 47.392083510174125 ], [ 8.524151508369886, 47.392161210174095 ], [ 8.524168328752037, 47.392168218666669 ] ] } },
{ "type": "Feature", "properties": { "edge_id": 76557, "segment_id": "bc34a037-5816-4fcd-9f51-71c6890b3775", "u": "cd20b18f-de82-4477-8197-b42df1d86867", "v": "43ee02b1-bf3a-4521-80f9-374e9a43f0fd", "part": 2, "cls": "track", "subclass": null, "name": "Loorengutweg", "length_m": 189.79464025350072, "is_bridge": false, "is_tunnel": false, "is_covered": false, "is_structure": false, "walk_ok": true, "walk_oneway": false, "walk_restricted": false, "walk_sidepath": false, "under_at_m": [ ], "bike_ok": true, "bike_oneway": false, "bike_restricted": false, "bike_facility": "", "low_stress": false, "max_abs_grade": 0.14378337176344971, "elev_min": 617.41583251953125, "elev_max": 639.32391357421875, "cum_gain_fwd": 0.0, "cum_loss_fwd": 21.9080810546875, "net_change_fwd": -21.9080810546875, "avg_grade_fwd": -0.11543044746495162, "n_samples": 39, "d_abs_above_3": 189.79464721679688, "d_abs_above_5": 189.79464721679688, "d_abs_above_8": 189.79464721679688, "d_abs_above_10": 129.8594970703125, "d_abs_above_15": 0.0, "grade_reliable": true, "max_abs_grade_reliable": 0.14378337176344971, "shortest_use": 4, "flat_use": 0, "flat_use_per_objective": 0.0, "unavoidability": 0.0, "barrier_score": 1.0915725327311716, "neighborhood": "Hirslanden" }, "geometry": { "type": "LineString", "coordinates": [ [ 8.589849902162854, 47.366537714422272 ], [ 8.589777208441545, 47.366345010146837 ], [ 8.589719908441527, 47.366232210146798 ], [ 8.589597208441447, 47.366104010146778 ], [ 8.589493908441376, 47.36601121014678 ], [ 8.589345408441261, 47.365907610146806 ], [ 8.589191308441139, 47.365838110146818 ], [ 8.589008208440978, 47.365785510146885 ], [ 8.588643008440647, 47.36571231014694 ], [ 8.588123008440173, 47.365600210147065 ], [ 8.588023308440091, 47.365549110147072 ] ] } },
{ "type": "Feature", "properties": { "edge_id": 58881, "segment_id": "2956b282-ed9c-44b0-9c91-f6684ca9a3a4", "u": "a26c104c-f360-41b6-a485-86c11a125253", "v": "1a5a59e8-30b9-4847-9bd2-30a794a09b9c", "part": 0, "cls": "residential", "subclass": null, "name": "Klusstrasse", "length_m": 35.82723097525043, "is_bridge": false, "is_tunnel": false, "is_covered": false, "is_structure": false, "walk_ok": true, "walk_oneway": false, "walk_restricted": false, "walk_sidepath": false, "under_at_m": [ ], "bike_ok": true, "bike_oneway": false, "bike_restricted": false, "bike_facility": "", "low_stress": true, "max_abs_grade": 0.11561288915739466, "elev_min": 491.82083129882812, "elev_max": 494.77810668945312, "cum_gain_fwd": 2.957275390625, "cum_loss_fwd": -0.0, "net_change_fwd": 2.957275390625, "avg_grade_fwd": 0.082542669242221006, "n_samples": 9, "d_abs_above_3": 35.827232360839844, "d_abs_above_5": 31.348827362060547, "d_abs_above_8": 17.913616180419922, "d_abs_above_10": 8.9568080902099609, "d_abs_above_15": 0.0, "grade_reliable": true, "max_abs_grade_reliable": 0.11561288915739466, "shortest_use": 26, "flat_use": 61, "flat_use_per_objective": 20.333333333333332, "unavoidability": 0.78205128205128205, "barrier_score": 1.0769433177250811, "neighborhood": "Hirslanden" }, "geometry": { "type": "LineString", "coordinates": [ [ 8.568766708421739, 47.364592210152345 ], [ 8.569198308422195, 47.364458610152198 ] ] } },
{ "type": "Feature", "properties": { "edge_id": 74662, "segment_id": "2811cf84-9cc0-4d1d-95d0-f7708bf9a5e0", "u": "5850a855-3d41-4a1e-9cd9-efa24039499a", "v": "cd638b00-791c-424a-94f5-e5cec169c8d5", "part": 0, "cls": "steps", "subclass": null, "name": null, "length_m": 15.668701418355681, "is_bridge": false, "is_tunnel": false, "is_covered": false, "is_structure": false, "walk_ok": true, "walk_oneway": false, "walk_restricted": false, "walk_sidepath": false, "under_at_m": [ ], "bike_ok": false, "bike_oneway": false, "bike_restricted": false, "bike_facility": "", "low_stress": false, "max_abs_grade": 0.48944358746630517, "elev_min": 578.08990478515625, "elev_max": 584.901123046875, "cum_gain_fwd": 0.0, "cum_loss_fwd": 6.81121826171875, "net_change_fwd": -6.81121826171875, "avg_grade_fwd": -0.43470216114305305, "n_samples": 5, "d_abs_above_3": 15.668701171875, "d_abs_above_5": 15.668701171875, "d_abs_above_8": 15.668701171875, "d_abs_above_10": 15.668701171875, "d_abs_above_15": 15.668701171875, "grade_reliable": true, "max_abs_grade_reliable": 0.48944358746630517, "shortest_use": 14, "flat_use": 0, "flat_use_per_objective": 0.0, "unavoidability": 0.0, "barrier_score": 1.0736523606393744, "neighborhood": "Hottingen" }, "geometry": { "type": "LineString", "coordinates": [ [ 8.580579808427471, 47.382968810154836 ], [ 8.580644108427537, 47.382963010154825 ], [ 8.580724108427635, 47.38288281015474 ] ] } },
{ "type": "Feature", "properties": { "edge_id": 65493, "segment_id": "719cd5ac-812e-4b0c-8593-a70b5686a9ec", "u": "99542563-77df-4314-a8c3-7e341ec4beca", "v": "15c9c936-8c86-408a-beb8-b47791514122", "part": 0, "cls": "steps", "subclass": null, "name": null, "length_m": 10.27913668717804, "is_bridge": false, "is_tunnel": false, "is_covered": false, "is_structure": false, "walk_ok": true, "walk_oneway": false, "walk_restricted": false, "walk_sidepath": false, "under_at_m": [ ], "bike_ok": false, "bike_oneway": false, "bike_restricted": false, "bike_facility": "", "low_stress": false, "max_abs_grade": 0.27452985208340946, "elev_min": 456.27288818359375, "elev_max": 458.33334350585938, "cum_gain_fwd": 0.0, "cum_loss_fwd": 2.060455322265625, "net_change_fwd": -2.060455322265625, "avg_grade_fwd": -0.20045023146172328, "n_samples": 4, "d_abs_above_3": 10.279136657714844, "d_abs_above_5": 10.279136657714844, "d_abs_above_8": 10.279136657714844, "d_abs_above_10": 10.279136657714844, "d_abs_above_15": 6.8527579307556152, "grade_reliable": false, "max_abs_grade_reliable": null, "shortest_use": 38, "flat_use": 6, "flat_use_per_objective": 2.0, "unavoidability": 0.052631578947368418, "barrier_score": 1.0723333522249312, "neighborhood": "Oberstrass" }, "geometry": { "type": "LineString", "coordinates": [ [ 8.546470908395401, 47.379784310163735 ], [ 8.546355208395303, 47.379735610163713 ] ] } },
{ "type": "Feature", "properties": { "edge_id": 10331, "segment_id": "c0ca3199-8d1c-49d6-80f8-3c695081587f", "u": "d1e46014-2cf9-4fdb-8f54-71bfb2032db6", "v": "6c7ad960-f456-4e3d-b614-5fd6db1bdd4f", "part": 1, "cls": "residential", "subclass": null, "name": "Brunaustrasse", "length_m": 62.72024273333728, "is_bridge": false, "is_tunnel": false, "is_covered": false, "is_structure": false, "walk_ok": true, "walk_oneway": false, "walk_restricted": false, "walk_sidepath": false, "under_at_m": [ ], "bike_ok": true, "bike_oneway": false, "bike_restricted": false, "bike_facility": "", "low_stress": true, "max_abs_grade": 0.094969041288034226, "elev_min": 425.90097045898438, "elev_max": 431.18380737304688, "cum_gain_fwd": 0.0, "cum_loss_fwd": 5.2828369140625, "net_change_fwd": -5.2828369140625, "avg_grade_fwd": -0.084228580499564068, "n_samples": 14, "d_abs_above_3": 62.720241546630859, "d_abs_above_5": 62.720241546630859, "d_abs_above_8": 48.246341705322266, "d_abs_above_10": 0.0, "d_abs_above_15": 0.0, "grade_reliable": true, "max_abs_grade_reliable": 0.094969041288034226, "shortest_use": 18, "flat_use": 0, "flat_use_per_objective": 0.0, "unavoidability": 0.0, "barrier_score": 1.0721666379128105, "neighborhood": "Enge" }, "geometry": { "type": "LineString", "coordinates": [ [ 8.527489466675094, 47.355283256440352 ], [ 8.527483208384515, 47.355280010161309 ], [ 8.52730480838437, 47.355187610161288 ], [ 8.527182708384272, 47.355105310161306 ], [ 8.526917738105972, 47.35487864644773 ] ] } },
{ "type": "Feature", "properties": { "edge_id": 40391, "segment_id": "ca791f43-ec7b-4d24-8938-f0adf502ff86", "u": "1402957e-5c00-49e9-aa19-938140c7d56d", "v": "d6279a9f-2b36-4d33-9955-89990c69e462", "part": 1, "cls": "footway", "subclass": null, "name": "Weihersteig", "length_m": 20.831080080497635, "is_bridge": false, "is_tunnel": false, "is_covered": false, "is_structure": false, "walk_ok": true, "walk_oneway": false, "walk_restricted": false, "walk_sidepath": false, "under_at_m": [ ], "bike_ok": false, "bike_oneway": false, "bike_restricted": false, "bike_facility": "", "low_stress": false, "max_abs_grade": 0.16067412078119414, "elev_min": 473.12881469726562, "elev_max": 476.30508422851562, "cum_gain_fwd": 3.17626953125, "cum_loss_fwd": -0.0, "net_change_fwd": 3.17626953125, "avg_grade_fwd": 0.15247743324282367, "n_samples": 6, "d_abs_above_3": 20.831079483032227, "d_abs_above_5": 20.831079483032227, "d_abs_above_8": 20.831079483032227, "d_abs_above_10": 20.831079483032227, "d_abs_above_15": 12.498647689819336, "grade_reliable": true, "max_abs_grade_reliable": 0.16067412078119414, "shortest_use": 32, "flat_use": 23, "flat_use_per_objective": 7.666666666666667, "unavoidability": 0.23958333333333334, "barrier_score": 1.0710449525941135, "neighborhood": "Wipkingen" }, "geometry": { "type": "LineString", "coordinates": [ [ 8.527828299445876, 47.397666203748045 ], [ 8.527909108371823, 47.397709010174822 ], [ 8.528047708371938, 47.397779810174825 ] ] } },
{ "type": "Feature", "properties": { "edge_id": 88090, "segment_id": "5b7f2966-9083-4715-9c66-65cdb92c8cd8", "u": "15837772-d540-4cc1-9542-46ddca422e97", "v": "2d2fe38f-de98-4345-9af5-fdbe6133eb1c", "part": 2, "cls": "residential", "subclass": null, "name": "Käferholzstrasse", "length_m": 31.393788070820822, "is_bridge": false, "is_tunnel": false, "is_covered": false, "is_structure": false, "walk_ok": true, "walk_oneway": false, "walk_restricted": false, "walk_sidepath": false, "under_at_m": [ ], "bike_ok": true, "bike_oneway": false, "bike_restricted": false, "bike_facility": "", "low_stress": true, "max_abs_grade": 0.094679589221639909, "elev_min": 467.38470458984375, "elev_max": 470.24154663085938, "cum_gain_fwd": 0.0, "cum_loss_fwd": 2.856842041015625, "net_change_fwd": -2.856842041015625, "avg_grade_fwd": -0.091000235367224513, "n_samples": 8, "d_abs_above_3": 31.393787384033203, "d_abs_above_5": 31.393787384033203, "d_abs_above_8": 31.393787384033203, "d_abs_above_10": 0.0, "d_abs_above_15": 0.0, "grade_reliable": true, "max_abs_grade_reliable": 0.094679589221639909, "shortest_use": 36, "flat_use": 0, "flat_use_per_objective": 0.0, "unavoidability": 0.0, "barrier_score": 1.0700463451163524, "neighborhood": "Affoltern" }, "geometry": { "type": "LineString", "coordinates": [ [ 8.523567700527659, 47.411421033701934 ], [ 8.523564508363345, 47.41142801018043 ], [ 8.523455808363163, 47.411689810180526 ], [ 8.523454258492531, 47.411692678960669 ] ] } },
{ "type": "Feature", "properties": { "edge_id": 44198, "segment_id": "ad18e883-ac90-441e-9703-5a1917fa6084", "u": "fb95adf8-b8b5-4475-9a79-1d5e9290ce25", "v": "dd828013-9cd9-4485-bc98-3160c8534545", "part": 1, "cls": "tertiary", "subclass": null, "name": "Stauffacherbrücke", "length_m": 4.92078701712156, "is_bridge": false, "is_tunnel": false, "is_covered": false, "is_structure": false, "walk_ok": true, "walk_oneway": false, "walk_restricted": false, "walk_sidepath": false, "under_at_m": [ ], "bike_ok": true, "bike_oneway": false, "bike_restricted": false, "bike_facility": "", "low_stress": false, "max_abs_grade": 0.4163370846923119, "elev_min": 411.558349609375, "elev_max": 413.17294311523438, "cum_gain_fwd": 0.0, "cum_loss_fwd": 1.614593505859375, "net_change_fwd": -1.614593505859375, "avg_grade_fwd": -0.32811693588476648, "n_samples": 3, "d_abs_above_3": 4.9207868576049805, "d_abs_above_5": 4.9207868576049805, "d_abs_above_8": 4.9207868576049805, "d_abs_above_10": 4.9207868576049805, "d_abs_above_15": 4.9207868576049805, "grade_reliable": false, "max_abs_grade_reliable": null, "shortest_use": 52, "flat_use": 14, "flat_use_per_objective": 4.666666666666667, "unavoidability": 0.089743589743589744, "barrier_score": 1.0653271829720872, "neighborhood": "Werd" }, "geometry": { "type": "LineString", "coordinates": [ [ 8.530555521102666, 47.371214803776802 ], [ 8.530597808382636, 47.371202010165511 ], [ 8.530615108382651, 47.371196910165558 ] ] } },
{ "type": "Feature", "properties": { "edge_id": 60509, "segment_id": "8a77d766-925d-4e7c-89a3-31d2e6d5ab5a", "u": "f3554dc7-cb1c-4dc0-922a-0887606871f4", "v": "c0536b88-dfeb-437b-82ff-70e63c2be60b", "part": 1, "cls": "residential", "subclass": null, "name": "Zürichbergstrasse", "length_m": 49.950138085021116, "is_bridge": false, "is_tunnel": false, "is_covered": false, "is_structure": false, "walk_ok": true, "walk_oneway": true, "walk_restricted": false, "walk_sidepath": false, "under_at_m": [ ], "bike_ok": true, "bike_oneway": true, "bike_restricted": false, "bike_facility": "", "low_stress": true, "max_abs_grade": 0.088528235271880473, "elev_min": 533.37017822265625, "elev_max": 537.02752685546875, "cum_gain_fwd": 0.0, "cum_loss_fwd": 3.6573486328125, "net_change_fwd": -3.6573486328125, "avg_grade_fwd": -0.073219990424716302, "n_samples": 11, "d_abs_above_3": 49.950138092041016, "d_abs_above_5": 44.955123901367188, "d_abs_above_8": 24.975069046020508, "d_abs_above_10": 0.0, "d_abs_above_15": 0.0, "grade_reliable": true, "max_abs_grade_reliable": 0.088528235271880473, "shortest_use": 24, "flat_use": 54, "flat_use_per_objective": 18.0, "unavoidability": 0.75, "barrier_score": 1.06127941830088, "neighborhood": "Fluntern" }, "geometry": { "type": "LineString", "coordinates": [ [ 8.562841139865339, 47.377942962861226 ], [ 8.562777908411798, 47.37789561015839 ], [ 8.562722408411762, 47.377861310158359 ], [ 8.562664108411711, 47.377836610158411 ], [ 8.562407708411488, 47.37775271015844 ], [ 8.562352408411439, 47.377730710158453 ], [ 8.562315508411412, 47.37771161015845 ], [ 8.562295193325708, 47.377698066767998 ] ] } },
{ "type": "Feature", "properties": { "edge_id": 87605, "segment_id": "f44473b6-9df9-444d-8b3b-bc9ba4ef95d0", "u": "c5ff88f9-eecf-44ec-a0d6-aa069641aac4", "v": "6b966239-6c80-49d4-81f9-0032b6001b81", "part": 1, "cls": "track", "subclass": null, "name": "Rumpelhaldenweg", "length_m": 101.54059063295959, "is_bridge": false, "is_tunnel": false, "is_covered": false, "is_structure": false, "walk_ok": true, "walk_oneway": false, "walk_restricted": false, "walk_sidepath": false, "under_at_m": [ ], "bike_ok": true, "bike_oneway": false, "bike_restricted": false, "bike_facility": "", "low_stress": false, "max_abs_grade": 0.13010439151235154, "elev_min": 512.02728271484375, "elev_max": 522.864990234375, "cum_gain_fwd": 0.0, "cum_loss_fwd": 10.83770751953125, "net_change_fwd": -10.83770751953125, "avg_grade_fwd": -0.10673276265732812, "n_samples": 22, "d_abs_above_3": 101.54058837890625, "d_abs_above_5": 101.54058837890625, "d_abs_above_8": 101.54058837890625, "d_abs_above_10": 62.85845947265625, "d_abs_above_15": 0.0, "grade_reliable": true, "max_abs_grade_reliable": 0.13010439151235154, "shortest_use": 8, "flat_use": 0, "flat_use_per_objective": 0.0, "unavoidability": 0.0, "barrier_score": 1.0568701406484791, "neighborhood": "Höngg" }, "geometry": { "type": "LineString", "coordinates": [ [ 8.52037587852741, 47.408860703767886 ], [ 8.520393608361063, 47.408866310180542 ], [ 8.520752408361417, 47.408843210180422 ], [ 8.520868108361521, 47.408851510180384 ], [ 8.520987708361634, 47.408874510180347 ], [ 8.521141608361773, 47.40890551018034 ], [ 8.521433208362035, 47.408983510180256 ], [ 8.5216163083622, 47.409017510180206 ], [ 8.521677230429194, 47.40901772061909 ] ] } },
{ "type": "Feature", "properties": { "edge_id": 53722, "segment_id": "a9970719-6bbc-4829-b082-c0c8ee91e585", "u": "6fcb05fe-de8b-4723-892c-0fb4ce3155a6", "v": "65cf7f00-0dad-4bf0-8364-faae2c51e624", "part": 2, "cls": "service", "subclass": null, "name": null, "length_m": 55.506271116635958, "is_bridge": false, "is_tunnel": false, "is_covered": false, "is_structure": false, "walk_ok": true, "walk_oneway": false, "walk_restricted": false, "walk_sidepath": false, "under_at_m": [ ], "bike_ok": false, "bike_oneway": false, "bike_restricted": false, "bike_facility": "", "low_stress": false, "max_abs_grade": 0.10554260308621562, "elev_min": 431.2457275390625, "elev_max": 436.86383056640625, "cum_gain_fwd": 5.61810302734375, "cum_loss_fwd": -0.0, "net_change_fwd": 5.61810302734375, "avg_grade_fwd": 0.10121564445705329, "n_samples": 13, "d_abs_above_3": 55.506271362304688, "d_abs_above_5": 55.506271362304688, "d_abs_above_8": 55.506271362304688, "d_abs_above_10": 37.004180908203125, "d_abs_above_15": 0.0, "grade_reliable": true, "max_abs_grade_reliable": 0.10554260308621562, "shortest_use": 18, "flat_use": 0, "flat_use_per_objective": 0.0, "unavoidability": 0.0, "barrier_score": 1.054489741426617, "neighborhood": "Enge" }, "geometry": { "type": "LineString", "coordinates": [ [ 8.530777118470116, 47.358655835281063 ], [ 8.530726908386658, 47.358541310161378 ], [ 8.530620808386612, 47.358364110161396 ], [ 8.530550608386561, 47.35830871016141 ], [ 8.530431708386477, 47.358226410161393 ] ] } },
{ "type": "Feature", "properties": { "edge_id": 63083, "segment_id": "9f809759-1438-462f-b0e9-b9ede79003ee", "u": "6ad92ff7-5999-4e14-8702-f268ef39767e", "v": "a2a40095-5811-4eca-a18a-4959d8a7726a", "part": 3, "cls": "residential", "subclass": null, "name": "Künstlergasse", "length_m": 74.802287629724347, "is_bridge": false, "is_tunnel": false, "is_covered": false, "is_structure": false, "walk_ok": true, "walk_oneway": true, "walk_restricted": false, "walk_sidepath": false, "under_at_m": [ ], "bike_ok": true, "bike_oneway": true, "bike_restricted": false, "bike_facility": "", "low_stress": true, "max_abs_grade": 0.11741775188485264, "elev_min": 435.73809814453125, "elev_max": 441.04995727539062, "cum_gain_fwd": 0.0, "cum_loss_fwd": 5.311859130859375, "net_change_fwd": -5.311859130859375, "avg_grade_fwd": -0.071011990940880634, "n_samples": 16, "d_abs_above_3": 64.828645706176758, "d_abs_above_5": 54.855007171630859, "d_abs_above_8": 29.920909881591797, "d_abs_above_10": 19.947273254394531, "d_abs_above_15": 0.0, "grade_reliable": true, "max_abs_grade_reliable": 0.11741775188485264, "shortest_use": 12, "flat_use": 17, "flat_use_per_objective": 5.666666666666667, "unavoidability": 0.47222222222222227, "barrier_score": 1.0539739739191625, "neighborhood": "Hochschulen" }, "geometry": { "type": "LineString", "coordinates": [ [ 8.547671051554811, 47.374656869227486 ], [ 8.547803808398353, 47.37442841016162 ], [ 8.547894808398492, 47.374263410161511 ], [ 8.547926908398541, 47.374191910161478 ], [ 8.547973808398618, 47.374087410161437 ], [ 8.54797820839863, 47.374077010161429 ], [ 8.548001067278351, 47.37402304285407 ] ] } },
{ "type": "Feature", "properties": { "edge_id": 67363, "segment_id": "cb1588e1-9798-42cb-a75d-3d4ead2a1cb1", "u": "26e7002b-4d84-4ce1-aeb5-86d45a661673", "v": "c3c43a9f-42b6-4436-95a8-b6eaaf92ce42", "part": 2, "cls": "residential", "subclass": null, "name": "Hinterbergstrasse", "length_m": 25.924953183187437, "is_bridge": false, "is_tunnel": false, "is_covered": false, "is_structure": false, "walk_ok": true, "walk_oneway": true, "walk_restricted": false, "walk_sidepath": false, "under_at_m": [ ], "bike_ok": true, "bike_oneway": true, "bike_restricted": false, "bike_facility": "", "low_stress": true, "max_abs_grade": 0.20314325733206731, "elev_min": 553.75494384765625, "elev_max": 558.30499267578125, "cum_gain_fwd": 0.0, "cum_loss_fwd": 4.550048828125, "net_change_fwd": -4.550048828125, "avg_grade_fwd": -0.17550846658311839, "n_samples": 7, "d_abs_above_3": 25.924953460693359, "d_abs_above_5": 25.924953460693359, "d_abs_above_8": 25.924953460693359, "d_abs_above_10": 25.924953460693359, "d_abs_above_15": 21.604127883911133, "grade_reliable": true, "max_abs_grade_reliable": 0.20314325733206731, "shortest_use": 20, "flat_use": 9, "flat_use_per_objective": 3.0, "unavoidability": 0.15, "barrier_score": 1.0532958871628086, "neighborhood": "Fluntern" }, "geometry": { "type": "LineString", "coordinates": [ [ 8.557249405033129, 47.382888413925386 ], [ 8.557248108404892, 47.382884110161591 ], [ 8.557163250278414, 47.382662706695065 ] ] } },
{ "type": "Feature", "properties": { "edge_id": 60552, "segment_id": "e2f52286-24c9-4480-9499-3d0feb34e617", "u": "fc58a28d-48b9-4644-9419-4982ca504023", "v": "c549042f-2e8a-4488-b30a-fc13ff6195c9", "part": 2, "cls": "secondary", "subclass": null, "name": "Schneckenmannstrasse", "length_m": 41.824708331783754, "is_bridge": false, "is_tunnel": false, "is_covered": false, "is_structure": false, "walk_ok": true, "walk_oneway": true, "walk_restricted": false, "walk_sidepath": false, "under_at_m": [ ], "bike_ok": true, "bike_oneway": true, "bike_restricted": false, "bike_facility": "", "low_stress": false, "max_abs_grade": 0.10409831288431688, "elev_min": 518.77899169921875, "elev_max": 522.94549560546875, "cum_gain_fwd": 0.0, "cum_loss_fwd": 4.16650390625, "net_change_fwd": -4.16650390625, "avg_grade_fwd": -0.099618244860314981, "n_samples": 10, "d_abs_above_3": 41.82470703125, "d_abs_above_5": 41.82470703125, "d_abs_above_8": 41.82470703125, "d_abs_above_10": 18.58875846862793, "d_abs_above_15": 0.0, "grade_reliable": true, "max_abs_grade_reliable": 0.10409831288431688, "shortest_use": 24, "flat_use": 0, "flat_use_per_objective": 0.0, "unavoidability": 0.0, "barrier_score": 1.0449315778121571, "neighborhood": "Fluntern" }, "geometry": { "type": "LineString", "coordinates": [ [ 8.563240459688604, 47.375538264876027 ], [ 8.563239708412981, 47.375538310157481 ], [ 8.56307180841282, 47.375533810157549 ], [ 8.562841208412602, 47.375524210157586 ], [ 8.56268876407889, 47.375509498884497 ] ] } },
{ "type": "Feature", "properties": { "edge_id": 76616, "segment_id": "a9871011-4173-4deb-9765-a97c20c6fab5", "u": "1c3a5f13-8a41-464d-8c79-e1fb454ff5f6", "v": "da181d73-50fe-42f9-b995-01241d2ad5df", "part": 0, "cls": "residential", "subclass": null, "name": "Loorenstrasse", "length_m": 48.371715070525113, "is_bridge": false, "is_tunnel": false, "is_covered": false, "is_structure": false, "walk_ok": true, "walk_oneway": false, "walk_restricted": false, "walk_sidepath": false, "under_at_m": [ ], "bike_ok": true, "bike_oneway": false, "bike_restricted": false, "bike_facility": "", "low_stress": true, "max_abs_grade": 0.098054037130663935, "elev_min": 603.95977783203125, "elev_max": 608.0855712890625, "cum_gain_fwd": 0.0, "cum_loss_fwd": 4.12579345703125, "net_change_fwd": -4.12579345703125, "avg_grade_fwd": -0.085293511104381547, "n_samples": 11, "d_abs_above_3": 48.371715545654297, "d_abs_above_5": 48.371715545654297, "d_abs_above_8": 33.860198974609375, "d_abs_above_10": 0.0, "d_abs_above_15": 0.0, "grade_reliable": true, "max_abs_grade_reliable": 0.098054037130663935, "shortest_use": 22, "flat_use": 20, "flat_use_per_objective": 6.666666666666667, "unavoidability": 0.30303030303030304, "barrier_score": 1.0434692280318165, "neighborhood": "Witikon" }, "geometry": { "type": "LineString", "coordinates": [ [ 8.592070908444454, 47.364121610145453 ], [ 8.592388208444882, 47.363743710145222 ] ] } },
{ "type": "Feature", "properties": { "edge_id": 80046, "segment_id": "2ad7cffd-9a94-4694-9425-0da20f45f932", "u": "c31ec6c0-f085-4897-8d65-d67943829f71", "v": "35a021f1-e231-4492-8425-d984e55c74f2", "part": 5, "cls": "residential", "subclass": null, "name": "Michelstrasse", "length_m": 15.233697322432686, "is_bridge": false, "is_tunnel": false, "is_covered": false, "is_structure": false, "walk_ok": true, "walk_oneway": false, "walk_restricted": false, "walk_sidepath": false, "under_at_m": [ ], "bike_ok": true, "bike_oneway": false, "bike_restricted": false, "bike_facility": "", "low_stress": true, "max_abs_grade": 0.13147219781228994, "elev_min": 482.00094604492188, "elev_max": 483.89767456054688, "cum_gain_fwd": 1.896728515625, "cum_loss_fwd": -0.0, "net_change_fwd": 1.896728515625, "avg_grade_fwd": 0.1245087468524021, "n_samples": 5, "d_abs_above_3": 15.233696937561035, "d_abs_above_5": 15.233696937561035, "d_abs_above_8": 15.233696937561035, "d_abs_above_10": 15.233696937561035, "d_abs_above_15": 0.0, "grade_reliable": true, "max_abs_grade_reliable": 0.13147219781228994, "shortest_use": 52, "flat_use": 104, "flat_use_per_objective": 34.666666666666664, "unavoidability": 0.66666666666666663, "barrier_score": 1.0414599872494594, "neighborhood": "Höngg" }, "geometry": { "type": "LineString", "coordinates": [ [ 8.495388631136109, 47.405132543792526 ], [ 8.495388308337901, 47.405146310186559 ], [ 8.495401908337874, 47.40526921018661 ] ] } },
{ "type": "Feature", "properties": { "edge_id": 40176, "segment_id": "565f9441-1f51-40b7-9b05-32daeade2550", "u": "e9713ec5-e897-4d30-82b3-292ab26cfeb3", "v": "8401a045-8d61-4cc5-84d6-ccf7808f35ec", "part": 0, "cls": "footway", "subclass": null, "name": null, "length_m": 34.500744619987842, "is_bridge": false, "is_tunnel": false, "is_covered": false, "is_structure": false, "walk_ok": true, "walk_oneway": false, "walk_restricted": false, "walk_sidepath": false, "under_at_m": [ 3.5 ], "bike_ok": false, "bike_oneway": false, "bike_restricted": false, "bike_facility": "", "low_stress": false, "max_abs_grade": 0.11503815526575174, "elev_min": 472.4041748046875, "elev_max": 474.39691162109375, "cum_gain_fwd": 1.99273681640625, "cum_loss_fwd": -0.0, "net_change_fwd": 1.99273681640625, "avg_grade_fwd": 0.057759242065849543, "n_samples": 8, "d_abs_above_3": 29.572065830230713, "d_abs_above_5": 19.71471118927002, "d_abs_above_8": 4.9286785125732422, "d_abs_above_10": 4.9286785125732422, "d_abs_above_15": 0.0, "grade_reliable": true, "max_abs_grade_reliable": 0.11503815526575174, "shortest_use": 26, "flat_use": 153, "flat_use_per_objective": 51.0, "unavoidability": 1.0, "barrier_score": 1.0319145242583347, "neighborhood": "Unterstrass" }, "geometry": { "type": "LineString", "coordinates": [ [ 8.533946408377661, 47.397784510173118 ], [ 8.534037908377766, 47.397742810173028 ], [ 8.534078208377814, 47.397701310173048 ], [ 8.534113608377881, 47.39759971017299 ], [ 8.534104108377873, 47.39758481017298 ], [ 8.534071508377838, 47.397588210173012 ], [ 8.534048208377806, 47.397627910173021 ] ] } },
{ "type": "Feature", "properties": { "edge_id": 58209, "segment_id": "c1943f46-4940-403d-8831-c0e269ba4aa4", "u": "1d6ac227-6ada-46a3-91a9-b5cc4960975f", "v": "70fb3718-ba78-4e32-9eca-60e933a3c05c", "part": 2, "cls": "residential", "subclass": null, "name": "Waserstrasse", "length_m": 17.396480425438725, "is_bridge": false, "is_tunnel": false, "is_covered": false, "is_structure": false, "walk_ok": true, "walk_oneway": false, "walk_restricted": false, "walk_sidepath": false, "under_at_m": [ ], "bike_ok": true, "bike_oneway": false, "bike_restricted": false, "bike_facility": "", "low_stress": true, "max_abs_grade": 0.15494838920327525, "elev_min": 550.0789794921875, "elev_max": 552.58721923828125, "cum_gain_fwd": 2.50823974609375, "cum_loss_fwd": -0.0, "net_change_fwd": 2.50823974609375, "avg_grade_fwd": 0.14418087252759254, "n_samples": 5, "d_abs_above_3": 17.396480560302734, "d_abs_above_5": 17.396480560302734, "d_abs_above_8": 17.396480560302734, "d_abs_above_10": 17.396480560302734, "d_abs_above_15": 4.3491201400756836, "grade_reliable": true, "max_abs_grade_reliable": 0.15494838920327525, "shortest_use": 38, "flat_use": 81, "flat_use_per_objective": 27.0, "unavoidability": 0.71052631578947367, "barrier_score": 1.0243115154966549, "neighborhood": "Witikon" }, "geometry": { "type": "LineString", "coordinates": [ [ 8.581686989505309, 47.358316298511063 ], [ 8.581694908436214, 47.358317710146615 ], [ 8.58190973255982, 47.358355974479551 ] ] } },
{ "type": "Feature", "properties": { "edge_id": 66960, "segment_id": "7be135ef-8fe9-4078-ae0f-f997a75e21ad", "u": "413b1692-c636-45a6-8c29-9f79251c0cdc", "v": "24a2a48b-ddfb-43f5-9246-b12b3ce1a9fd", "part": 0, "cls": "residential", "subclass": null, "name": "Sumatrastrasse", "length_m": 66.195478099885307, "is_bridge": false, "is_tunnel": false, "is_covered": false, "is_structure": false, "walk_ok": true, "walk_oneway": false, "walk_restricted": false, "walk_sidepath": false, "under_at_m": [ ], "bike_ok": true, "bike_oneway": false, "bike_restricted": false, "bike_facility": "", "low_stress": true, "max_abs_grade": 0.19317747252481279, "elev_min": 429.73486328125, "elev_max": 439.849609375, "cum_gain_fwd": 0.0, "cum_loss_fwd": 10.11474609375, "net_change_fwd": -10.11474609375, "avg_grade_fwd": -0.15280115864069482, "n_samples": 15, "d_abs_above_3": 66.195480346679688, "d_abs_above_5": 66.195480346679688, "d_abs_above_8": 66.195480346679688, "d_abs_above_10": 66.195480346679688, "d_abs_above_15": 33.097740173339844, "grade_reliable": true, "max_abs_grade_reliable": 0.19317747252481279, "shortest_use": 8, "flat_use": 0, "flat_use_per_objective": 0.0, "unavoidability": 0.0, "barrier_score": 1.0229980121525952, "neighborhood": "Unterstrass" }, "geometry": { "type": "LineString", "coordinates": [ [ 8.54352730839188, 47.381917010165267 ], [ 8.542686821995122, 47.381747912902462 ] ] } },
{ "type": "Feature", "properties": { "edge_id": 39191, "segment_id": "f0581b11-2f86-43de-ba02-7bd5b52edb16", "u": "93653535-c299-4b4d-a496-4cd0124cf89a", "v": "48414f74-4028-4694-a9f4-cd58fdaba93b", "part": 0, "cls": "residential", "subclass": null, "name": "Lehenstrasse", "length_m": 17.29943790953628, "is_bridge": false, "is_tunnel": false, "is_covered": false, "is_structure": false, "walk_ok": true, "walk_oneway": true, "walk_restricted": false, "walk_sidepath": true, "under_at_m": [ ], "bike_ok": true, "bike_oneway": true, "bike_restricted": false, "bike_facility": "", "low_stress": true, "max_abs_grade": 0.11808039966976439, "elev_min": 441.79776000976562, "elev_max": 443.38070678710938, "cum_gain_fwd": 0.0, "cum_loss_fwd": 1.58294677734375, "net_change_fwd": -1.58294677734375, "avg_grade_fwd": -0.09150278371684413, "n_samples": 5, "d_abs_above_3": 17.2994384765625, "d_abs_above_5": 17.2994384765625, "d_abs_above_8": 12.974578857421875, "d_abs_above_10": 8.64971923828125, "d_abs_above_15": 0.0, "grade_reliable": true, "max_abs_grade_reliable": 0.11808039966976439, "shortest_use": 50, "flat_use": 112, "flat_use_per_objective": 37.333333333333336, "unavoidability": 0.7466666666666667, "barrier_score": 1.0213622712101587, "neighborhood": "Wipkingen" }, "geometry": { "type": "LineString", "coordinates": [ [ 8.526773808371201, 47.396150310174626 ], [ 8.526799408371231, 47.39612181017457 ], [ 8.526820808371264, 47.396085710174596 ], [ 8.526827208371282, 47.396056510174596 ], [ 8.526813808371287, 47.396003510174594 ] ] } },
{ "type": "Feature", "properties": { "edge_id": 59411, "segment_id": "e75dbf48-25d8-4854-999f-dbc3136088c0", "u": "0905346d-6bd7-4ac9-87d6-9ca4b8a391d9", "v": "6a81d8a1-dd62-4f93-90bb-689d1b2e241e", "part": 2, "cls": "residential", "subclass": null, "name": "Rütistrasse", "length_m": 60.954790677048372, "is_bridge": false, "is_tunnel": false, "is_covered": false, "is_structure": false, "walk_ok": true, "walk_oneway": true, "walk_restricted": false, "walk_sidepath": false, "under_at_m": [ ], "bike_ok": true, "bike_oneway": true, "bike_restricted": false, "bike_facility": "", "low_stress": true, "max_abs_grade": 0.11912635870214637, "elev_min": 445.992431640625, "elev_max": 452.95669555664062, "cum_gain_fwd": 0.0, "cum_loss_fwd": 6.964263916015625, "net_change_fwd": -6.964263916015625, "avg_grade_fwd": -0.11425293541189514, "n_samples": 14, "d_abs_above_3": 60.954792022705078, "d_abs_above_5": 60.954792022705078, "d_abs_above_8": 60.954792022705078, "d_abs_above_10": 60.954792022705078, "d_abs_above_15": 0.0, "grade_reliable": true, "max_abs_grade_reliable": 0.11912635870214637, "shortest_use": 14, "flat_use": 8, "flat_use_per_objective": 2.6666666666666665, "unavoidability": 0.19047619047619047, "barrier_score": 1.0165851162331636, "neighborhood": "Hottingen" }, "geometry": { "type": "LineString", "coordinates": [ [ 8.560976848115583, 47.368958052377614 ], [ 8.560510108412517, 47.368510810156003 ] ] } },
{ "type": "Feature", "properties": { "edge_id": 73724, "segment_id": "796ae332-e395-4c89-8e93-f4e01c848ad4", "u": "bc987caa-c4c1-404d-93ae-e4cb94e0afa1", "v": "427f5470-38ed-4df4-9dd3-4baaf923582b", "part": 0, "cls": "unclassified", "subclass": null, "name": "Hinterbergstrasse", "length_m": 35.063130533147842, "is_bridge": false, "is_tunnel": false, "is_covered": false, "is_structure": false, "walk_ok": true, "walk_oneway": false, "walk_restricted": false, "walk_sidepath": false, "under_at_m": [ ], "bike_ok": true, "bike_oneway": false, "bike_restricted": false, "bike_facility": "", "low_stress": false, "max_abs_grade": 0.14485591120316629, "elev_min": 624.321044921875, "elev_max": 628.81158447265625, "cum_gain_fwd": 4.49053955078125, "cum_loss_fwd": -0.0, "net_change_fwd": 4.49053955078125, "avg_grade_fwd": 0.12807013020273209, "n_samples": 9, "d_abs_above_3": 35.063129425048828, "d_abs_above_5": 35.063129425048828, "d_abs_above_8": 35.063129425048828, "d_abs_above_10": 35.063129425048828, "d_abs_above_15": 0.0, "grade_reliable": true, "max_abs_grade_reliable": 0.14485591120316629, "shortest_use": 20, "flat_use": 0, "flat_use_per_objective": 0.0, "unavoidability": 0.0, "barrier_score": 1.0158203446029386, "neighborhood": "Fluntern" }, "geometry": { "type": "LineString", "coordinates": [ [ 8.559570208406271, 47.385694710161822 ], [ 8.559818708406459, 47.385861010161811 ], [ 8.559892808406516, 47.385910910161769 ], [ 8.559900718464851, 47.385916228504371 ] ] } },
{ "type": "Feature", "properties": { "edge_id": 88059, "segment_id": "def4175d-001e-44b4-be0f-11ec8bc21807", "u": "fa67fe11-ed8c-4deb-ab5d-07665be77b4c", "v": "20371de5-e224-49e4-9e81-70e3bd28e951", "part": 2, "cls": "residential", "subclass": null, "name": "Althoossteig", "length_m": 89.702094056712411, "is_bridge": false, "is_tunnel": false, "is_covered": false, "is_structure": false, "walk_ok": true, "walk_oneway": true, "walk_restricted": false, "walk_sidepath": false, "under_at_m": [ ], "bike_ok": true, "bike_oneway": true, "bike_restricted": false, "bike_facility": "", "low_stress": true, "max_abs_grade": 0.14104909589997414, "elev_min": 462.13778686523438, "elev_max": 472.40435791015625, "cum_gain_fwd": 10.266571044921875, "cum_loss_fwd": -0.0, "net_change_fwd": 10.266571044921875, "avg_grade_fwd": 0.11445185356361376, "n_samples": 19, "d_abs_above_3": 89.702095031738281, "d_abs_above_5": 89.702095031738281, "d_abs_above_8": 89.702095031738281, "d_abs_above_10": 89.702095031738281, "d_abs_above_15": 0.0, "grade_reliable": true, "max_abs_grade_reliable": 0.14104909589997414, "shortest_use": 8, "flat_use": 0, "flat_use_per_objective": 0.0, "unavoidability": 0.0, "barrier_score": 1.0121919413626983, "neighborhood": "Affoltern" }, "geometry": { "type": "LineString", "coordinates": [ [ 8.525318677985242, 47.41118618247485 ], [ 8.524403808364399, 47.410678010179943 ], [ 8.52439882973507, 47.410675278683179 ] ] } },
{ "type": "Feature", "properties": { "edge_id": 59410, "segment_id": "e75dbf48-25d8-4854-999f-dbc3136088c0", "u": "5b8e0b99-1942-438c-9ab3-f41b63fc2cf6", "v": "0905346d-6bd7-4ac9-87d6-9ca4b8a391d9", "part": 1, "cls": "residential", "subclass": null, "name": "Rütistrasse", "length_m": 55.97652577244321, "is_bridge": false, "is_tunnel": false, "is_covered": false, "is_structure": false, "walk_ok": true, "walk_oneway": true, "walk_restricted": false, "walk_sidepath": false, "under_at_m": [ ], "bike_ok": true, "bike_oneway": true, "bike_restricted": false, "bike_facility": "", "low_stress": true, "max_abs_grade": 0.1290715114006408, "elev_min": 452.95669555664062, "elev_max": 459.64852905273438, "cum_gain_fwd": 0.0, "cum_loss_fwd": 6.69183349609375, "net_change_fwd": -6.69183349609375, "avg_grade_fwd": -0.11954714183199978, "n_samples": 13, "d_abs_above_3": 55.976524353027344, "d_abs_above_5": 55.976524353027344, "d_abs_above_8": 55.976524353027344, "d_abs_above_10": 51.311813831329346, "d_abs_above_15": 0.0, "grade_reliable": true, "max_abs_grade_reliable": 0.1290715114006408, "shortest_use": 14, "flat_use": 8, "flat_use_per_objective": 2.6666666666666665, "unavoidability": 0.19047619047619047, "barrier_score": 1.0114964698168634, "neighborhood": "Hottingen" }, "geometry": { "type": "LineString", "coordinates": [ [ 8.561405330913869, 47.369368835230567 ], [ 8.561378308413101, 47.369342710156026 ], [ 8.56097690841283, 47.368958110155994 ], [ 8.560976848115583, 47.368958052377614 ] ] } },
{ "type": "Feature", "properties": { "edge_id": 80076, "segment_id": "a2e5dfd7-4086-4c32-998f-a472c7bb80e4", "u": "09173585-103d-4a12-ae3c-b30dcde7ae4a", "v": "1d4eb9ae-04ec-48ba-812a-2f0c5859f003", "part": 0, "cls": "service", "subclass": null, "name": "Holbrigstrasse", "length_m": 75.046122878759959, "is_bridge": false, "is_tunnel": false, "is_covered": false, "is_structure": false, "walk_ok": true, "walk_oneway": false, "walk_restricted": false, "walk_sidepath": false, "under_at_m": [ ], "bike_ok": true, "bike_oneway": false, "bike_restricted": false, "bike_facility": "", "low_stress": false, "max_abs_grade": 0.13477407254988394, "elev_min": 516.29541015625, "elev_max": 525.18994140625, "cum_gain_fwd": 0.0, "cum_loss_fwd": 8.89453125, "net_change_fwd": -8.89453125, "avg_grade_fwd": -0.11852086805751468, "n_samples": 17, "d_abs_above_3": 75.046119689941406, "d_abs_above_5": 75.046119689941406, "d_abs_above_8": 75.046119689941406, "d_abs_above_10": 70.355737209320068, "d_abs_above_15": 0.0, "grade_reliable": true, "max_abs_grade_reliable": 0.13477407254988394, "shortest_use": 10, "flat_use": 14, "flat_use_per_objective": 4.666666666666667, "unavoidability": 0.46666666666666667, "barrier_score": 1.0114271609449501, "neighborhood": "Höngg" }, "geometry": { "type": "LineString", "coordinates": [ [ 8.497547308339243, 47.407607310186691 ], [ 8.497485708339189, 47.407559010186709 ], [ 8.497464408339196, 47.407496410186688 ], [ 8.497464108339258, 47.407281110186659 ], [ 8.497452708339287, 47.407159510186624 ], [ 8.497405108339299, 47.406968910186549 ], [ 8.497402328097202, 47.406952644337153 ] ] } },
{ "type": "Feature", "properties": { "edge_id": 67362, "segment_id": "cb1588e1-9798-42cb-a75d-3d4ead2a1cb1", "u": "9772d419-7bf9-4233-a23d-79c5e9e0237c", "v": "26e7002b-4d84-4ce1-aeb5-86d45a661673", "part": 1, "cls": "residential", "subclass": null, "name": "Hinterbergstrasse", "length_m": 24.05436172523433, "is_bridge": false, "is_tunnel": false, "is_covered": false, "is_structure": false, "walk_ok": true, "walk_oneway": true, "walk_restricted": false, "walk_sidepath": false, "under_at_m": [ ], "bike_ok": true, "bike_oneway": true, "bike_restricted": false, "bike_facility": "", "low_stress": true, "max_abs_grade": 0.20814167488012839, "elev_min": 558.30499267578125, "elev_max": 562.4468994140625, "cum_gain_fwd": 0.0, "cum_loss_fwd": 4.14190673828125, "net_change_fwd": -4.14190673828125, "avg_grade_fwd": -0.17218942873411569, "n_samples": 6, "d_abs_above_3": 24.054361343383789, "d_abs_above_5": 24.054361343383789, "d_abs_above_8": 24.054361343383789, "d_abs_above_10": 24.054361343383789, "d_abs_above_15": 14.432616233825684, "grade_reliable": true, "max_abs_grade_reliable": 0.20814167488012839, "shortest_use": 20, "flat_use": 9, "flat_use_per_objective": 3.0, "unavoidability": 0.15, "barrier_score": 1.0013430275325457, "neighborhood": "Fluntern" }, "geometry": { "type": "LineString", "coordinates": [ [ 8.557330566800841, 47.383096588434192 ], [ 8.557326408404903, 47.383092110161648 ], [ 8.557315308404895, 47.383077810161666 ], [ 8.557292908404886, 47.383032810161609 ], [ 8.557249405033129, 47.382888413925386 ] ] } },
{ "type": "Feature", "properties": { "edge_id": 59904, "segment_id": "f0e09eda-cfec-4445-867d-3157561c08fe", "u": "61a91964-22db-4f37-91a6-4fb2731488e2", "v": "de7dfafd-cf9d-4433-a122-58b48d70d949", "part": 0, "cls": "residential", "subclass": null, "name": "Dolderstrasse", "length_m": 47.360790570503497, "is_bridge": false, "is_tunnel": false, "is_covered": false, "is_structure": false, "walk_ok": true, "walk_oneway": false, "walk_restricted": false, "walk_sidepath": false, "under_at_m": [ ], "bike_ok": true, "bike_oneway": false, "bike_restricted": false, "bike_facility": "", "low_stress": true, "max_abs_grade": 0.13157910633977549, "elev_min": 539.404052734375, "elev_max": 545.48907470703125, "cum_gain_fwd": 0.0, "cum_loss_fwd": 6.08502197265625, "net_change_fwd": -6.08502197265625, "avg_grade_fwd": -0.12848227278705943, "n_samples": 11, "d_abs_above_3": 47.360790252685547, "d_abs_above_5": 47.360790252685547, "d_abs_above_8": 47.360790252685547, "d_abs_above_10": 47.360790252685547, "d_abs_above_15": 0.0, "grade_reliable": true, "max_abs_grade_reliable": 0.13157910633977549, "shortest_use": 16, "flat_use": 81, "flat_use_per_objective": 27.0, "unavoidability": 1.0, "barrier_score": 0.99707047980993846, "neighborhood": "Hottingen" }, "geometry": { "type": "LineString", "coordinates": [ [ 8.568560008418766, 47.373505510155312 ], [ 8.568517108418735, 47.373486910155279 ], [ 8.56802040841831, 47.373288810155401 ], [ 8.56802023873141, 47.373288742470912 ] ] } },
{ "type": "Feature", "properties": { "edge_id": 88091, "segment_id": "5b7f2966-9083-4715-9c66-65cdb92c8cd8", "u": "2d2fe38f-de98-4345-9af5-fdbe6133eb1c", "v": "501830d2-a173-4d9b-b116-6041779e91cb", "part": 3, "cls": "residential", "subclass": null, "name": "Käferholzstrasse", "length_m": 33.732849988677941, "is_bridge": false, "is_tunnel": false, "is_covered": false, "is_structure": false, "walk_ok": true, "walk_oneway": false, "walk_restricted": false, "walk_sidepath": false, "under_at_m": [ ], "bike_ok": true, "bike_oneway": false, "bike_restricted": false, "bike_facility": "", "low_stress": true, "max_abs_grade": 0.081825972768411567, "elev_min": 464.82489013671875, "elev_max": 467.38470458984375, "cum_gain_fwd": 0.0, "cum_loss_fwd": 2.559814453125, "net_change_fwd": -2.559814453125, "avg_grade_fwd": -0.07588491692284309, "n_samples": 8, "d_abs_above_3": 33.73284912109375, "d_abs_above_5": 33.73284912109375, "d_abs_above_8": 4.8189787864685059, "d_abs_above_10": 0.0, "d_abs_above_15": 0.0, "grade_reliable": true, "max_abs_grade_reliable": 0.081825972768411567, "shortest_use": 36, "flat_use": 0, "flat_use_per_objective": 0.0, "unavoidability": 0.0, "barrier_score": 0.99368037524681041, "neighborhood": "Affoltern" }, "geometry": { "type": "LineString", "coordinates": [ [ 8.523454258492531, 47.411692678960669 ], [ 8.523379308363042, 47.411831410180639 ], [ 8.523273308362894, 47.411969410180681 ] ] } },
{ "type": "Feature", "properties": { "edge_id": 12459, "segment_id": "ce4ba0ee-40e4-4794-9dae-d4b75fd85772", "u": "5a2a0c99-0c6e-4e04-8746-4a5f80a63a2b", "v": "4f8ea691-fca1-4620-a68d-7da22a267924", "part": 0, "cls": "secondary", "subclass": null, "name": "Butzenstrasse", "length_m": 30.885367891684407, "is_bridge": false, "is_tunnel": false, "is_covered": false, "is_structure": false, "walk_ok": true, "walk_oneway": false, "walk_restricted": false, "walk_sidepath": false, "under_at_m": [ ], "bike_ok": true, "bike_oneway": false, "bike_restricted": false, "bike_facility": "", "low_stress": false, "max_abs_grade": 0.080371389134213558, "elev_min": 440.57498168945312, "elev_max": 442.63531494140625, "cum_gain_fwd": 0.0, "cum_loss_fwd": 2.060333251953125, "net_change_fwd": -2.060333251953125, "avg_grade_fwd": -0.066709039335192094, "n_samples": 8, "d_abs_above_3": 30.885368347167969, "d_abs_above_5": 30.885368347167969, "d_abs_above_8": 4.4121952056884766, "d_abs_above_10": 0.0, "d_abs_above_15": 0.0, "grade_reliable": true, "max_abs_grade_reliable": 0.080371389134213558, "shortest_use": 40, "flat_use": 69, "flat_use_per_objective": 23.0, "unavoidability": 0.575, "barrier_score": 0.99291996855036502, "neighborhood": "Wollishofen" }, "geometry": { "type": "LineString", "coordinates": [ [ 8.52935680839056, 47.341529710156266 ], [ 8.529430908390642, 47.341518110156244 ], [ 8.529750808390974, 47.341456310156097 ], [ 8.529750882217842, 47.341456295913417 ] ] } },
{ "type": "Feature", "properties": { "edge_id": 96236, "segment_id": "69b1befb-8c34-45db-aea0-19e8d6724865", "u": "a3833ff9-5818-4bfc-9c1f-db966fca214f", "v": "40e7a6cd-0e22-479a-b454-d9815850c638", "part": 0, "cls": "residential", "subclass": null, "name": "Kirchenackerweg", "length_m": 43.537796656566549, "is_bridge": false, "is_tunnel": false, "is_covered": false, "is_structure": false, "walk_ok": true, "walk_oneway": true, "walk_restricted": false, "walk_sidepath": false, "under_at_m": [ ], "bike_ok": true, "bike_oneway": true, "bike_restricted": false, "bike_facility": "", "low_stress": true, "max_abs_grade": 0.094173291741916895, "elev_min": 432.84878540039062, "elev_max": 435.77719116210938, "cum_gain_fwd": 0.0, "cum_loss_fwd": 2.92840576171875, "net_change_fwd": -2.92840576171875, "avg_grade_fwd": -0.067261231145907555, "n_samples": 10, "d_abs_above_3": 43.537796020507812, "d_abs_above_5": 33.86273193359375, "d_abs_above_8": 14.512598991394043, "d_abs_above_10": 0.0, "d_abs_above_15": 0.0, "grade_reliable": true, "max_abs_grade_reliable": 0.094173291741916895, "shortest_use": 24, "flat_use": 0, "flat_use_per_objective": 0.0, "unavoidability": 0.0, "barrier_score": 0.98402343032138295, "neighborhood": "Oerlikon" }, "geometry": { "type": "LineString", "coordinates": [ [ 8.55184670839186, 47.407959310171137 ], [ 8.552122908392068, 47.40816331017114 ], [ 8.552234108392145, 47.408249410171145 ] ] } },
{ "type": "Feature", "properties": { "edge_id": 60483, "segment_id": "ddedaf91-ee3f-4cc5-a5c4-fa28ae633bab", "u": "6c08f41e-3797-4b44-a234-2752321723e8", "v": "762c1759-62c0-4e32-8609-7726f2f46f66", "part": 3, "cls": "residential", "subclass": null, "name": "Susenbergstrasse", "length_m": 46.021460916035103, "is_bridge": false, "is_tunnel": false, "is_covered": false, "is_structure": false, "walk_ok": true, "walk_oneway": false, "walk_restricted": false, "walk_sidepath": false, "under_at_m": [ ], "bike_ok": true, "bike_oneway": false, "bike_restricted": false, "bike_facility": "", "low_stress": true, "max_abs_grade": 0.1334455104958866, "elev_min": 554.520751953125, "elev_max": 560.12066650390625, "cum_gain_fwd": 0.0, "cum_loss_fwd": 5.59991455078125, "net_change_fwd": -5.59991455078125, "avg_grade_fwd": -0.12168050231054563, "n_samples": 11, "d_abs_above_3": 46.021461486816406, "d_abs_above_5": 46.021461486816406, "d_abs_above_8": 46.021461486816406, "d_abs_above_10": 46.021461486816406, "d_abs_above_15": 0.0, "grade_reliable": true, "max_abs_grade_reliable": 0.1334455104958866, "shortest_use": 16, "flat_use": 16, "flat_use_per_objective": 5.333333333333333, "unavoidability": 0.33333333333333331, "barrier_score": 0.98261717531308757, "neighborhood": "Fluntern" }, "geometry": { "type": "LineString", "coordinates": [ [ 8.566871090535212, 47.377760740789093 ], [ 8.566868508415812, 47.377749810157141 ], [ 8.566781508415851, 47.377351310157039 ] ] } },
{ "type": "Feature", "properties": { "edge_id": 48634, "segment_id": "29e3e915-22d6-4a79-a943-738c510cd141", "u": "d59d5af7-cd47-4f45-bc48-af0f267307f2", "v": "914064bc-7d8f-4875-9bf8-e019a9b62d57", "part": 0, "cls": "residential", "subclass": null, "name": "Zweierstrasse", "length_m": 38.527619655935766, "is_bridge": false, "is_tunnel": false, "is_covered": false, "is_structure": false, "walk_ok": true, "walk_oneway": true, "walk_restricted": false, "walk_sidepath": false, "under_at_m": [ ], "bike_ok": true, "bike_oneway": true, "bike_restricted": false, "bike_facility": "", "low_stress": true, "max_abs_grade": 0.11567138465535501, "elev_min": 418.86627197265625, "elev_max": 422.79470825195312, "cum_gain_fwd": 3.928436279296875, "cum_loss_fwd": -0.0, "net_change_fwd": 3.928436279296875, "avg_grade_fwd": 0.1019641608176967, "n_samples": 9, "d_abs_above_3": 38.527618408203125, "d_abs_above_5": 38.527618408203125, "d_abs_above_8": 33.711666107177734, "d_abs_above_10": 24.079761505126953, "d_abs_above_15": 0.0, "grade_reliable": true, "max_abs_grade_reliable": 0.11567138465535501, "shortest_use": 22, "flat_use": 0, "flat_use_per_objective": 0.0, "unavoidability": 0.0, "barrier_score": 0.98043948487693167, "neighborhood": "Alt-Wiedikon" }, "geometry": { "type": "LineString", "coordinates": [ [ 8.517034108370156, 47.368880210168712 ], [ 8.517037608370178, 47.368822610168685 ], [ 8.517100608370285, 47.368671310168629 ], [ 8.517154908370363, 47.368580210168581 ], [ 8.517185908370401, 47.368559210168563 ], [ 8.51719064748456, 47.368557567439318 ] ] } },
{ "type": "Feature", "properties": { "edge_id": 63840, "segment_id": "c66c6a3a-ba2f-4887-bd8c-66c2126a65ad", "u": "abffe69e-be43-4d54-890a-1e9f1c5555b4", "v": "b8fa3458-17b4-48fd-ae1e-f43e4bbd54d1", "part": 1, "cls": "pedestrian", "subclass": null, "name": "Ankengasse", "length_m": 69.466223436861071, "is_bridge": false, "is_tunnel": false, "is_covered": false, "is_structure": false, "walk_ok": true, "walk_oneway": false, "walk_restricted": false, "walk_sidepath": false, "under_at_m": [ ], "bike_ok": false, "bike_oneway": false, "bike_restricted": false, "bike_facility": "car_free_street", "low_stress": true, "max_abs_grade": 0.17379230813584731, "elev_min": 408.40264892578125, "elev_max": 417.27737426757812, "cum_gain_fwd": 8.874725341796875, "cum_loss_fwd": -0.0, "net_change_fwd": 8.874725341796875, "avg_grade_fwd": 0.12775597614385908, "n_samples": 15, "d_abs_above_3": 69.466224670410156, "d_abs_above_5": 64.504351615905762, "d_abs_above_8": 59.542478561401367, "d_abs_above_10": 54.580605506896973, "d_abs_above_15": 19.847490310668945, "grade_reliable": true, "max_abs_grade_reliable": 0.17379230813584731, "shortest_use": 8, "flat_use": 21, "flat_use_per_objective": 7.0, "unavoidability": 0.875, "barrier_score": 0.96581562468580617, "neighborhood": "Rathaus" }, "geometry": { "type": "LineString", "coordinates": [ [ 8.543124996478618, 47.371220994473944 ], [ 8.5431272083948, 47.371221610161932 ], [ 8.543169808394842, 47.37123361016193 ], [ 8.54351060839514, 47.371329810161839 ], [ 8.543954108395521, 47.371489810161791 ] ] } },
{ "type": "Feature", "properties": { "edge_id": 4198, "segment_id": "99e32af2-639e-4de1-a12e-42a115059fdd", "u": "f0ad1d72-e915-41cd-beae-4ce1f04b1b6b", "v": "3109f66a-8bbb-400e-b8dd-a29a13271918", "part": 1, "cls": "footway", "subclass": null, "name": null, "length_m": 39.37190177749298, "is_bridge": false, "is_tunnel": false, "is_covered": false, "is_structure": false, "walk_ok": true, "walk_oneway": false, "walk_restricted": false, "walk_sidepath": false, "under_at_m": [ ], "bike_ok": false, "bike_oneway": false, "bike_restricted": false, "bike_facility": "", "low_stress": false, "max_abs_grade": 0.12250467682345732, "elev_min": 490.23464965820312, "elev_max": 493.46337890625, "cum_gain_fwd": 0.0, "cum_loss_fwd": 3.228729248046875, "net_change_fwd": -3.228729248046875, "avg_grade_fwd": -0.082005924170156924, "n_samples": 9, "d_abs_above_3": 34.450414657592773, "d_abs_above_5": 29.528926849365234, "d_abs_above_8": 24.607439041137695, "d_abs_above_10": 19.685951232910156, "d_abs_above_15": 0.0, "grade_reliable": true, "max_abs_grade_reliable": 0.12250467682345732, "shortest_use": 20, "flat_use": 0, "flat_use_per_objective": 0.0, "unavoidability": 0.0, "barrier_score": 0.9646484206353364, "neighborhood": "Friesenberg" }, "geometry": { "type": "LineString", "coordinates": [ [ 8.507268963389208, 47.355933172690655 ], [ 8.507269108364625, 47.355933210167322 ], [ 8.507755527703662, 47.356059985444539 ] ] } },
{ "type": "Feature", "properties": { "edge_id": 60772, "segment_id": "eb3281ea-7c7b-46dc-810d-fd983fca5191", "u": "e47a9925-6753-48ca-b8c0-4814ada739ae", "v": "7e6c18ca-09e9-4210-b66c-be030c4ce7f1", "part": 5, "cls": "residential", "subclass": null, "name": "Zürichbergstrasse", "length_m": 22.405944961344574, "is_bridge": false, "is_tunnel": false, "is_covered": false, "is_structure": false, "walk_ok": true, "walk_oneway": false, "walk_restricted": false, "walk_sidepath": false, "under_at_m": [ ], "bike_ok": true, "bike_oneway": false, "bike_restricted": false, "bike_facility": "", "low_stress": true, "max_abs_grade": 0.17869839686886221, "elev_min": 552.274658203125, "elev_max": 555.28314208984375, "cum_gain_fwd": 0.0, "cum_loss_fwd": 3.00848388671875, "net_change_fwd": -3.00848388671875, "avg_grade_fwd": -0.13427168148101737, "n_samples": 6, "d_abs_above_3": 22.40594482421875, "d_abs_above_5": 22.40594482421875, "d_abs_above_8": 22.40594482421875, "d_abs_above_10": 17.924755096435547, "d_abs_above_15": 8.9623775482177734, "grade_reliable": true, "max_abs_grade_reliable": 0.17869839686886221, "shortest_use": 24, "flat_use": 54, "flat_use_per_objective": 18.0, "unavoidability": 0.75, "barrier_score": 0.96093754678181664, "neighborhood": "Fluntern" }, "geometry": { "type": "LineString", "coordinates": [ [ 8.563931256466683, 47.379007578698868 ], [ 8.563923708412569, 47.378997110158394 ], [ 8.563818708412519, 47.378845010158393 ], [ 8.563815008412513, 47.37883961015838 ], [ 8.563805057544702, 47.378825195349869 ] ] } },
{ "type": "Feature", "properties": { "edge_id": 74930, "segment_id": "386a736e-8482-476e-bb05-e6d366d1be78", "u": "9e4b0aa1-fe7e-4a98-aaeb-166a16b0a536", "v": "b0bd34fc-82b9-4f75-b0cf-0be7adeba058", "part": 1, "cls": "track", "subclass": null, "name": "Weibelackerweg", "length_m": 46.807599783856887, "is_bridge": false, "is_tunnel": false, "is_covered": false, "is_structure": false, "walk_ok": true, "walk_oneway": false, "walk_restricted": false, "walk_sidepath": false, "under_at_m": [ 3.6 ], "bike_ok": true, "bike_oneway": false, "bike_restricted": false, "bike_facility": "", "low_stress": false, "max_abs_grade": 0.085331038366531303, "elev_min": 467.28244018554688, "elev_max": 470.88836669921875, "cum_gain_fwd": 3.605926513671875, "cum_loss_fwd": -0.0, "net_change_fwd": 3.605926513671875, "avg_grade_fwd": 0.07703720461982648, "n_samples": 11, "d_abs_above_3": 46.807598114013672, "d_abs_above_5": 46.807598114013672, "d_abs_above_8": 18.723039627075195, "d_abs_above_10": 0.0, "d_abs_above_15": 0.0, "grade_reliable": true, "max_abs_grade_reliable": 0.085331038366531303, "shortest_use": 24, "flat_use": 0, "flat_use_per_objective": 0.0, "unavoidability": 0.0, "barrier_score": 0.95859386232036814, "neighborhood": "Hirzenbach" }, "geometry": { "type": "LineString", "coordinates": [ [ 8.583212828825284, 47.395746269345821 ], [ 8.583178908426007, 47.395723210158167 ], [ 8.583047208425906, 47.395631910158194 ], [ 8.582971508425874, 47.39550421015813 ], [ 8.582960508425888, 47.395438710158132 ], [ 8.582957575629594, 47.395381721900527 ] ] } },
{ "type": "Feature", "properties": { "edge_id": 3267, "segment_id": "bbbac89e-93fd-45aa-8059-8a4307059507", "u": "123e52ed-6848-4d71-8ee9-b53ea582ff15", "v": "7d85b604-e097-44c8-bfa0-3363acf442d3", "part": 0, "cls": "footway", "subclass": null, "name": null, "length_m": 66.394293250877396, "is_bridge": false, "is_tunnel": false, "is_covered": false, "is_structure": false, "walk_ok": true, "walk_oneway": false, "walk_restricted": false, "walk_sidepath": false, "under_at_m": [ ], "bike_ok": false, "bike_oneway": false, "bike_restricted": false, "bike_facility": "", "low_stress": false, "max_abs_grade": 0.18024385969445697, "elev_min": 504.3369140625, "elev_max": 512.1444091796875, "cum_gain_fwd": 0.0, "cum_loss_fwd": 7.8074951171875, "net_change_fwd": -7.8074951171875, "avg_grade_fwd": -0.11759286167443059, "n_samples": 15, "d_abs_above_3": 66.394294738769531, "d_abs_above_5": 66.394294738769531, "d_abs_above_8": 61.651844024658203, "d_abs_above_10": 42.682044982910156, "d_abs_above_15": 14.227348327636719, "grade_reliable": true, "max_abs_grade_reliable": 0.18024385969445697, "shortest_use": 8, "flat_use": 0, "flat_use_per_objective": 0.0, "unavoidability": 0.0, "barrier_score": 0.95737309417790217, "neighborhood": "Friesenberg" }, "geometry": { "type": "LineString", "coordinates": [ [ 8.50407390836159, 47.355674310168155 ], [ 8.504224008361708, 47.35577191016813 ], [ 8.504245908361716, 47.355829310168176 ], [ 8.504340408361792, 47.355878110168128 ], [ 8.50438740836182, 47.355926510168139 ], [ 8.504440308361866, 47.355946610168139 ], [ 8.504485908361909, 47.355952010168146 ], [ 8.504632708362044, 47.35597981016808 ], [ 8.504724708362122, 47.356012910168104 ], [ 8.504740780410097, 47.356010805927056 ] ] } },
{ "type": "Feature", "properties": { "edge_id": 40478, "segment_id": "a39d53a2-a53d-4641-87d9-c4d5f7c49e5e", "u": "aea1273b-024d-4eb3-ada8-227a3d358191", "v": "5d7ff05c-c11f-4278-af0b-dfe8c0f44631", "part": 2, "cls": "footway", "subclass": null, "name": null, "length_m": 20.293414766659367, "is_bridge": false, "is_tunnel": false, "is_covered": false, "is_structure": false, "walk_ok": true, "walk_oneway": false, "walk_restricted": false, "walk_sidepath": false, "under_at_m": [ ], "bike_ok": false, "bike_oneway": false, "bike_restricted": false, "bike_facility": "", "low_stress": false, "max_abs_grade": 0.1240348110095839, "elev_min": 462.63885498046875, "elev_max": 464.9945068359375, "cum_gain_fwd": 0.0, "cum_loss_fwd": 2.35565185546875, "net_change_fwd": -2.35565185546875, "avg_grade_fwd": -0.11607961732374375, "n_samples": 6, "d_abs_above_3": 20.293415069580078, "d_abs_above_5": 20.293415069580078, "d_abs_above_8": 20.293415069580078, "d_abs_above_10": 16.234731674194336, "d_abs_above_15": 0.0, "grade_reliable": true, "max_abs_grade_reliable": 0.1240348110095839, "shortest_use": 38, "flat_use": 8, "flat_use_per_objective": 2.6666666666666665, "unavoidability": 0.070175438596491224, "barrier_score": 0.95649414882224348, "neighborhood": "Wipkingen" }, "geometry": { "type": "LineString", "coordinates": [ [ 8.531597202193661, 47.397506959382923 ], [ 8.531462808375343, 47.3974713101737 ], [ 8.531425908375319, 47.397460510173751 ], [ 8.531374908375268, 47.397444810173717 ], [ 8.531349243147647, 47.397436637169207 ] ] } },
{ "type": "Feature", "properties": { "edge_id": 60553, "segment_id": "e2f52286-24c9-4480-9499-3d0feb34e617", "u": "c549042f-2e8a-4488-b30a-fc13ff6195c9", "v": "02bfeb74-916d-448f-b3a6-9d9f0d85cde2", "part": 3, "cls": "secondary", "subclass": null, "name": "Schneckenmannstrasse", "length_m": 34.715098573755959, "is_bridge": false, "is_tunnel": false, "is_covered": false, "is_structure": false, "walk_ok": true, "walk_oneway": true, "walk_restricted": false, "walk_sidepath": false, "under_at_m": [ ], "bike_ok": true, "bike_oneway": true, "bike_restricted": false, "bike_facility": "", "low_stress": false, "max_abs_grade": 0.11460475677584125, "elev_min": 515.03594970703125, "elev_max": 518.77899169921875, "cum_gain_fwd": 0.0, "cum_loss_fwd": 3.7430419921875, "net_change_fwd": -3.7430419921875, "avg_grade_fwd": -0.1078217278336944, "n_samples": 8, "d_abs_above_3": 34.715099334716797, "d_abs_above_5": 34.715099334716797, "d_abs_above_8": 34.715099334716797, "d_abs_above_10": 34.715099334716797, "d_abs_above_15": 0.0, "grade_reliable": true, "max_abs_grade_reliable": 0.11460475677584125, "shortest_use": 24, "flat_use": 0, "flat_use_per_objective": 0.0, "unavoidability": 0.0, "barrier_score": 0.95484370283871722, "neighborhood": "Fluntern" }, "geometry": { "type": "LineString", "coordinates": [ [ 8.56268876407889, 47.375509498884497 ], [ 8.562686808412455, 47.375509310157597 ], [ 8.562233663945044, 47.375465650396123 ] ] } },
{ "type": "Feature", "properties": { "edge_id": 67508, "segment_id": "c21213b7-dd91-4854-b9cc-25b29964fb0e", "u": "6e747f12-d658-415e-b8c2-f3c123496bc5", "v": "ddfb6ff1-d350-4223-a402-f79ba4f6ade5", "part": 1, "cls": "residential", "subclass": null, "name": "Schlösslistrasse", "length_m": 62.498135009390737, "is_bridge": false, "is_tunnel": false, "is_covered": false, "is_structure": false, "walk_ok": true, "walk_oneway": false, "walk_restricted": false, "walk_sidepath": false, "under_at_m": [ ], "bike_ok": true, "bike_oneway": false, "bike_restricted": false, "bike_facility": "", "low_stress": true, "max_abs_grade": 0.12716002777975596, "elev_min": 578.15142822265625, "elev_max": 584.46502685546875, "cum_gain_fwd": 6.3135986328125, "cum_loss_fwd": -0.0, "net_change_fwd": 6.3135986328125, "avg_grade_fwd": 0.10102059320496076, "n_samples": 14, "d_abs_above_3": 62.498134613037109, "d_abs_above_5": 57.690586090087891, "d_abs_above_8": 43.267940521240234, "d_abs_above_10": 38.460391998291016, "d_abs_above_15": 0.0, "grade_reliable": true, "max_abs_grade_reliable": 0.12716002777975596, "shortest_use": 12, "flat_use": 0, "flat_use_per_objective": 0.0, "unavoidability": 0.0, "barrier_score": 0.95367175007724769, "neighborhood": "Fluntern" }, "geometry": { "type": "LineString", "coordinates": [ [ 8.556895775400237, 47.384492924764899 ], [ 8.556899808404049, 47.384492610162212 ], [ 8.557051708404213, 47.384471510162193 ], [ 8.557172108404336, 47.384452510162134 ], [ 8.557276808404437, 47.384428210162056 ], [ 8.55756590840474, 47.384354610161978 ], [ 8.557636508404817, 47.38433141016192 ], [ 8.557670608404857, 47.384309310161932 ] ] } },
{ "type": "Feature", "properties": { "edge_id": 76265, "segment_id": "527e0f4c-0953-453e-bfa6-9ac2879a7ce5", "u": "0c447a16-d938-40d7-82ed-d9d2463d06d0", "v": "20a9734b-c6f8-484c-b092-04bb910daeec", "part": 0, "cls": "track", "subclass": null, "name": "Forsthausweg", "length_m": 209.61654288795671, "is_bridge": false, "is_tunnel": false, "is_covered": false, "is_structure": false, "walk_ok": true, "walk_oneway": false, "walk_restricted": false, "walk_sidepath": false, "under_at_m": [ ], "bike_ok": true, "bike_oneway": false, "bike_restricted": false, "bike_facility": "", "low_stress": false, "max_abs_grade": 0.11347621810143795, "elev_min": 627.23101806640625, "elev_max": 641.673095703125, "cum_gain_fwd": 0.0, "cum_loss_fwd": 14.44207763671875, "net_change_fwd": -14.44207763671875, "avg_grade_fwd": -0.068897603117904882, "n_samples": 43, "d_abs_above_3": 194.64392852783203, "d_abs_above_5": 114.79001617431641, "d_abs_above_8": 84.84478759765625, "d_abs_above_10": 64.881313323974609, "d_abs_above_15": 0.0, "grade_reliable": true, "max_abs_grade_reliable": 0.11347621810143795, "shortest_use": 4, "flat_use": 0, "flat_use_per_objective": 0.0, "unavoidability": 0.0, "barrier_score": 0.95145970153692783, "neighborhood": "Hottingen" }, "geometry": { "type": "LineString", "coordinates": [ [ 8.590482708439136, 47.376290410149856 ], [ 8.590478208439073, 47.376477210149879 ], [ 8.590475808439031, 47.376589110149943 ], [ 8.590503808438974, 47.376874910150015 ], [ 8.59050640843885, 47.377258310150125 ], [ 8.590491608438814, 47.377342110150153 ], [ 8.590438808438719, 47.377482010150231 ], [ 8.590414908438682, 47.37752521015026 ], [ 8.590359608438598, 47.377615710150252 ], [ 8.590286508438487, 47.377749210150341 ], [ 8.590167708438317, 47.377941310150447 ], [ 8.59004720843814, 47.378116110150494 ] ] } },
{ "type": "Feature", "properties": { "edge_id": 73648, "segment_id": "492cd080-c9b6-4dd5-992c-89fc41d74781", "u": "84d28928-08d5-4115-a542-54ca9ea51e36", "v": "ec55e4ad-acd5-4a8d-b8ce-3a207e83ff12", "part": 4, "cls": "track", "subclass": null, "name": "Hanslinweg", "length_m": 52.455180457532286, "is_bridge": false, "is_tunnel": false, "is_covered": false, "is_structure": false, "walk_ok": true, "walk_oneway": false, "walk_restricted": false, "walk_sidepath": false, "under_at_m": [ ], "bike_ok": true, "bike_oneway": false, "bike_restricted": false, "bike_facility": "", "low_stress": false, "max_abs_grade": 0.090413865581930666, "elev_min": 655.71588134765625, "elev_max": 658.80340576171875, "cum_gain_fwd": 3.0875244140625, "cum_loss_fwd": -0.0, "net_change_fwd": 3.0875244140625, "avg_grade_fwd": 0.058860237407088206, "n_samples": 12, "d_abs_above_3": 42.917873382568359, "d_abs_above_5": 33.380569458007812, "d_abs_above_8": 19.074610710144043, "d_abs_above_10": 0.0, "d_abs_above_15": 0.0, "grade_reliable": true, "max_abs_grade_reliable": 0.090413865581930666, "shortest_use": 20, "flat_use": 0, "flat_use_per_objective": 0.0, "unavoidability": 0.0, "barrier_score": 0.94853512699264808, "neighborhood": "Fluntern" }, "geometry": { "type": "LineString", "coordinates": [ [ 8.562903540366852, 47.387319749577564 ], [ 8.562881608408977, 47.387306610161332 ], [ 8.562746708408874, 47.387232210161365 ], [ 8.562640608408792, 47.387173710161392 ], [ 8.562488008408662, 47.387091510161426 ], [ 8.562364708408564, 47.387022010161445 ] ] } },
{ "type": "Feature", "properties": { "edge_id": 68568, "segment_id": "92b8516d-00a0-4e83-adca-cf82353bf9ad", "u": "f8236e0e-ecaa-46dd-bcbe-657d106d8b9e", "v": "ede24060-6a04-43c3-bd7b-5603691c97da", "part": 1, "cls": "residential", "subclass": null, "name": "Kinkelstrasse", "length_m": 44.244789650780916, "is_bridge": false, "is_tunnel": false, "is_covered": false, "is_structure": false, "walk_ok": true, "walk_oneway": false, "walk_restricted": false, "walk_sidepath": false, "under_at_m": [ ], "bike_ok": true, "bike_oneway": false, "bike_restricted": false, "bike_facility": "", "low_stress": true, "max_abs_grade": 0.097293211962539664, "elev_min": 463.86605834960938, "elev_max": 468.04971313476562, "cum_gain_fwd": 0.0, "cum_loss_fwd": 4.18365478515625, "net_change_fwd": -4.18365478515625, "avg_grade_fwd": -0.094557005876446498, "n_samples": 10, "d_abs_above_3": 44.244789123535156, "d_abs_above_5": 44.244789123535156, "d_abs_above_8": 44.244789123535156, "d_abs_above_10": 0.0, "d_abs_above_15": 0.0, "grade_reliable": true, "max_abs_grade_reliable": 0.097293211962539664, "shortest_use": 22, "flat_use": 37, "flat_use_per_objective": 12.333333333333334, "unavoidability": 0.56060606060606066, "barrier_score": 0.94703789350090983, "neighborhood": "Unterstrass" }, "geometry": { "type": "LineString", "coordinates": [ [ 8.54313862419343, 47.387311918559341 ], [ 8.543138608389832, 47.387311910167099 ], [ 8.542677222949843, 47.387066617908062 ] ] } },
{ "type": "Feature", "properties": { "edge_id": 4286, "segment_id": "0ea11a0f-e08b-4ac4-bb89-8b81f12ec648", "u": "efa170ce-31fb-4a83-a9bd-2446b2ab1288", "v": "3b06e8f1-67ad-46c7-b66d-3dd01b5140a3", "part": 5, "cls": "residential", "subclass": null, "name": "Bachtobelstrasse", "length_m": 43.834065307819699, "is_bridge": false, "is_tunnel": false, "is_covered": false, "is_structure": false, "walk_ok": true, "walk_oneway": false, "walk_restricted": false, "walk_sidepath": false, "under_at_m": [ ], "bike_ok": true, "bike_oneway": false, "bike_restricted": false, "bike_facility": "", "low_stress": true, "max_abs_grade": 0.08259030671386948, "elev_min": 483.412841796875, "elev_max": 486.9146728515625, "cum_gain_fwd": 3.5018310546875, "cum_loss_fwd": -0.0, "net_change_fwd": 3.5018310546875, "avg_grade_fwd": 0.079888349299533187, "n_samples": 10, "d_abs_above_3": 43.834064483642578, "d_abs_above_5": 43.834064483642578, "d_abs_above_8": 14.611355781555176, "d_abs_above_10": 0.0, "d_abs_above_15": 0.0, "grade_reliable": true, "max_abs_grade_reliable": 0.08259030671386948, "shortest_use": 26, "flat_use": 124, "flat_use_per_objective": 41.333333333333336, "unavoidability": 1.0, "barrier_score": 0.94126991355503975, "neighborhood": "Friesenberg" }, "geometry": { "type": "LineString", "coordinates": [ [ 8.507893062090558, 47.357131174734008 ], [ 8.507707608364708, 47.357053410167566 ], [ 8.507623608364634, 47.357022610167562 ], [ 8.50739570836444, 47.356928310167582 ] ] } },
{ "type": "Feature", "properties": { "edge_id": 57959, "segment_id": "d59c35f4-0be6-4e87-b6b8-632956d0e09e", "u": "9f5624ea-8f78-476a-9409-da932ac7ec94", "v": "126c05f2-0f68-456f-be90-e9cd9f74bfd8", "part": 0, "cls": "residential", "subclass": null, "name": "Weineggstrasse", "length_m": 22.566485817023956, "is_bridge": true, "is_tunnel": false, "is_covered": false, "is_structure": true, "walk_ok": true, "walk_oneway": false, "walk_restricted": false, "walk_sidepath": false, "under_at_m": [ ], "bike_ok": true, "bike_oneway": false, "bike_restricted": false, "bike_facility": "", "low_stress": true, "max_abs_grade": 0.086867609008702523, "elev_min": 426.88641357421875, "elev_max": 428.84649658203125, "cum_gain_fwd": 1.9600830078125, "cum_loss_fwd": -0.0, "net_change_fwd": 1.9600830078125, "avg_grade_fwd": 0.086858138952669597, "n_samples": 6, "d_abs_above_3": 22.566486358642578, "d_abs_above_5": 22.566486358642578, "d_abs_above_8": 22.566486358642578, "d_abs_above_10": 0.0, "d_abs_above_15": 0.0, "grade_reliable": true, "max_abs_grade_reliable": 0.086867609008702523, "shortest_use": 48, "flat_use": 12, "flat_use_per_objective": 4.0, "unavoidability": 0.083333333333333329, "barrier_score": 0.94094239999376073, "neighborhood": "Weinegg" }, "geometry": { "type": "LineString", "coordinates": [ [ 8.561707108416281, 47.360104110152974 ], [ 8.561733208416312, 47.360079110152938 ], [ 8.561787408416386, 47.360010910152887 ], [ 8.561821508416431, 47.359957810152871 ], [ 8.561827838314592, 47.359921187170762 ] ] } },
{ "type": "Feature", "properties": { "edge_id": 80226, "segment_id": "7d030ade-ad67-4689-9184-0b64f763d0d1", "u": "09173585-103d-4a12-ae3c-b30dcde7ae4a", "v": "bdfff780-4ec8-47a1-97e3-6beb7a1cfa65", "part": 0, "cls": "track", "subclass": null, "name": "Kappeliholzstrasse", "length_m": 105.66003246761883, "is_bridge": false, "is_tunnel": false, "is_covered": false, "is_structure": false, "walk_ok": true, "walk_oneway": false, "walk_restricted": false, "walk_sidepath": false, "under_at_m": [ ], "bike_ok": true, "bike_oneway": false, "bike_restricted": false, "bike_facility": "", "low_stress": false, "max_abs_grade": 0.088870073347516468, "elev_min": 520.6351318359375, "elev_max": 525.18994140625, "cum_gain_fwd": 0.0, "cum_loss_fwd": 4.5548095703125, "net_change_fwd": -4.5548095703125, "avg_grade_fwd": -0.043108159160411615, "n_samples": 23, "d_abs_above_3": 72.040931701660156, "d_abs_above_5": 38.421829223632812, "d_abs_above_8": 4.8027286529541016, "d_abs_above_10": 0.0, "d_abs_above_15": 0.0, "grade_reliable": true, "max_abs_grade_reliable": 0.088870073347516468, "shortest_use": 10, "flat_use": 14, "flat_use_per_objective": 4.666666666666667, "unavoidability": 0.46666666666666667, "barrier_score": 0.93900148352982571, "neighborhood": "Höngg" }, "geometry": { "type": "LineString", "coordinates": [ [ 8.497547308339243, 47.407607310186691 ], [ 8.497796708339422, 47.407806810186727 ], [ 8.498262508339771, 47.408135310186694 ], [ 8.498458308339902, 47.408326310186716 ] ] } },
{ "type": "Feature", "properties": { "edge_id": 3716, "segment_id": "d51870b2-5191-46c3-bc63-d0c0b11e24ef", "u": "572ac581-b5ce-43e1-8de8-042b04dbfd53", "v": "213c893e-852d-4e00-82f2-b6369aa95ae2", "part": 0, "cls": "residential", "subclass": null, "name": "Stotzstrasse", "length_m": 13.749040237310194, "is_bridge": false, "is_tunnel": false, "is_covered": false, "is_structure": false, "walk_ok": true, "walk_oneway": false, "walk_restricted": false, "walk_sidepath": false, "under_at_m": [ ], "bike_ok": true, "bike_oneway": false, "bike_restricted": false, "bike_facility": "", "low_stress": true, "max_abs_grade": 0.10309224290302349, "elev_min": 476.7174072265625, "elev_max": 478.03866577148438, "cum_gain_fwd": 1.321258544921875, "cum_loss_fwd": -0.0, "net_change_fwd": 1.321258544921875, "avg_grade_fwd": 0.096098235725065706, "n_samples": 4, "d_abs_above_3": 13.749040603637695, "d_abs_above_5": 13.749040603637695, "d_abs_above_8": 13.749040603637695, "d_abs_above_10": 4.5830135345458984, "d_abs_above_15": 0.0, "grade_reliable": false, "max_abs_grade_reliable": null, "shortest_use": 66, "flat_use": 198, "flat_use_per_objective": 66.0, "unavoidability": 1.0, "barrier_score": 0.93549680124662926, "neighborhood": "Leimbach" }, "geometry": { "type": "LineString", "coordinates": [ [ 8.51342140837818, 47.331284710157476 ], [ 8.513266608378009, 47.331349210157562 ], [ 8.513266320574802, 47.331349330103372 ] ] } },
{ "type": "Feature", "properties": { "edge_id": 66398, "segment_id": "30bdecaf-3e38-4f8a-854d-952d0dbfdf6a", "u": "eaaa1f80-7940-4c42-b857-b7afcd99eb25", "v": "75c30130-ea28-4fce-acf9-a23a0a10d2a0", "part": 6, "cls": "footway", "subclass": null, "name": null, "length_m": 36.679400915868186, "is_bridge": false, "is_tunnel": false, "is_covered": false, "is_structure": false, "walk_ok": true, "walk_oneway": false, "walk_restricted": false, "walk_sidepath": false, "under_at_m": [ ], "bike_ok": false, "bike_oneway": false, "bike_restricted": false, "bike_facility": "", "low_stress": false, "max_abs_grade": 0.11485043401716101, "elev_min": 423.2122802734375, "elev_max": 426.27252197265625, "cum_gain_fwd": 0.0, "cum_loss_fwd": 3.06024169921875, "net_change_fwd": -3.06024169921875, "avg_grade_fwd": -0.083432160357181304, "n_samples": 9, "d_abs_above_3": 36.679401397705078, "d_abs_above_5": 36.679401397705078, "d_abs_above_8": 18.339700698852539, "d_abs_above_10": 9.1698513031005859, "d_abs_above_15": 0.0, "grade_reliable": true, "max_abs_grade_reliable": 0.11485043401716101, "shortest_use": 22, "flat_use": 35, "flat_use_per_objective": 11.666666666666666, "unavoidability": 0.53030303030303028, "barrier_score": 0.92678192522892122, "neighborhood": "Unterstrass" }, "geometry": { "type": "LineString", "coordinates": [ [ 8.536465891049428, 47.387140048579482 ], [ 8.53601200838299, 47.387041810169038 ], [ 8.536003058541747, 47.38703987103677 ] ] } },
{ "type": "Feature", "properties": { "edge_id": 72527, "segment_id": "7bb99280-b790-4746-8213-edd3240a48b0", "u": "9857d35b-271a-47fa-aa11-34a19ea3e12e", "v": "7e4bad5a-653a-425d-bf0d-df2388fadd75", "part": 0, "cls": "path", "subclass": null, "name": "Unterholzweg", "length_m": 19.564991846134959, "is_bridge": false, "is_tunnel": false, "is_covered": false, "is_structure": false, "walk_ok": true, "walk_oneway": false, "walk_restricted": false, "walk_sidepath": false, "under_at_m": [ ], "bike_ok": true, "bike_oneway": false, "bike_restricted": false, "bike_facility": "shared_path", "low_stress": true, "max_abs_grade": 0.26216584825628381, "elev_min": 502.64077758789062, "elev_max": 507.37661743164062, "cum_gain_fwd": 0.0, "cum_loss_fwd": 4.73583984375, "net_change_fwd": -4.73583984375, "avg_grade_fwd": -0.24205683735811864, "n_samples": 5, "d_abs_above_3": 19.564990997314453, "d_abs_above_5": 19.564990997314453, "d_abs_above_8": 19.564990997314453, "d_abs_above_10": 19.564990997314453, "d_abs_above_15": 19.564990997314453, "grade_reliable": true, "max_abs_grade_reliable": 0.26216584825628381, "shortest_use": 18, "flat_use": 0, "flat_use_per_objective": 0.0, "unavoidability": 0.0, "barrier_score": 0.92326908302446453, "neighborhood": "Schwamendingen-Mitte" }, "geometry": { "type": "LineString", "coordinates": [ [ 8.562771708404457, 47.4014784101659 ], [ 8.562874508404544, 47.401522410165924 ], [ 8.562957312798149, 47.401597074997127 ] ] } },
{ "type": "Feature", "properties": { "edge_id": 90346, "segment_id": "7baf9167-d7f9-4b8c-8991-fca3f13d6f35", "u": "0cc8ec31-8cde-45b3-9612-236bccb9972f", "v": "fd931bbb-577d-4f1d-985b-c8588c3cd32e", "part": 1, "cls": "residential", "subclass": null, "name": "Venusstrasse", "length_m": 74.430054408752994, "is_bridge": false, "is_tunnel": false, "is_covered": false, "is_structure": false, "walk_ok": true, "walk_oneway": true, "walk_restricted": false, "walk_sidepath": false, "under_at_m": [ ], "bike_ok": true, "bike_oneway": true, "bike_restricted": false, "bike_facility": "", "low_stress": true, "max_abs_grade": 0.12373698740504582, "elev_min": 451.031005859375, "elev_max": 458.58511352539062, "cum_gain_fwd": 0.0, "cum_loss_fwd": 7.554107666015625, "net_change_fwd": -7.554107666015625, "avg_grade_fwd": -0.10149270743983822, "n_samples": 16, "d_abs_above_3": 74.4300537109375, "d_abs_above_5": 74.4300537109375, "d_abs_above_8": 64.506044387817383, "d_abs_above_10": 44.65803337097168, "d_abs_above_15": 0.0, "grade_reliable": true, "max_abs_grade_reliable": 0.12373698740504582, "shortest_use": 10, "flat_use": 0, "flat_use_per_objective": 0.0, "unavoidability": 0.0, "barrier_score": 0.92097507049327443, "neighborhood": "Oerlikon" }, "geometry": { "type": "LineString", "coordinates": [ [ 8.544145188645757, 47.407569465196794 ], [ 8.544252208384577, 47.407712810173237 ], [ 8.544287808384603, 47.407740010173271 ], [ 8.544337608384645, 47.407760010173234 ], [ 8.544732308384997, 47.407847310173146 ], [ 8.544753108385013, 47.407860010173181 ], [ 8.544848966363963, 47.407975156647794 ] ] } },
{ "type": "Feature", "properties": { "edge_id": 61048, "segment_id": "37a19e48-ed02-430f-9c70-fb3c6262e30c", "u": "3aa3c733-d382-4933-a3cd-974d728713ce", "v": "f8fda546-4787-4b13-adaf-3ab12c80aefc", "part": 1, "cls": "residential", "subclass": null, "name": "Haldenbachstrasse", "length_m": 51.853822209885649, "is_bridge": false, "is_tunnel": false, "is_covered": false, "is_structure": false, "walk_ok": true, "walk_oneway": true, "walk_restricted": false, "walk_sidepath": false, "under_at_m": [ ], "bike_ok": true, "bike_oneway": true, "bike_restricted": false, "bike_facility": "", "low_stress": true, "max_abs_grade": 0.14749348114726954, "elev_min": 484.9857177734375, "elev_max": 491.90545654296875, "cum_gain_fwd": 0.0, "cum_loss_fwd": 6.91973876953125, "net_change_fwd": -6.91973876953125, "avg_grade_fwd": -0.13344703751178533, "n_samples": 12, "d_abs_above_3": 51.85382080078125, "d_abs_above_5": 51.85382080078125, "d_abs_above_8": 51.85382080078125, "d_abs_above_10": 51.85382080078125, "d_abs_above_15": 0.0, "grade_reliable": true, "max_abs_grade_reliable": 0.14749348114726954, "shortest_use": 12, "flat_use": 2, "flat_use_per_objective": 0.66666666666666663, "unavoidability": 0.055555555555555552, "barrier_score": 0.91777208982331615, "neighborhood": "Oberstrass" }, "geometry": { "type": "LineString", "coordinates": [ [ 8.55045098013483, 47.381056172222415 ], [ 8.550450708398865, 47.381056110162994 ], [ 8.549804371525196, 47.380899225485841 ] ] } },
{ "type": "Feature", "properties": { "edge_id": 59591, "segment_id": "22967fe6-9417-4134-b293-5c07061d3cad", "u": "4db3148a-19d3-4a1e-9595-250ffa6e0799", "v": "1930a935-0c74-4f29-8d25-c32c62fa4d04", "part": 4, "cls": "residential", "subclass": null, "name": "Rütistrasse", "length_m": 44.796444160662503, "is_bridge": false, "is_tunnel": false, "is_covered": false, "is_structure": false, "walk_ok": true, "walk_oneway": true, "walk_restricted": false, "walk_sidepath": false, "under_at_m": [ ], "bike_ok": true, "bike_oneway": true, "bike_restricted": false, "bike_facility": "", "low_stress": true, "max_abs_grade": 0.14624257831330842, "elev_min": 474.0447998046875, "elev_max": 479.34664916992188, "cum_gain_fwd": 5.301849365234375, "cum_loss_fwd": -0.0, "net_change_fwd": 5.301849365234375, "avg_grade_fwd": 0.11835424643146339, "n_samples": 10, "d_abs_above_3": 44.796443939208984, "d_abs_above_5": 44.796443939208984, "d_abs_above_8": 44.796443939208984, "d_abs_above_10": 39.819061279296875, "d_abs_above_15": 0.0, "grade_reliable": true, "max_abs_grade_reliable": 0.14624257831330842, "shortest_use": 14, "flat_use": 8, "flat_use_per_objective": 2.6666666666666665, "unavoidability": 0.19047619047619047, "barrier_score": 0.91716064906528072, "neighborhood": "Hottingen" }, "geometry": { "type": "LineString", "coordinates": [ [ 8.562488899849557, 47.370292987949682 ], [ 8.562578308413949, 47.370347010156017 ], [ 8.562673108414028, 47.370393010156 ], [ 8.562722208414071, 47.370416810155994 ], [ 8.562941708414254, 47.370509910155938 ], [ 8.562968608414277, 47.370519310155963 ], [ 8.562975363160623, 47.370521668210657 ] ] } },
{ "type": "Feature", "properties": { "edge_id": 72234, "segment_id": "8b235d57-2c70-49af-9ce7-51bcc13ac33f", "u": "ac155c4b-3ce5-4087-9a12-3fcf76bbc8ae", "v": "290d0de2-4a35-46ac-bcaa-f5e0ced159e2", "part": 2, "cls": "service", "subclass": null, "name": "Strickhofstrasse", "length_m": 50.533683064367899, "is_bridge": false, "is_tunnel": false, "is_covered": false, "is_structure": false, "walk_ok": true, "walk_oneway": false, "walk_restricted": false, "walk_sidepath": false, "under_at_m": [ ], "bike_ok": true, "bike_oneway": false, "bike_restricted": false, "bike_facility": "", "low_stress": false, "max_abs_grade": 0.10042830499833096, "elev_min": 518.901123046875, "elev_max": 521.9210205078125, "cum_gain_fwd": 3.0198974609375, "cum_loss_fwd": -0.0, "net_change_fwd": 3.0198974609375, "avg_grade_fwd": 0.059760089414273403, "n_samples": 12, "d_abs_above_3": 41.345741271972656, "d_abs_above_5": 32.157798767089844, "d_abs_above_8": 9.1879425048828125, "d_abs_above_10": 4.5939712524414062, "d_abs_above_15": 0.0, "grade_reliable": true, "max_abs_grade_reliable": 0.10042830499833096, "shortest_use": 18, "flat_use": 0, "flat_use_per_objective": 0.0, "unavoidability": 0.0, "barrier_score": 0.91350218438591968, "neighborhood": "Oberstrass" }, "geometry": { "type": "LineString", "coordinates": [ [ 8.551789074121453, 47.394953266260096 ], [ 8.55180660839587, 47.394949710166983 ], [ 8.551939508395975, 47.39501651016699 ], [ 8.552273489975763, 47.395255972331277 ] ] } },
{ "type": "Feature", "properties": { "edge_id": 67509, "segment_id": "b17bf6d6-0dc3-47cb-8da7-e9cd43aeccc8", "u": "ddfb6ff1-d350-4223-a402-f79ba4f6ade5", "v": "515c784b-c7bd-4482-80f0-01786ddc8b20", "part": 0, "cls": "residential", "subclass": null, "name": "Hinterbergstrasse", "length_m": 13.768133783630423, "is_bridge": false, "is_tunnel": false, "is_covered": false, "is_structure": false, "walk_ok": true, "walk_oneway": false, "walk_restricted": false, "walk_sidepath": false, "under_at_m": [ ], "bike_ok": true, "bike_oneway": false, "bike_restricted": false, "bike_facility": "", "low_stress": true, "max_abs_grade": 0.20668321242296972, "elev_min": 584.46502685546875, "elev_max": 587.168212890625, "cum_gain_fwd": 2.70318603515625, "cum_loss_fwd": -0.0, "net_change_fwd": 2.70318603515625, "avg_grade_fwd": 0.19633641074092251, "n_samples": 4, "d_abs_above_3": 13.768134117126465, "d_abs_above_5": 13.768134117126465, "d_abs_above_8": 13.768134117126465, "d_abs_above_10": 13.768134117126465, "d_abs_above_15": 13.768134117126465, "grade_reliable": false, "max_abs_grade_reliable": null, "shortest_use": 32, "flat_use": 9, "flat_use_per_objective": 3.0, "unavoidability": 0.09375, "barrier_score": 0.91060547823038496, "neighborhood": "Fluntern" }, "geometry": { "type": "LineString", "coordinates": [ [ 8.557670608404857, 47.384309310161932 ], [ 8.557696008404877, 47.384323710161887 ], [ 8.557733008404906, 47.384343810161916 ], [ 8.557769308404941, 47.384360910161909 ], [ 8.557788508404952, 47.384368410161883 ], [ 8.557816808404977, 47.384383010161891 ] ] } },
{ "type": "Feature", "properties": { "edge_id": 65242, "segment_id": "6be3210e-7486-4b38-843d-e2eb8ef447fc", "u": "479b3300-bc62-48be-a163-c873cf65eed1", "v": "0b57e4ce-54e7-476f-a6b2-e8fd1cc86665", "part": 0, "cls": "tertiary", "subclass": null, "name": "Bahnhofbrücke", "length_m": 11.462258558743734, "is_bridge": true, "is_tunnel": false, "is_covered": false, "is_structure": true, "walk_ok": true, "walk_oneway": true, "walk_restricted": false, "walk_sidepath": false, "under_at_m": [ ], "bike_ok": true, "bike_oneway": true, "bike_restricted": false, "bike_facility": "", "low_stress": false, "max_abs_grade": 0.22044207575999047, "elev_min": 406.47283935546875, "elev_max": 408.99957275390625, "cum_gain_fwd": 0.0, "cum_loss_fwd": 2.5267333984375, "net_change_fwd": -2.5267333984375, "avg_grade_fwd": -0.22043940414919683, "n_samples": 4, "d_abs_above_3": 11.462258338928223, "d_abs_above_5": 11.462258338928223, "d_abs_above_8": 11.462258338928223, "d_abs_above_10": 11.462258338928223, "d_abs_above_15": 11.462258338928223, "grade_reliable": false, "max_abs_grade_reliable": null, "shortest_use": 36, "flat_use": 8, "flat_use_per_objective": 2.6666666666666665, "unavoidability": 0.07407407407407407, "barrier_score": 0.9096350650513868, "neighborhood": "Hochschulen" }, "geometry": { "type": "LineString", "coordinates": [ [ 8.543328308393228, 47.376942510163708 ], [ 8.543176664653025, 47.376938248280865 ] ] } },
{ "type": "Feature", "properties": { "edge_id": 68879, "segment_id": "47a06bae-f0b4-4607-b960-b94f8208a0d2", "u": "52ae8e01-0b06-46e1-abfd-fbaa37b48f7f", "v": "7226806e-4acb-454c-9dc4-14ee1a1db038", "part": 1, "cls": "residential", "subclass": null, "name": "Kronenstrasse", "length_m": 42.423849021929399, "is_bridge": false, "is_tunnel": false, "is_covered": false, "is_structure": false, "walk_ok": true, "walk_oneway": true, "walk_restricted": false, "walk_sidepath": false, "under_at_m": [ ], "bike_ok": true, "bike_oneway": true, "bike_restricted": false, "bike_facility": "", "low_stress": true, "max_abs_grade": 0.097312865865032697, "elev_min": 440.7052001953125, "elev_max": 444.28286743164062, "cum_gain_fwd": 0.0, "cum_loss_fwd": 3.577667236328125, "net_change_fwd": -3.577667236328125, "avg_grade_fwd": -0.084331513348835915, "n_samples": 10, "d_abs_above_3": 42.423847198486328, "d_abs_above_5": 42.423847198486328, "d_abs_above_8": 28.282564163208008, "d_abs_above_10": 0.0, "d_abs_above_15": 0.0, "grade_reliable": true, "max_abs_grade_reliable": 0.097312865865032697, "shortest_use": 22, "flat_use": 35, "flat_use_per_objective": 11.666666666666666, "unavoidability": 0.53030303030303028, "barrier_score": 0.90824499245687107, "neighborhood": "Unterstrass" }, "geometry": { "type": "LineString", "coordinates": [ [ 8.539248415335114, 47.387974747194981 ], [ 8.539248308385851, 47.387974710168407 ], [ 8.538747718139248, 47.387801624727459 ] ] } },
{ "type": "Feature", "properties": { "edge_id": 85951, "segment_id": "47dff3a7-dd9c-4029-b418-5cc5a302b26f", "u": "09e90a6f-9d01-4eff-a083-7963ff1f039f", "v": "9465fa96-f3b2-429b-b34d-5192770cb716", "part": 2, "cls": "footway", "subclass": null, "name": null, "length_m": 131.89393199772886, "is_bridge": false, "is_tunnel": false, "is_covered": false, "is_structure": false, "walk_ok": true, "walk_oneway": false, "walk_restricted": false, "walk_sidepath": false, "under_at_m": [ ], "bike_ok": false, "bike_oneway": false, "bike_restricted": false, "bike_facility": "", "low_stress": false, "max_abs_grade": 0.11430588396987577, "elev_min": 491.35211181640625, "elev_max": 501.567138671875, "cum_gain_fwd": 10.21502685546875, "cum_loss_fwd": -0.0, "net_change_fwd": 10.21502685546875, "avg_grade_fwd": 0.077448798277517036, "n_samples": 28, "d_abs_above_3": 131.89393615722656, "d_abs_above_5": 117.23905372619629, "d_abs_above_8": 53.734565734863281, "d_abs_above_10": 34.194725036621094, "d_abs_above_15": 0.0, "grade_reliable": true, "max_abs_grade_reliable": 0.11430588396987577, "shortest_use": 6, "flat_use": 0, "flat_use_per_objective": 0.0, "unavoidability": 0.0, "barrier_score": 0.90457514923578475, "neighborhood": "Affoltern" }, "geometry": { "type": "LineString", "coordinates": [ [ 8.505145567073116, 47.416629733704227 ], [ 8.505138408343877, 47.416474710187366 ], [ 8.504910608343755, 47.416164310187348 ], [ 8.50445350834339, 47.41588671018733 ], [ 8.504428508343375, 47.415872310187339 ], [ 8.504254208343244, 47.41575781018738 ], [ 8.504234808343252, 47.41567771018736 ] ] } },
{ "type": "Feature", "properties": { "edge_id": 72636, "segment_id": "738d2282-82f1-4731-86f6-4c87dd64fe7f", "u": "82107632-b8f6-4afc-83d1-fd8e006d3ffa", "v": "ce2e2de7-60f9-4dc7-90f2-aaeeb7195ed1", "part": 0, "cls": "footway", "subclass": null, "name": null, "length_m": 106.10979428093879, "is_bridge": false, "is_tunnel": false, "is_covered": false, "is_structure": false, "walk_ok": true, "walk_oneway": false, "walk_restricted": false, "walk_sidepath": false, "under_at_m": [ ], "bike_ok": false, "bike_oneway": false, "bike_restricted": false, "bike_facility": "", "low_stress": false, "max_abs_grade": 0.14128820294123695, "elev_min": 446.64883422851562, "elev_max": 458.92568969726562, "cum_gain_fwd": 12.27685546875, "cum_loss_fwd": -0.0, "net_change_fwd": 12.27685546875, "avg_grade_fwd": 0.11569954982099181, "n_samples": 23, "d_abs_above_3": 106.10979461669922, "d_abs_above_5": 106.10979461669922, "d_abs_above_8": 106.10979461669922, "d_abs_above_10": 91.640275955200195, "d_abs_above_15": 0.0, "grade_reliable": true, "max_abs_grade_reliable": 0.14128820294123695, "shortest_use": 6, "flat_use": 0, "flat_use_per_objective": 0.0, "unavoidability": 0.0, "barrier_score": 0.89952372890509091, "neighborhood": "Schwamendingen-Mitte" }, "geometry": { "type": "LineString", "coordinates": [ [ 8.568688908409818, 47.402666710164574 ], [ 8.568689708409828, 47.402645110164606 ], [ 8.568686408409832, 47.402623910164579 ], [ 8.568579508409751, 47.402528710164553 ], [ 8.568223008409534, 47.402139510164567 ], [ 8.56809530840945, 47.402024110164533 ], [ 8.567922008409326, 47.401876110164551 ] ] } },
{ "type": "Feature", "properties": { "edge_id": 60454, "segment_id": "91bcef5c-9b1a-4d47-b0e1-a0eed8659250", "u": "9e07d19c-5818-44e5-bb05-a94b00bbc4c3", "v": "acb2cf0c-9b02-4c43-a9e5-ba2c97e98bc9", "part": 1, "cls": "footway", "subclass": null, "name": null, "length_m": 60.782884121775645, "is_bridge": true, "is_tunnel": false, "is_covered": false, "is_structure": true, "walk_ok": true, "walk_oneway": false, "walk_restricted": false, "walk_sidepath": false, "under_at_m": [ ], "bike_ok": false, "bike_oneway": false, "bike_restricted": false, "bike_facility": "", "low_stress": false, "max_abs_grade": 0.092382852974915192, "elev_min": 534.546630859375, "elev_max": 540.1607666015625, "cum_gain_fwd": 5.6141357421875, "cum_loss_fwd": -0.0, "net_change_fwd": 5.6141357421875, "avg_grade_fwd": 0.092363762521441753, "n_samples": 14, "d_abs_above_3": 60.782882690429688, "d_abs_above_5": 60.782882690429688, "d_abs_above_8": 60.782882690429688, "d_abs_above_10": 0.0, "d_abs_above_15": 0.0, "grade_reliable": true, "max_abs_grade_reliable": 0.092382852974915192, "shortest_use": 16, "flat_use": 16, "flat_use_per_objective": 5.333333333333333, "unavoidability": 0.33333333333333331, "barrier_score": 0.898447399554129, "neighborhood": "Hottingen" }, "geometry": { "type": "LineString", "coordinates": [ [ 8.565738886853708, 47.37595561206404 ], [ 8.56574150841527, 47.375956310156859 ], [ 8.565757408415294, 47.375960610156916 ], [ 8.565803708415331, 47.375972910156882 ], [ 8.565823008415348, 47.37598221015687 ], [ 8.565856008415381, 47.375991510156901 ], [ 8.565905208415426, 47.375994210156875 ], [ 8.566492508415998, 47.375983810156704 ], [ 8.566531391952319, 47.375985048298084 ] ] } },
{ "type": "Feature", "properties": { "edge_id": 80079, "segment_id": "a2e5dfd7-4086-4c32-998f-a472c7bb80e4", "u": "78276951-486f-4481-a88a-d8a395741332", "v": "8140fcab-9106-4d99-8172-ae9156bcbab7", "part": 3, "cls": "service", "subclass": null, "name": "Holbrigstrasse", "length_m": 47.801101967632221, "is_bridge": false, "is_tunnel": false, "is_covered": false, "is_structure": false, "walk_ok": true, "walk_oneway": false, "walk_restricted": false, "walk_sidepath": false, "under_at_m": [ ], "bike_ok": true, "bike_oneway": false, "bike_restricted": false, "bike_facility": "", "low_stress": false, "max_abs_grade": 0.15555309051239469, "elev_min": 502.46243286132812, "elev_max": 509.19503784179688, "cum_gain_fwd": 0.0, "cum_loss_fwd": 6.73260498046875, "net_change_fwd": -6.73260498046875, "avg_grade_fwd": -0.14084623038389016, "n_samples": 11, "d_abs_above_3": 47.801101684570312, "d_abs_above_5": 47.801101684570312, "d_abs_above_8": 47.801101684570312, "d_abs_above_10": 47.801101684570312, "d_abs_above_15": 19.120441436767578, "grade_reliable": true, "max_abs_grade_reliable": 0.15555309051239469, "shortest_use": 12, "flat_use": 0, "flat_use_per_objective": 0.0, "unavoidability": 0.0, "barrier_score": 0.89227309691559631, "neighborhood": "Höngg" }, "geometry": { "type": "LineString", "coordinates": [ [ 8.49738714003953, 47.406513067092156 ], [ 8.497431308339522, 47.406326310186358 ], [ 8.497473508339619, 47.40614291018629 ], [ 8.497474639036549, 47.40608775730378 ] ] } },
{ "type": "Feature", "properties": { "edge_id": 67842, "segment_id": "e3d6b631-7775-49e6-9c6a-07e92bc5a168", "u": "bf31bb81-db12-461f-abfd-53b2a0a26fcd", "v": "16ee0962-7e73-48b3-a26f-6cc37059e2f5", "part": 0, "cls": "path", "subclass": null, "name": null, "length_m": 109.98561006203633, "is_bridge": false, "is_tunnel": false, "is_covered": false, "is_structure": false, "walk_ok": true, "walk_oneway": true, "walk_restricted": false, "walk_sidepath": false, "under_at_m": [ ], "bike_ok": true, "bike_oneway": true, "bike_restricted": false, "bike_facility": "shared_path", "low_stress": true, "max_abs_grade": 0.10086162429762206, "elev_min": 481.33792114257812, "elev_max": 487.56411743164062, "cum_gain_fwd": 6.2261962890625, "cum_loss_fwd": -0.0, "net_change_fwd": 6.2261962890625, "avg_grade_fwd": 0.056609189462233513, "n_samples": 23, "d_abs_above_3": 84.988883972167969, "d_abs_above_5": 69.9908447265625, "d_abs_above_8": 24.996734619140625, "d_abs_above_10": 4.9993438720703125, "d_abs_above_15": 0.0, "grade_reliable": true, "max_abs_grade_reliable": 0.10086162429762206, "shortest_use": 8, "flat_use": 0, "flat_use_per_objective": 0.0, "unavoidability": 0.0, "barrier_score": 0.88746618241774955, "neighborhood": "Oberstrass" }, "geometry": { "type": "LineString", "coordinates": [ [ 8.546087908392785, 47.387028810166143 ], [ 8.547276708394035, 47.386698210165676 ], [ 8.547445456026656, 47.386675601593396 ] ] } },
{ "type": "Feature", "properties": { "edge_id": 39201, "segment_id": "20f880a1-b246-40ac-b491-43a7d190b22b", "u": "dd5208ec-5ef8-4bd2-8912-3f58f98c5920", "v": "91e3bd29-6371-4eb0-b163-b50fbb9915aa", "part": 0, "cls": "steps", "subclass": null, "name": "Corrodisteig", "length_m": 25.297968966256263, "is_bridge": false, "is_tunnel": false, "is_covered": false, "is_structure": false, "walk_ok": true, "walk_oneway": false, "walk_restricted": false, "walk_sidepath": false, "under_at_m": [ ], "bike_ok": false, "bike_oneway": false, "bike_restricted": false, "bike_facility": "", "low_stress": false, "max_abs_grade": 0.29232628130921828, "elev_min": 463.76031494140625, "elev_max": 469.121337890625, "cum_gain_fwd": 5.36102294921875, "cum_loss_fwd": -0.0, "net_change_fwd": 5.36102294921875, "avg_grade_fwd": 0.2119151452769881, "n_samples": 7, "d_abs_above_3": 25.297969818115234, "d_abs_above_5": 25.297969818115234, "d_abs_above_8": 25.297969818115234, "d_abs_above_10": 25.297969818115234, "d_abs_above_15": 21.081641674041748, "grade_reliable": true, "max_abs_grade_reliable": 0.29232628130921828, "shortest_use": 12, "flat_use": 31, "flat_use_per_objective": 10.333333333333334, "unavoidability": 0.86111111111111116, "barrier_score": 0.88743134310980443, "neighborhood": "Wipkingen" }, "geometry": { "type": "LineString", "coordinates": [ [ 8.525123108369131, 47.397674210175602 ], [ 8.525218108369149, 47.39789241017565 ] ] } },
{ "type": "Feature", "properties": { "edge_id": 80309, "segment_id": "ca83def6-4d26-4b53-999f-a330e8f50821", "u": "f2341f41-ecc3-4064-969b-6d3cee9ea38a", "v": "dd4a2153-c002-4817-945d-41c2167a237a", "part": 2, "cls": "track", "subclass": null, "name": "Tobelholzweg", "length_m": 111.25319766587403, "is_bridge": false, "is_tunnel": false, "is_covered": false, "is_structure": false, "walk_ok": true, "walk_oneway": false, "walk_restricted": false, "walk_sidepath": false, "under_at_m": [ ], "bike_ok": true, "bike_oneway": false, "bike_restricted": false, "bike_facility": "", "low_stress": false, "max_abs_grade": 0.132635602640504, "elev_min": 509.073486328125, "elev_max": 516.5924072265625, "cum_gain_fwd": 7.5189208984375, "cum_loss_fwd": 0.54412841796875, "net_change_fwd": 6.97479248046875, "avg_grade_fwd": 0.062692962416659406, "n_samples": 24, "d_abs_above_3": 72.556434631347656, "d_abs_above_5": 62.882240295410156, "d_abs_above_8": 58.045146942138672, "d_abs_above_10": 43.533860683441162, "d_abs_above_15": 0.0, "grade_reliable": true, "max_abs_grade_reliable": 0.132635602640504, "shortest_use": 6, "flat_use": 0, "flat_use_per_objective": 0.0, "unavoidability": 0.0, "barrier_score": 0.88536809508577885, "neighborhood": "Höngg" }, "geometry": { "type": "LineString", "coordinates": [ [ 8.502451072951256, 47.411585720385858 ], [ 8.502380508342751, 47.411462210186556 ], [ 8.50222440834267, 47.411239610186534 ], [ 8.502113808342603, 47.411097710186517 ], [ 8.501980908342507, 47.410973710186525 ], [ 8.501773908342354, 47.410834510186518 ], [ 8.501733208342321, 47.410812710186562 ], [ 8.501653108342252, 47.410792010186555 ], [ 8.501630207800375, 47.410786268096103 ] ] } },
{ "type": "Feature", "properties": { "edge_id": 87398, "segment_id": "48ec04bc-eb24-4e8f-b9ab-bdd23cae93c5", "u": "e123b4c6-d84d-45ba-a5b2-802ac4757f4d", "v": "09a503f0-e031-4c32-a124-7e3822c834ba", "part": 1, "cls": "tertiary", "subclass": null, "name": "Gsteigstrasse", "length_m": 66.295626292613406, "is_bridge": false, "is_tunnel": false, "is_covered": false, "is_structure": false, "walk_ok": true, "walk_oneway": false, "walk_restricted": false, "walk_sidepath": false, "under_at_m": [ 46.9 ], "bike_ok": true, "bike_oneway": false, "bike_restricted": false, "bike_facility": "", "low_stress": false, "max_abs_grade": 0.13310594776522788, "elev_min": 512.55487060546875, "elev_max": 519.21844482421875, "cum_gain_fwd": 0.0, "cum_loss_fwd": 6.66357421875, "net_change_fwd": -6.66357421875, "avg_grade_fwd": -0.10051303297082687, "n_samples": 15, "d_abs_above_3": 66.295623779296875, "d_abs_above_5": 56.824819564819336, "d_abs_above_8": 47.354015350341797, "d_abs_above_10": 42.618614196777344, "d_abs_above_15": 0.0, "grade_reliable": true, "max_abs_grade_reliable": 0.13310594776522788, "shortest_use": 10, "flat_use": 1, "flat_use_per_objective": 0.33333333333333331, "unavoidability": 0.033333333333333333, "barrier_score": 0.88243421703676683, "neighborhood": "Höngg" }, "geometry": { "type": "LineString", "coordinates": [ [ 8.504837604300169, 47.405147782291948 ], [ 8.504816008347078, 47.40513351018383 ], [ 8.504709508346993, 47.405062910183865 ], [ 8.504507808346835, 47.404940110183865 ], [ 8.504184508346579, 47.404749310183924 ] ] } },
{ "type": "Feature", "properties": { "edge_id": 73470, "segment_id": "16c37ca0-665f-4aec-b9be-3782d3fc6e45", "u": "80854d95-ee82-479f-a5b7-55715d6ec345", "v": "09339272-237b-47ba-998d-712a078d991e", "part": 1, "cls": "path", "subclass": null, "name": null, "length_m": 112.29760771673163, "is_bridge": false, "is_tunnel": false, "is_covered": false, "is_structure": false, "walk_ok": true, "walk_oneway": false, "walk_restricted": false, "walk_sidepath": false, "under_at_m": [ ], "bike_ok": false, "bike_oneway": false, "bike_restricted": false, "bike_facility": "", "low_stress": false, "max_abs_grade": 0.1303332476508279, "elev_min": 573.6748046875, "elev_max": 585.6707763671875, "cum_gain_fwd": 0.0, "cum_loss_fwd": 11.9959716796875, "net_change_fwd": -11.9959716796875, "avg_grade_fwd": -0.10682303884375319, "n_samples": 24, "d_abs_above_3": 112.297607421875, "d_abs_above_5": 112.297607421875, "d_abs_above_8": 97.650093078613281, "d_abs_above_10": 68.355068206787109, "d_abs_above_15": 0.0, "grade_reliable": true, "max_abs_grade_reliable": 0.1303332476508279, "shortest_use": 6, "flat_use": 0, "flat_use_per_objective": 0.0, "unavoidability": 0.0, "barrier_score": 0.87816671502841848, "neighborhood": "Fluntern" }, "geometry": { "type": "LineString", "coordinates": [ [ 8.575536607950752, 47.388966406881089 ], [ 8.575536608420723, 47.388966410158261 ], [ 8.575680308420539, 47.389971710158484 ] ] } },
{ "type": "Feature", "properties": { "edge_id": 62593, "segment_id": "ae1544d2-96d3-42bc-bbb2-9cb4f14673cd", "u": "11aa2df9-45d0-498d-a809-c2775c4b66ab", "v": "c13680c8-3925-49f1-aa86-0c63514ec444", "part": 1, "cls": "residential", "subclass": null, "name": "Kantonsschulstrasse", "length_m": 22.463614722243214, "is_bridge": false, "is_tunnel": false, "is_covered": false, "is_structure": false, "walk_ok": true, "walk_oneway": false, "walk_restricted": false, "walk_sidepath": false, "under_at_m": [ ], "bike_ok": true, "bike_oneway": false, "bike_restricted": false, "bike_facility": "", "low_stress": true, "max_abs_grade": 0.0811995511744735, "elev_min": 434.3505859375, "elev_max": 435.92416381835938, "cum_gain_fwd": 0.0, "cum_loss_fwd": 1.573577880859375, "net_change_fwd": -1.573577880859375, "avg_grade_fwd": -0.070050072155120088, "n_samples": 6, "d_abs_above_3": 22.463615417480469, "d_abs_above_5": 22.463615417480469, "d_abs_above_8": 4.4927234649658203, "d_abs_above_10": 0.0, "d_abs_above_15": 0.0, "grade_reliable": true, "max_abs_grade_reliable": 0.0811995511744735, "shortest_use": 48, "flat_use": 41, "flat_use_per_objective": 13.666666666666666, "unavoidability": 0.28472222222222221, "barrier_score": 0.87553700793717326, "neighborhood": "Hochschulen" }, "geometry": { "type": "LineString", "coordinates": [ [ 8.550311653863545, 47.372596019311302 ], [ 8.550301308401341, 47.372592610160289 ], [ 8.550045014447456, 47.372506509449181 ] ] } },
{ "type": "Feature", "properties": { "edge_id": 80030, "segment_id": "fcb83640-bd44-4bc1-8a3c-c51b57c45a67", "u": "6ef9208a-16c2-4bd0-8e5a-fc196374a3ae", "v": "e9d9a4b3-fee2-4ea0-a429-e880439c4c6f", "part": 0, "cls": "residential", "subclass": null, "name": "Michelstrasse", "length_m": 12.745108259725724, "is_bridge": false, "is_tunnel": false, "is_covered": false, "is_structure": false, "walk_ok": true, "walk_oneway": false, "walk_restricted": false, "walk_sidepath": false, "under_at_m": [ ], "bike_ok": true, "bike_oneway": false, "bike_restricted": false, "bike_facility": "", "low_stress": true, "max_abs_grade": 0.13057914279602015, "elev_min": 486.21981811523438, "elev_max": 487.85665893554688, "cum_gain_fwd": 1.6368408203125, "cum_loss_fwd": -0.0, "net_change_fwd": 1.6368408203125, "avg_grade_fwd": 0.12842894251551626, "n_samples": 4, "d_abs_above_3": 12.745108604431152, "d_abs_above_5": 12.745108604431152, "d_abs_above_8": 12.745108604431152, "d_abs_above_10": 12.745108604431152, "d_abs_above_15": 0.0, "grade_reliable": false, "max_abs_grade_reliable": null, "shortest_use": 52, "flat_use": 104, "flat_use_per_objective": 34.666666666666664, "unavoidability": 0.66666666666666663, "barrier_score": 0.86540756192667989, "neighborhood": "Höngg" }, "geometry": { "type": "LineString", "coordinates": [ [ 8.495465608337881, 47.405435910186661 ], [ 8.495552476209971, 47.405534208041843 ] ] } },
{ "type": "Feature", "properties": { "edge_id": 60190, "segment_id": "dea2661e-c654-4da2-8599-f2fbcbf5cf1d", "u": "5a8ab881-059a-4cad-8e5f-1a4d72bd2785", "v": "de697b97-e718-4c69-b8d9-0297ae855bd1", "part": 1, "cls": "secondary", "subclass": null, "name": "Tobelhofstrasse", "length_m": 105.36032408431932, "is_bridge": false, "is_tunnel": false, "is_covered": false, "is_structure": false, "walk_ok": true, "walk_oneway": false, "walk_restricted": false, "walk_sidepath": false, "under_at_m": [ ], "bike_ok": true, "bike_oneway": false, "bike_restricted": false, "bike_facility": "", "low_stress": false, "max_abs_grade": 0.10250466869863087, "elev_min": 599.1385498046875, "elev_max": 607.14166259765625, "cum_gain_fwd": 8.00311279296875, "cum_loss_fwd": -0.0, "net_change_fwd": 8.00311279296875, "avg_grade_fwd": 0.075959457161833333, "n_samples": 23, "d_abs_above_3": 105.36032104492188, "d_abs_above_5": 81.414794921875, "d_abs_above_8": 52.680160522460938, "d_abs_above_10": 23.945526123046875, "d_abs_above_15": 0.0, "grade_reliable": true, "max_abs_grade_reliable": 0.10250466869863087, "shortest_use": 8, "flat_use": 0, "flat_use_per_objective": 0.0, "unavoidability": 0.0, "barrier_score": 0.86399400913948243, "neighborhood": "Hottingen" }, "geometry": { "type": "LineString", "coordinates": [ [ 8.574297287961731, 47.377711801369671 ], [ 8.574377808423062, 47.377830010155023 ], [ 8.574513708423114, 47.37809391015508 ], [ 8.574554008423133, 47.37814961015502 ], [ 8.574594908423165, 47.378190510155058 ], [ 8.574648908423198, 47.378235110155067 ], [ 8.574714308423252, 47.378274310155035 ], [ 8.575015908423502, 47.378427310154962 ], [ 8.575068408423535, 47.378453910154995 ], [ 8.575078473455752, 47.378459967946966 ] ] } },
{ "type": "Feature", "properties": { "edge_id": 59661, "segment_id": "8635e804-446b-4773-9b6a-0bb19c4f094d", "u": "9859885f-da29-4218-acb8-9b70bf22eabb", "v": "b193702f-a443-49e2-ad96-275cab7ac52e", "part": 1, "cls": "residential", "subclass": null, "name": "Rütistrasse", "length_m": 37.69100414491875, "is_bridge": false, "is_tunnel": false, "is_covered": false, "is_structure": false, "walk_ok": true, "walk_oneway": true, "walk_restricted": false, "walk_sidepath": false, "under_at_m": [ ], "bike_ok": true, "bike_oneway": true, "bike_restricted": false, "bike_facility": "", "low_stress": true, "max_abs_grade": 0.12687976849688962, "elev_min": 491.40985107421875, "elev_max": 496.09234619140625, "cum_gain_fwd": 0.0, "cum_loss_fwd": 4.6824951171875, "net_change_fwd": -4.6824951171875, "avg_grade_fwd": -0.12423375363380956, "n_samples": 9, "d_abs_above_3": 37.691005706787109, "d_abs_above_5": 37.691005706787109, "d_abs_above_8": 37.691005706787109, "d_abs_above_10": 37.691005706787109, "d_abs_above_15": 0.0, "grade_reliable": true, "max_abs_grade_reliable": 0.12687976849688962, "shortest_use": 18, "flat_use": 24, "flat_use_per_objective": 8.0, "unavoidability": 0.44444444444444442, "barrier_score": 0.86080065845806775, "neighborhood": "Hottingen" }, "geometry": { "type": "LineString", "coordinates": [ [ 8.564052924175105, 47.371368821984213 ], [ 8.564050008415062, 47.371365910155909 ], [ 8.56377209942667, 47.371088593934815 ] ] } },
{ "type": "Feature", "properties": { "edge_id": 21716, "segment_id": "425fbad0-d4fb-4f8c-ab19-b7a5e398898c", "u": "fcab8bd3-27af-4adc-937d-73654f99cf24", "v": "b5287d05-3729-4a24-8747-ac3d0b7662b0", "part": 2, "cls": "track", "subclass": null, "name": "Zielweg", "length_m": 91.33693699447349, "is_bridge": false, "is_tunnel": false, "is_covered": false, "is_structure": false, "walk_ok": true, "walk_oneway": false, "walk_restricted": false, "walk_sidepath": false, "under_at_m": [ ], "bike_ok": true, "bike_oneway": false, "bike_restricted": false, "bike_facility": "", "low_stress": false, "max_abs_grade": 0.15705692837531146, "elev_min": 534.437255859375, "elev_max": 542.1593017578125, "cum_gain_fwd": 0.0, "cum_loss_fwd": 7.7220458984375, "net_change_fwd": -7.7220458984375, "avg_grade_fwd": -0.08454461202927066, "n_samples": 20, "d_abs_above_3": 76.915315628051758, "d_abs_above_5": 72.108108520507812, "d_abs_above_8": 48.072072982788086, "d_abs_above_10": 33.65045166015625, "d_abs_above_15": 14.421623229980469, "grade_reliable": true, "max_abs_grade_reliable": 0.15705692837531146, "shortest_use": 6, "flat_use": 0, "flat_use_per_objective": 0.0, "unavoidability": 0.0, "barrier_score": 0.86070592629368148, "neighborhood": "Friesenberg" }, "geometry": { "type": "LineString", "coordinates": [ [ 8.49718869827093, 47.35889193741324 ], [ 8.497155208353858, 47.358908210171215 ], [ 8.497136508353831, 47.358924310171219 ], [ 8.497126908353817, 47.358935910171198 ], [ 8.497080208353756, 47.358987310171209 ], [ 8.497044508353707, 47.359032010171283 ], [ 8.49694070835357, 47.359151810171319 ], [ 8.496891608353504, 47.359208610171372 ], [ 8.496865308353472, 47.35924131017137 ], [ 8.496743108353309, 47.359396710171453 ], [ 8.496688108353226, 47.35946741017154 ], [ 8.496643708353167, 47.359516610171525 ], [ 8.496598208353106, 47.359563010171577 ], [ 8.496567563170561, 47.359593183889714 ] ] } },
{ "type": "Feature", "properties": { "edge_id": 76338, "segment_id": "8da0e56c-3ab5-4099-aaf9-e899173ab449", "u": "71ef3e94-af4e-41c6-96d4-dfc2ee159658", "v": "1fd5b4ca-53fc-4858-abc9-1ebf69ed5f7f", "part": 0, "cls": "track", "subclass": null, "name": "Känzeliweg", "length_m": 121.20869488287482, "is_bridge": false, "is_tunnel": false, "is_covered": false, "is_structure": false, "walk_ok": true, "walk_oneway": false, "walk_restricted": false, "walk_sidepath": false, "under_at_m": [ ], "bike_ok": true, "bike_oneway": false, "bike_restricted": false, "bike_facility": "", "low_stress": false, "max_abs_grade": 0.17718806010546309, "elev_min": 682.7796630859375, "elev_max": 697.9202880859375, "cum_gain_fwd": 15.140625, "cum_loss_fwd": -0.0, "net_change_fwd": 15.140625, "avg_grade_fwd": 0.12491368765006704, "n_samples": 26, "d_abs_above_3": 121.20869445800781, "d_abs_above_5": 116.36034393310547, "d_abs_above_8": 106.66365051269531, "d_abs_above_10": 96.966952323913574, "d_abs_above_15": 33.938434600830078, "grade_reliable": true, "max_abs_grade_reliable": 0.17718806010546309, "shortest_use": 4, "flat_use": 0, "flat_use_per_objective": 0.0, "unavoidability": 0.0, "barrier_score": 0.8590693405684624, "neighborhood": "Hottingen" }, "geometry": { "type": "LineString", "coordinates": [ [ 8.589768108439927, 47.371528210148497 ], [ 8.589802908439985, 47.371457610148489 ], [ 8.589845708440107, 47.371172710148358 ], [ 8.589895508440209, 47.371021110148298 ], [ 8.589964408440299, 47.370930110148258 ], [ 8.590257208440685, 47.37059991014803 ], [ 8.59031060844077, 47.370521710148012 ] ] } },
{ "type": "Feature", "properties": { "edge_id": 61085, "segment_id": "345fa6d3-57cd-4c0a-99c4-bdf9f3734816", "u": "0265fb14-922c-4914-b376-0c14773cb74e", "v": "f8184108-0986-4473-930a-4125be1b36fc", "part": 1, "cls": "residential", "subclass": null, "name": "Haldenbachstrasse", "length_m": 66.168456893446304, "is_bridge": false, "is_tunnel": false, "is_covered": false, "is_structure": false, "walk_ok": true, "walk_oneway": true, "walk_restricted": false, "walk_sidepath": false, "under_at_m": [ ], "bike_ok": true, "bike_oneway": true, "bike_restricted": false, "bike_facility": "", "low_stress": true, "max_abs_grade": 0.12972002686089157, "elev_min": 461.70901489257812, "elev_max": 469.00213623046875, "cum_gain_fwd": 0.0, "cum_loss_fwd": 7.293121337890625, "net_change_fwd": -7.293121337890625, "avg_grade_fwd": -0.11022051389903552, "n_samples": 15, "d_abs_above_3": 66.16845703125, "d_abs_above_5": 66.16845703125, "d_abs_above_8": 61.442138671875, "d_abs_above_10": 47.26318359375, "d_abs_above_15": 0.0, "grade_reliable": true, "max_abs_grade_reliable": 0.12972002686089157, "shortest_use": 10, "flat_use": 6, "flat_use_per_objective": 2.0, "unavoidability": 0.2, "barrier_score": 0.85833740055616004, "neighborhood": "Oberstrass" }, "geometry": { "type": "LineString", "coordinates": [ [ 8.548030634153239, 47.380361731097302 ], [ 8.547440008396267, 47.380025110163494 ], [ 8.547351108396187, 47.379992510163497 ], [ 8.547347322118403, 47.379991337240497 ] ] } },
{ "type": "Feature", "properties": { "edge_id": 24032, "segment_id": "faf2f2ef-b201-411a-92b9-33b40041848b", "u": "4bc60e9a-e55f-45d0-99c9-ef1b4074d39b", "v": "f2be86f7-9612-4023-af03-020ea5790416", "part": 0, "cls": "footway", "subclass": null, "name": null, "length_m": 45.632548313941442, "is_bridge": false, "is_tunnel": false, "is_covered": false, "is_structure": false, "walk_ok": true, "walk_oneway": false, "walk_restricted": false, "walk_sidepath": false, "under_at_m": [ ], "bike_ok": false, "bike_oneway": false, "bike_restricted": false, "bike_facility": "", "low_stress": false, "max_abs_grade": 0.085488585544647097, "elev_min": 430.48086547851562, "elev_max": 432.27130126953125, "cum_gain_fwd": 0.0, "cum_loss_fwd": 1.790435791015625, "net_change_fwd": -1.790435791015625, "avg_grade_fwd": -0.039235936169126018, "n_samples": 11, "d_abs_above_3": 22.816274642944336, "d_abs_above_5": 18.253019332885742, "d_abs_above_8": 4.5632548332214355, "d_abs_above_10": 0.0, "d_abs_above_15": 0.0, "grade_reliable": true, "max_abs_grade_reliable": 0.085488585544647097, "shortest_use": 22, "flat_use": 120, "flat_use_per_objective": 40.0, "unavoidability": 1.0, "barrier_score": 0.85823364223445753, "neighborhood": "Albisrieden" }, "geometry": { "type": "LineString", "coordinates": [ [ 8.488841108341433, 47.372961810178126 ], [ 8.48916420834167, 47.37321341017811 ], [ 8.489234510402834, 47.373273235469696 ] ] } },
{ "type": "Feature", "properties": { "edge_id": 53360, "segment_id": "64390355-2a43-4842-8ce9-621c284411d2", "u": "7125f945-5e37-4171-b024-0b80ed5451c3", "v": "12d5dc05-b6a5-405d-b325-2bf4f1b2f157", "part": 0, "cls": "residential", "subclass": null, "name": "Schulhausstrasse", "length_m": 15.356216762038549, "is_bridge": false, "is_tunnel": false, "is_covered": false, "is_structure": false, "walk_ok": true, "walk_oneway": false, "walk_restricted": false, "walk_sidepath": false, "under_at_m": [ ], "bike_ok": true, "bike_oneway": false, "bike_restricted": false, "bike_facility": "", "low_stress": true, "max_abs_grade": 0.095987122224595961, "elev_min": 416.9136962890625, "elev_max": 418.01431274414062, "cum_gain_fwd": 0.0, "cum_loss_fwd": 1.100616455078125, "net_change_fwd": -1.100616455078125, "avg_grade_fwd": -0.071672371905384127, "n_samples": 5, "d_abs_above_3": 15.356216430664062, "d_abs_above_5": 11.517162322998047, "d_abs_above_8": 3.8390541076660156, "d_abs_above_10": 0.0, "d_abs_above_15": 0.0, "grade_reliable": true, "max_abs_grade_reliable": 0.095987122224595961, "shortest_use": 58, "flat_use": 107, "flat_use_per_objective": 35.666666666666664, "unavoidability": 0.61494252873563215, "barrier_score": 0.85491945204220643, "neighborhood": "Enge" }, "geometry": { "type": "LineString", "coordinates": [ [ 8.531241508386405, 47.361005410162072 ], [ 8.53131900838647, 47.361031710162052 ], [ 8.531400008386544, 47.361047210162035 ], [ 8.531430408386575, 47.36105301016201 ], [ 8.531431292382951, 47.361053179368675 ] ] } },
{ "type": "Feature", "properties": { "edge_id": 58409, "segment_id": "6e0fa1e5-e2bc-46e3-842f-c6fcd14b1caa", "u": "fde8cb43-fecf-4af4-ac01-388a13336ce8", "v": "e6fcef2c-e450-4b71-b360-058649a5ea3c", "part": 0, "cls": "path", "subclass": null, "name": null, "length_m": 213.82716142145287, "is_bridge": false, "is_tunnel": false, "is_covered": false, "is_structure": false, "walk_ok": true, "walk_oneway": false, "walk_restricted": false, "walk_sidepath": false, "under_at_m": [ ], "bike_ok": false, "bike_oneway": false, "bike_restricted": false, "bike_facility": "", "low_stress": false, "max_abs_grade": 0.099542026895371935, "elev_min": 487.60482788085938, "elev_max": 492.24734497070312, "cum_gain_fwd": 5.580902099609375, "cum_loss_fwd": 4.488739013671875, "net_change_fwd": 1.0921630859375, "avg_grade_fwd": 0.005107691029792462, "n_samples": 44, "d_abs_above_3": 139.23630905151367, "d_abs_above_5": 99.454496383666992, "d_abs_above_8": 39.781798362731934, "d_abs_above_10": 0.0, "d_abs_above_15": 0.0, "grade_reliable": true, "max_abs_grade_reliable": 0.099542026895371935, "shortest_use": 4, "flat_use": 0, "flat_use_per_objective": 0.0, "unavoidability": 0.0, "barrier_score": 0.85139156212701195, "neighborhood": "Hirslanden" }, "geometry": { "type": "LineString", "coordinates": [ [ 8.575248308428602, 47.362710010149847 ], [ 8.575191908428556, 47.362705610149874 ], [ 8.575140908428509, 47.362679610149883 ], [ 8.575075608428463, 47.362612210149884 ], [ 8.575036308428448, 47.362555610149897 ], [ 8.575022208428457, 47.362478810149838 ], [ 8.575028908428489, 47.362405710149829 ], [ 8.575066508428545, 47.362324910149766 ], [ 8.57513890842865, 47.362226310149779 ], [ 8.575199208428723, 47.362155510149691 ], [ 8.575245508428795, 47.362077310149687 ], [ 8.575302508428896, 47.361921510149578 ], [ 8.575391008429042, 47.361735810149504 ], [ 8.57541180842909, 47.361662210149504 ], [ 8.575398308429149, 47.36141521014941 ], [ 8.57538880842915, 47.361386910149427 ], [ 8.575446008429262, 47.361198410149342 ], [ 8.575471508429345, 47.361006310149236 ], [ 8.575444008429352, 47.360914010149223 ] ] } },
{ "type": "Feature", "properties": { "edge_id": 60153, "segment_id": "02c1d048-8f64-4852-8aa6-94e97b3fb0b2", "u": "4f9504c7-1446-4f91-87d2-f5c09faa7dc2", "v": "018e0327-c8ea-411e-89c8-308588b52504", "part": 0, "cls": "path", "subclass": null, "name": null, "length_m": 83.480688802865345, "is_bridge": false, "is_tunnel": false, "is_covered": false, "is_structure": false, "walk_ok": true, "walk_oneway": false, "walk_restricted": false, "walk_sidepath": false, "under_at_m": [ ], "bike_ok": false, "bike_oneway": false, "bike_restricted": false, "bike_facility": "", "low_stress": false, "max_abs_grade": 0.25411493822494752, "elev_min": 564.7957763671875, "elev_max": 583.1195068359375, "cum_gain_fwd": 0.0, "cum_loss_fwd": 18.32373046875, "net_change_fwd": -18.32373046875, "avg_grade_fwd": -0.21949663411040468, "n_samples": 18, "d_abs_above_3": 83.480690002441406, "d_abs_above_5": 83.480690002441406, "d_abs_above_8": 83.480690002441406, "d_abs_above_10": 83.480690002441406, "d_abs_above_15": 83.480690002441406, "grade_reliable": true, "max_abs_grade_reliable": 0.25411493822494752, "shortest_use": 4, "flat_use": 0, "flat_use_per_objective": 0.0, "unavoidability": 0.0, "barrier_score": 0.84854760312464772, "neighborhood": "Hottingen" }, "geometry": { "type": "LineString", "coordinates": [ [ 8.571475208421692, 47.373187010154339 ], [ 8.5713950084217, 47.372923510154273 ], [ 8.571315208421675, 47.372743110154239 ], [ 8.571174508421626, 47.372465710154188 ] ] } },
{ "type": "Feature", "properties": { "edge_id": 71328, "segment_id": "cad7417d-dfdc-4d10-8803-ee69e98895f0", "u": "77674d08-cd9f-496e-820e-6c9c847dccc2", "v": "19354ddc-13fd-4fb8-a52b-4810bef197b9", "part": 6, "cls": "unclassified", "subclass": null, "name": null, "length_m": 33.213042496849326, "is_bridge": false, "is_tunnel": false, "is_covered": false, "is_structure": false, "walk_ok": true, "walk_oneway": true, "walk_restricted": false, "walk_sidepath": false, "under_at_m": [ ], "bike_ok": true, "bike_oneway": true, "bike_restricted": false, "bike_facility": "", "low_stress": false, "max_abs_grade": 0.10643511818620358, "elev_min": 468.39596557617188, "elev_max": 471.31332397460938, "cum_gain_fwd": 0.0, "cum_loss_fwd": 2.9173583984375, "net_change_fwd": -2.9173583984375, "avg_grade_fwd": -0.087837732295040549, "n_samples": 8, "d_abs_above_3": 33.213043212890625, "d_abs_above_5": 33.213043212890625, "d_abs_above_8": 23.723602294921875, "d_abs_above_10": 9.48944091796875, "d_abs_above_15": 0.0, "grade_reliable": true, "max_abs_grade_reliable": 0.10643511818620358, "shortest_use": 24, "flat_use": 49, "flat_use_per_objective": 16.333333333333332, "unavoidability": 0.68055555555555547, "barrier_score": 0.84840818483413438, "neighborhood": "Oberstrass" }, "geometry": { "type": "LineString", "coordinates": [ [ 8.551846309192486, 47.401397145771426 ], [ 8.551905808393952, 47.401427510169057 ], [ 8.551927108393958, 47.401463610169102 ], [ 8.551954108393948, 47.401570010169088 ], [ 8.551972008393937, 47.401670610169099 ] ] } },
{ "type": "Feature", "properties": { "edge_id": 74921, "segment_id": "d81d7e9a-3d94-4fa9-81e8-df20b0e6989a", "u": "c948cbf1-29d2-49d9-9ffb-c98c56d819cb", "v": "57e28529-31eb-4232-8442-d42cf04e662c", "part": 1, "cls": "track", "subclass": null, "name": "Chüeweidweg", "length_m": 187.84334100660917, "is_bridge": false, "is_tunnel": false, "is_covered": false, "is_structure": false, "walk_ok": true, "walk_oneway": false, "walk_restricted": false, "walk_sidepath": false, "under_at_m": [ ], "bike_ok": true, "bike_oneway": false, "bike_restricted": false, "bike_facility": "", "low_stress": false, "max_abs_grade": 0.22562627233875734, "elev_min": 475.67233276367188, "elev_max": 507.28985595703125, "cum_gain_fwd": 0.0, "cum_loss_fwd": 31.617523193359375, "net_change_fwd": -31.617523193359375, "avg_grade_fwd": -0.16831857614893173, "n_samples": 39, "d_abs_above_3": 187.84333801269531, "d_abs_above_5": 187.84333801269531, "d_abs_above_8": 187.84333801269531, "d_abs_above_10": 187.84333801269531, "d_abs_above_15": 123.58114147186279, "grade_reliable": true, "max_abs_grade_reliable": 0.22562627233875734, "shortest_use": 2, "flat_use": 5, "flat_use_per_objective": 1.6666666666666667, "unavoidability": 0.83333333333333337, "barrier_score": 0.84764785629958528, "neighborhood": null }, "geometry": { "type": "LineString", "coordinates": [ [ 8.587890706416694, 47.391427463246714 ], [ 8.587899308431902, 47.391450510155401 ], [ 8.587944508431917, 47.391545610155418 ], [ 8.587978008431934, 47.391600610155436 ], [ 8.588058708431978, 47.391704910155468 ], [ 8.588102008432008, 47.391747910155466 ], [ 8.588136208432031, 47.391778710155485 ], [ 8.588181808432068, 47.391810410155443 ], [ 8.588227608432101, 47.391836910155476 ], [ 8.588271008432137, 47.391857510155432 ], [ 8.588318008432184, 47.391871110155456 ], [ 8.588375908432237, 47.391881410155428 ], [ 8.588498508432345, 47.391902410155382 ], [ 8.588606708432438, 47.391927410155361 ], [ 8.588724608432544, 47.391968910155327 ], [ 8.588873608432667, 47.392026110155314 ], [ 8.589017808432786, 47.392092410155286 ], [ 8.589117608432865, 47.39215031015528 ], [ 8.589192808432925, 47.392206910155302 ], [ 8.589283708432985, 47.392284010155258 ], [ 8.589324908433014, 47.392311310155279 ], [ 8.589351508433035, 47.392323110155232 ], [ 8.589384908433063, 47.392334710155254 ], [ 8.58976030843341, 47.392399010155174 ] ] } },
{ "type": "Feature", "properties": { "edge_id": 73728, "segment_id": "796ae332-e395-4c89-8e93-f4e01c848ad4", "u": "3acc2608-a8c2-40ed-877d-08a66176b935", "v": "e9a88aad-ea8a-4145-8ba1-7917e2799017", "part": 4, "cls": "unclassified", "subclass": null, "name": "Hinterbergstrasse", "length_m": 24.468726496641846, "is_bridge": false, "is_tunnel": false, "is_covered": false, "is_structure": false, "walk_ok": true, "walk_oneway": false, "walk_restricted": false, "walk_sidepath": false, "under_at_m": [ ], "bike_ok": true, "bike_oneway": false, "bike_restricted": false, "bike_facility": "", "low_stress": false, "max_abs_grade": 0.1726883400136881, "elev_min": 637.30841064453125, "elev_max": 641.287353515625, "cum_gain_fwd": 3.97894287109375, "cum_loss_fwd": -0.0, "net_change_fwd": 3.97894287109375, "avg_grade_fwd": 0.1626133984375609, "n_samples": 6, "d_abs_above_3": 24.468727111816406, "d_abs_above_5": 24.468727111816406, "d_abs_above_8": 24.468727111816406, "d_abs_above_10": 24.468727111816406, "d_abs_above_15": 24.468727111816406, "grade_reliable": true, "max_abs_grade_reliable": 0.1726883400136881, "shortest_use": 20, "flat_use": 0, "flat_use_per_objective": 0.0, "unavoidability": 0.0, "barrier_score": 0.84509275219080526, "neighborhood": "Fluntern" }, "geometry": { "type": "LineString", "coordinates": [ [ 8.560547571206326, 47.386306979842814 ], [ 8.560823108407259, 47.386422810161669 ] ] } },
{ "type": "Feature", "properties": { "edge_id": 3235, "segment_id": "0dffa100-c7e1-448a-8a0c-af658213387c", "u": "765f2197-f3d9-4e6c-89a5-9bc672cd699e", "v": "abcf5b0e-cbef-463e-a8cd-adfe1aaf3272", "part": 2, "cls": "residential", "subclass": null, "name": "Bachtobelstrasse", "length_m": 34.367764197584073, "is_bridge": false, "is_tunnel": false, "is_covered": false, "is_structure": false, "walk_ok": true, "walk_oneway": false, "walk_restricted": false, "walk_sidepath": false, "under_at_m": [ ], "bike_ok": true, "bike_oneway": false, "bike_restricted": false, "bike_facility": "", "low_stress": true, "max_abs_grade": 0.09410718989186842, "elev_min": 492.12759399414062, "elev_max": 495.26675415039062, "cum_gain_fwd": 3.13916015625, "cum_loss_fwd": -0.0, "net_change_fwd": 3.13916015625, "avg_grade_fwd": 0.091340251293579533, "n_samples": 8, "d_abs_above_3": 34.367763519287109, "d_abs_above_5": 34.367763519287109, "d_abs_above_8": 34.367763519287109, "d_abs_above_10": 0.0, "d_abs_above_15": 0.0, "grade_reliable": true, "max_abs_grade_reliable": 0.09410718989186842, "shortest_use": 26, "flat_use": 108, "flat_use_per_objective": 36.0, "unavoidability": 1.0, "barrier_score": 0.84090596499026038, "neighborhood": "Friesenberg" }, "geometry": { "type": "LineString", "coordinates": [ [ 8.506673575091313, 47.356637799174536 ], [ 8.506626508363784, 47.356617210167734 ], [ 8.506324208363536, 47.356490610167796 ], [ 8.506287935384245, 47.356473903240015 ] ] } },
{ "type": "Feature", "properties": { "edge_id": 76581, "segment_id": "747a1135-e201-42f2-b577-1aefc1793ffe", "u": "55e2492c-3800-4a7a-9c0e-8aba4415d64f", "v": "1ef7c1e8-f2c0-4c1d-b921-e2bbb7ce6008", "part": 6, "cls": "track", "subclass": null, "name": "Eschenhaustrasse", "length_m": 41.880325991691265, "is_bridge": false, "is_tunnel": false, "is_covered": false, "is_structure": false, "walk_ok": true, "walk_oneway": false, "walk_restricted": false, "walk_sidepath": false, "under_at_m": [ ], "bike_ok": true, "bike_oneway": false, "bike_restricted": false, "bike_facility": "", "low_stress": false, "max_abs_grade": 0.11150195966235275, "elev_min": 602.5225830078125, "elev_max": 606.8056640625, "cum_gain_fwd": 0.0, "cum_loss_fwd": 4.2830810546875, "net_change_fwd": -4.2830810546875, "avg_grade_fwd": -0.10226952685369346, "n_samples": 10, "d_abs_above_3": 41.880325317382812, "d_abs_above_5": 41.880325317382812, "d_abs_above_8": 41.880325317382812, "d_abs_above_10": 32.573586463928223, "d_abs_above_15": 0.0, "grade_reliable": true, "max_abs_grade_reliable": 0.11150195966235275, "shortest_use": 18, "flat_use": 20, "flat_use_per_objective": 6.666666666666667, "unavoidability": 0.37037037037037041, "barrier_score": 0.84055291548691369, "neighborhood": "Hirslanden" }, "geometry": { "type": "LineString", "coordinates": [ [ 8.583387293370976, 47.36636135890938 ], [ 8.583215608435166, 47.366428510148744 ], [ 8.582979408434916, 47.366502510148841 ], [ 8.582886792759611, 47.366520254210776 ] ] } },
{ "type": "Feature", "properties": { "edge_id": 68824, "segment_id": "4078fefe-753d-4a7f-8cf1-9b72985ec3c8", "u": "7b7fc8bc-dd65-4810-b309-bae581421acf", "v": "3b22993e-a539-49cd-9e48-d056e249cb33", "part": 1, "cls": "residential", "subclass": null, "name": "Röslistrasse", "length_m": 32.627659529852671, "is_bridge": false, "is_tunnel": false, "is_covered": false, "is_structure": false, "walk_ok": true, "walk_oneway": false, "walk_restricted": false, "walk_sidepath": false, "under_at_m": [ ], "bike_ok": true, "bike_oneway": false, "bike_restricted": false, "bike_facility": "", "low_stress": true, "max_abs_grade": 0.11643718039713875, "elev_min": 445.20748901367188, "elev_max": 448.47073364257812, "cum_gain_fwd": 3.26324462890625, "cum_loss_fwd": -0.0, "net_change_fwd": 3.26324462890625, "avg_grade_fwd": 0.10001467296532444, "n_samples": 8, "d_abs_above_3": 32.627658843994141, "d_abs_above_5": 32.627658843994141, "d_abs_above_8": 32.627658843994141, "d_abs_above_10": 18.644375801086426, "d_abs_above_15": 0.0, "grade_reliable": true, "max_abs_grade_reliable": 0.11643718039713875, "shortest_use": 22, "flat_use": 35, "flat_use_per_objective": 11.666666666666666, "unavoidability": 0.53030303030303028, "barrier_score": 0.83579598929505328, "neighborhood": "Unterstrass" }, "geometry": { "type": "LineString", "coordinates": [ [ 8.539587929421957, 47.387845145781107 ], [ 8.539660808386287, 47.387851310168259 ], [ 8.539760808386385, 47.387851710168214 ], [ 8.540019308386634, 47.387852810168177 ], [ 8.540019475779122, 47.387852810942547 ] ] } },
{ "type": "Feature", "properties": { "edge_id": 4284, "segment_id": "0ea11a0f-e08b-4ac4-bb89-8b81f12ec648", "u": "977ce72c-2b57-41f8-934a-6202e84f7876", "v": "dbae3fac-973b-480c-a937-94b75207a2a0", "part": 3, "cls": "residential", "subclass": null, "name": "Bachtobelstrasse", "length_m": 33.716911192916882, "is_bridge": false, "is_tunnel": false, "is_covered": false, "is_structure": false, "walk_ok": true, "walk_oneway": false, "walk_restricted": false, "walk_sidepath": false, "under_at_m": [ ], "bike_ok": true, "bike_oneway": false, "bike_restricted": false, "bike_facility": "", "low_stress": true, "max_abs_grade": 0.094960716165235631, "elev_min": 478.0030517578125, "elev_max": 480.734619140625, "cum_gain_fwd": 2.7315673828125, "cum_loss_fwd": -0.0, "net_change_fwd": 2.7315673828125, "avg_grade_fwd": 0.081014757170918841, "n_samples": 8, "d_abs_above_3": 33.716911315917969, "d_abs_above_5": 33.716911315917969, "d_abs_above_8": 19.266806602478027, "d_abs_above_10": 0.0, "d_abs_above_15": 0.0, "grade_reliable": true, "max_abs_grade_reliable": 0.094960716165235631, "shortest_use": 26, "flat_use": 124, "flat_use_per_objective": 41.333333333333336, "unavoidability": 1.0, "barrier_score": 0.83246332877734941, "neighborhood": "Friesenberg" }, "geometry": { "type": "LineString", "coordinates": [ [ 8.508637678281922, 47.357463616844711 ], [ 8.508636308365489, 47.357463010167415 ], [ 8.508450708365332, 47.357380410167451 ], [ 8.508272208365186, 47.35729371016749 ], [ 8.508269445503212, 47.357292391414845 ] ] } },
{ "type": "Feature", "properties": { "edge_id": 40393, "segment_id": "a1e81966-264a-401b-9c07-2fbf453d78a1", "u": "d6279a9f-2b36-4d33-9955-89990c69e462", "v": "9b84b96a-612d-4ab8-a77a-1114a8828a6b", "part": 1, "cls": "residential", "subclass": null, "name": "Obere Weiherstrasse", "length_m": 18.353520560546322, "is_bridge": false, "is_tunnel": false, "is_covered": false, "is_structure": false, "walk_ok": true, "walk_oneway": false, "walk_restricted": false, "walk_sidepath": false, "under_at_m": [ ], "bike_ok": true, "bike_oneway": false, "bike_restricted": false, "bike_facility": "", "low_stress": true, "max_abs_grade": 0.14122853955991413, "elev_min": 476.30508422851562, "elev_max": 478.67254638671875, "cum_gain_fwd": 2.367462158203125, "cum_loss_fwd": -0.0, "net_change_fwd": 2.367462158203125, "avg_grade_fwd": 0.12899225785814564, "n_samples": 5, "d_abs_above_3": 18.353521347045898, "d_abs_above_5": 18.353521347045898, "d_abs_above_8": 18.353521347045898, "d_abs_above_10": 18.353521347045898, "d_abs_above_15": 0.0, "grade_reliable": true, "max_abs_grade_reliable": 0.14122853955991413, "shortest_use": 32, "flat_use": 23, "flat_use_per_objective": 7.666666666666667, "unavoidability": 0.23958333333333334, "barrier_score": 0.82945308945562035, "neighborhood": "Wipkingen" }, "geometry": { "type": "LineString", "coordinates": [ [ 8.52807938088854, 47.397832580704659 ], [ 8.52810340837196, 47.397863910174799 ], [ 8.528125508371978, 47.397882810174835 ], [ 8.528153808371997, 47.39790151017484 ], [ 8.528198808372043, 47.397917110174824 ], [ 8.528264323976202, 47.397915933789626 ] ] } },
{ "type": "Feature", "properties": { "edge_id": 73938, "segment_id": "47ea99a5-14c4-4527-b8e1-3b0477724f81", "u": "4e4aeb06-0e47-42cb-9fe5-5123df5715a6", "v": "0da684a1-de38-4e86-825b-18f77d176f24", "part": 0, "cls": "unclassified", "subclass": null, "name": "Heubeeriweg", "length_m": 67.834478242336047, "is_bridge": false, "is_tunnel": false, "is_covered": false, "is_structure": false, "walk_ok": true, "walk_oneway": false, "walk_restricted": false, "walk_sidepath": false, "under_at_m": [ ], "bike_ok": true, "bike_oneway": false, "bike_restricted": false, "bike_facility": "", "low_stress": false, "max_abs_grade": 0.12217567555864525, "elev_min": 620.4317626953125, "elev_max": 628.54388427734375, "cum_gain_fwd": 8.11212158203125, "cum_loss_fwd": -0.0, "net_change_fwd": 8.11212158203125, "avg_grade_fwd": 0.1195869939280419, "n_samples": 15, "d_abs_above_3": 67.834480285644531, "d_abs_above_5": 67.834480285644531, "d_abs_above_8": 67.834480285644531, "d_abs_above_10": 67.834480285644531, "d_abs_above_15": 0.0, "grade_reliable": true, "max_abs_grade_reliable": 0.12217567555864525, "shortest_use": 10, "flat_use": 0, "flat_use_per_objective": 0.0, "unavoidability": 0.0, "barrier_score": 0.828772320542563, "neighborhood": "Fluntern" }, "geometry": { "type": "LineString", "coordinates": [ [ 8.565164808412813, 47.382090210159014 ], [ 8.565361308412919, 47.382359510159048 ], [ 8.565587108413057, 47.382622110159097 ], [ 8.565591252757093, 47.382626787537731 ] ] } },
{ "type": "Feature", "properties": { "edge_id": 53362, "segment_id": "930ba837-6966-4055-9850-83f616ff0820", "u": "41b0ba32-e0be-49e1-b988-802b48eb7af4", "v": "d3e48641-9e23-4dc9-9bd5-134b3e3ed3d7", "part": 0, "cls": "residential", "subclass": null, "name": "Schulhausstrasse", "length_m": 10.822713349370169, "is_bridge": false, "is_tunnel": false, "is_covered": false, "is_structure": false, "walk_ok": true, "walk_oneway": false, "walk_restricted": false, "walk_sidepath": false, "under_at_m": [ ], "bike_ok": true, "bike_oneway": false, "bike_restricted": false, "bike_facility": "", "low_stress": true, "max_abs_grade": 0.11239890954151177, "elev_min": 418.54638671875, "elev_max": 419.67465209960938, "cum_gain_fwd": 0.0, "cum_loss_fwd": 1.128265380859375, "net_change_fwd": -1.128265380859375, "avg_grade_fwd": -0.10424977466059863, "n_samples": 4, "d_abs_above_3": 10.822712898254395, "d_abs_above_5": 10.822712898254395, "d_abs_above_8": 10.822712898254395, "d_abs_above_10": 7.2151422500610352, "d_abs_above_15": 0.0, "grade_reliable": false, "max_abs_grade_reliable": null, "shortest_use": 68, "flat_use": 129, "flat_use_per_objective": 43.0, "unavoidability": 0.63235294117647056, "barrier_score": 0.82719360154970711, "neighborhood": "Enge" }, "geometry": { "type": "LineString", "coordinates": [ [ 8.531040308386222, 47.360965810162099 ], [ 8.531178427837864, 47.360991657660584 ] ] } },
{ "type": "Feature", "properties": { "edge_id": 73343, "segment_id": "723d171e-7d6e-49ae-854a-3612bbc6b238", "u": "c738c28c-e4bb-47b1-9e29-e8b6f2b4eb5a", "v": "1eddb2e3-7c4e-4907-977c-a948d55fca22", "part": 1, "cls": "track", "subclass": null, "name": "Hüttenkopfstrasse", "length_m": 121.22688218366555, "is_bridge": false, "is_tunnel": false, "is_covered": false, "is_structure": false, "walk_ok": true, "walk_oneway": false, "walk_restricted": false, "walk_sidepath": false, "under_at_m": [ ], "bike_ok": true, "bike_oneway": false, "bike_restricted": false, "bike_facility": "", "low_stress": false, "max_abs_grade": 0.085276708759585762, "elev_min": 543.02777099609375, "elev_max": 548.76275634765625, "cum_gain_fwd": 5.7349853515625, "cum_loss_fwd": -0.0, "net_change_fwd": 5.7349853515625, "avg_grade_fwd": 0.047307867799074227, "n_samples": 26, "d_abs_above_3": 77.585205078125, "d_abs_above_5": 53.339828491210938, "d_abs_above_8": 14.547225952148438, "d_abs_above_10": 0.0, "d_abs_above_15": 0.0, "grade_reliable": true, "max_abs_grade_reliable": 0.085276708759585762, "shortest_use": 8, "flat_use": 0, "flat_use_per_objective": 0.0, "unavoidability": 0.0, "barrier_score": 0.82702636206472502, "neighborhood": "Schwamendingen-Mitte" }, "geometry": { "type": "LineString", "coordinates": [ [ 8.579703339510226, 47.391386669427682 ], [ 8.579706708424004, 47.391384310157733 ], [ 8.579780408424085, 47.391345910157753 ], [ 8.580189408424523, 47.391211610157569 ], [ 8.580333908424686, 47.391140210157538 ], [ 8.580447508424818, 47.391049910157484 ], [ 8.580663508425143, 47.390698210157304 ], [ 8.580707808425196, 47.390647910157242 ], [ 8.580746074892666, 47.390623474943091 ] ] } },
{ "type": "Feature", "properties": { "edge_id": 92365, "segment_id": "192c8b4c-eadc-4eb9-b2ba-4e3cf60dc679", "u": "e4637648-1ad6-433b-9523-34d143634d21", "v": "42de5a06-b86c-46f3-8e10-177491392082", "part": 0, "cls": "tertiary", "subclass": null, "name": "Seebacherstrasse", "length_m": 52.287098310167387, "is_bridge": false, "is_tunnel": false, "is_covered": false, "is_structure": false, "walk_ok": true, "walk_oneway": false, "walk_restricted": false, "walk_sidepath": false, "under_at_m": [ ], "bike_ok": true, "bike_oneway": false, "bike_restricted": false, "bike_facility": "", "low_stress": false, "max_abs_grade": 0.098543539139300931, "elev_min": 446.06881713867188, "elev_max": 450.69265747070312, "cum_gain_fwd": 4.62384033203125, "cum_loss_fwd": -0.0, "net_change_fwd": 4.62384033203125, "avg_grade_fwd": 0.088431764527095377, "n_samples": 12, "d_abs_above_3": 52.287097930908203, "d_abs_above_5": 52.287097930908203, "d_abs_above_8": 42.780352592468262, "d_abs_above_10": 0.0, "d_abs_above_15": 0.0, "grade_reliable": true, "max_abs_grade_reliable": 0.098543539139300931, "shortest_use": 16, "flat_use": 8, "flat_use_per_objective": 2.6666666666666665, "unavoidability": 0.16666666666666666, "barrier_score": 0.82440891500935298, "neighborhood": "Seebach" }, "geometry": { "type": "LineString", "coordinates": [ [ 8.5432062083788, 47.423006610178398 ], [ 8.543039908378622, 47.423048310178473 ], [ 8.542743108378319, 47.423089010178565 ], [ 8.542532108378117, 47.423091110178596 ], [ 8.542530281163888, 47.423091015150128 ] ] } },
{ "type": "Feature", "properties": { "edge_id": 3234, "segment_id": "0dffa100-c7e1-448a-8a0c-af658213387c", "u": "f8d960ba-c958-42cc-82a1-7414e9703398", "v": "765f2197-f3d9-4e6c-89a5-9bc672cd699e", "part": 1, "cls": "residential", "subclass": null, "name": "Bachtobelstrasse", "length_m": 33.455247489339285, "is_bridge": false, "is_tunnel": false, "is_covered": false, "is_structure": false, "walk_ok": true, "walk_oneway": false, "walk_restricted": false, "walk_sidepath": false, "under_at_m": [ ], "bike_ok": true, "bike_oneway": false, "bike_restricted": false, "bike_facility": "", "low_stress": true, "max_abs_grade": 0.094503021063637893, "elev_min": 489.0948486328125, "elev_max": 492.12759399414062, "cum_gain_fwd": 3.032745361328125, "cum_loss_fwd": -0.0, "net_change_fwd": 3.032745361328125, "avg_grade_fwd": 0.090650816433852685, "n_samples": 8, "d_abs_above_3": 33.455245971679688, "d_abs_above_5": 33.455245971679688, "d_abs_above_8": 33.455245971679688, "d_abs_above_10": 0.0, "d_abs_above_15": 0.0, "grade_reliable": true, "max_abs_grade_reliable": 0.094503021063637893, "shortest_use": 26, "flat_use": 124, "flat_use_per_objective": 41.333333333333336, "unavoidability": 1.0, "barrier_score": 0.82202170912530492, "neighborhood": "Friesenberg" }, "geometry": { "type": "LineString", "coordinates": [ [ 8.50704611863946, 47.356800455917984 ], [ 8.507019908364123, 47.356789310167642 ], [ 8.506955008364065, 47.356760910167679 ], [ 8.506673575091313, 47.356637799174536 ] ] } },
{ "type": "Feature", "properties": { "edge_id": 60551, "segment_id": "e2f52286-24c9-4480-9499-3d0feb34e617", "u": "9e158f96-b580-484b-8f19-bc382027725f", "v": "fc58a28d-48b9-4644-9419-4982ca504023", "part": 1, "cls": "secondary", "subclass": null, "name": "Schneckenmannstrasse", "length_m": 32.536963948035549, "is_bridge": false, "is_tunnel": false, "is_covered": false, "is_structure": false, "walk_ok": true, "walk_oneway": true, "walk_restricted": false, "walk_sidepath": false, "under_at_m": [ ], "bike_ok": true, "bike_oneway": true, "bike_restricted": false, "bike_facility": "", "low_stress": false, "max_abs_grade": 0.10515384365230859, "elev_min": 522.94549560546875, "elev_max": 526.25970458984375, "cum_gain_fwd": 0.0, "cum_loss_fwd": 3.314208984375, "net_change_fwd": -3.314208984375, "avg_grade_fwd": -0.10185980910665149, "n_samples": 8, "d_abs_above_3": 32.536964416503906, "d_abs_above_5": 32.536964416503906, "d_abs_above_8": 32.536964416503906, "d_abs_above_10": 18.592550277709961, "d_abs_above_15": 0.0, "grade_reliable": true, "max_abs_grade_reliable": 0.10515384365230859, "shortest_use": 24, "flat_use": 0, "flat_use_per_objective": 0.0, "unavoidability": 0.0, "barrier_score": 0.8211328367790075, "neighborhood": "Fluntern" }, "geometry": { "type": "LineString", "coordinates": [ [ 8.563668908959437, 47.375507996431786 ], [ 8.563668708413411, 47.375508010157354 ], [ 8.563467008413202, 47.375524610157413 ], [ 8.563240459688604, 47.375538264876027 ] ] } },
{ "type": "Feature", "properties": { "edge_id": 68275, "segment_id": "531ae96f-339f-4356-9e27-d2707a77febd", "u": "7c7be985-a88e-486c-9e57-b2148ddb549f", "v": "6dbd42df-a434-45e7-9278-97fc9f1ced61", "part": 2, "cls": "residential", "subclass": null, "name": "Im Eisernen Zeit", "length_m": 42.946023598454623, "is_bridge": false, "is_tunnel": false, "is_covered": false, "is_structure": false, "walk_ok": true, "walk_oneway": false, "walk_restricted": false, "walk_sidepath": false, "under_at_m": [ ], "bike_ok": true, "bike_oneway": false, "bike_restricted": false, "bike_facility": "", "low_stress": true, "max_abs_grade": 0.10594026330576271, "elev_min": 464.74954223632812, "elev_max": 468.92559814453125, "cum_gain_fwd": 0.0, "cum_loss_fwd": 4.176055908203125, "net_change_fwd": -4.176055908203125, "avg_grade_fwd": -0.097239644336022196, "n_samples": 10, "d_abs_above_3": 42.946022033691406, "d_abs_above_5": 42.946022033691406, "d_abs_above_8": 38.174243927001953, "d_abs_above_10": 28.630681991577148, "d_abs_above_15": 0.0, "grade_reliable": true, "max_abs_grade_reliable": 0.10594026330576271, "shortest_use": 18, "flat_use": 0, "flat_use_per_objective": 0.0, "unavoidability": 0.0, "barrier_score": 0.81894834863204069, "neighborhood": "Unterstrass" }, "geometry": { "type": "LineString", "coordinates": [ [ 8.540809191680871, 47.391590595423679 ], [ 8.54048360838601, 47.391303210169141 ], [ 8.540462308385994, 47.391284710169153 ], [ 8.54046213716242, 47.391284561137439 ] ] } },
{ "type": "Feature", "properties": { "edge_id": 41110, "segment_id": "56809d83-abaf-497f-9a88-ad111b470279", "u": "7bc7621b-5983-458c-82b2-89e1918ea192", "v": "faba7d31-add4-4369-b955-bd8c5f0017d2", "part": 2, "cls": "footway", "subclass": null, "name": "Lettenviadukt", "length_m": 20.278546724578014, "is_bridge": true, "is_tunnel": false, "is_covered": false, "is_structure": true, "walk_ok": true, "walk_oneway": false, "walk_restricted": false, "walk_sidepath": false, "under_at_m": [ ], "bike_ok": true, "bike_oneway": false, "bike_restricted": false, "bike_facility": "shared_path", "low_stress": true, "max_abs_grade": 0.25077227063438706, "elev_min": 404.22381591796875, "elev_max": 409.30892944335938, "cum_gain_fwd": 0.0, "cum_loss_fwd": 5.085113525390625, "net_change_fwd": -5.085113525390625, "avg_grade_fwd": -0.25076320573780597, "n_samples": 6, "d_abs_above_3": 20.278547286987305, "d_abs_above_5": 20.278547286987305, "d_abs_above_8": 20.278547286987305, "d_abs_above_10": 20.278547286987305, "d_abs_above_15": 20.278547286987305, "grade_reliable": true, "max_abs_grade_reliable": 0.25077227063438706, "shortest_use": 16, "flat_use": 0, "flat_use_per_objective": 0.0, "unavoidability": 0.0, "barrier_score": 0.81364755316607063, "neighborhood": "Gewerbeschule" }, "geometry": { "type": "LineString", "coordinates": [ [ 8.528311299135293, 47.388222505175506 ], [ 8.528456008375283, 47.388247110171605 ], [ 8.528556708375381, 47.388258210171642 ], [ 8.528573856811777, 47.388260107744507 ] ] } },
{ "type": "Feature", "properties": { "edge_id": 68434, "segment_id": "0bddfe07-356a-46b1-9071-8b182b93adbb", "u": "d9ca78db-2a60-4185-b6db-27cd7e913198", "v": "c5eddb8e-b753-400e-944f-8824e97922f4", "part": 0, "cls": "residential", "subclass": null, "name": "Kinkelstrasse", "length_m": 53.897760405996671, "is_bridge": false, "is_tunnel": false, "is_covered": false, "is_structure": false, "walk_ok": true, "walk_oneway": true, "walk_restricted": false, "walk_sidepath": false, "under_at_m": [ ], "bike_ok": true, "bike_oneway": true, "bike_restricted": false, "bike_facility": "", "low_stress": true, "max_abs_grade": 0.083708817570132016, "elev_min": 485.03561401367188, "elev_max": 488.841796875, "cum_gain_fwd": 3.806182861328125, "cum_loss_fwd": -0.0, "net_change_fwd": 3.806182861328125, "avg_grade_fwd": 0.070618569287581021, "n_samples": 12, "d_abs_above_3": 53.897762298583984, "d_abs_above_5": 53.897762298583984, "d_abs_above_8": 9.7995929718017578, "d_abs_above_10": 0.0, "d_abs_above_15": 0.0, "grade_reliable": true, "max_abs_grade_reliable": 0.083708817570132016, "shortest_use": 18, "flat_use": 61, "flat_use_per_objective": 20.333333333333332, "unavoidability": 1.0, "barrier_score": 0.81210920278756671, "neighborhood": "Oberstrass" }, "geometry": { "type": "LineString", "coordinates": [ [ 8.545579708391724, 47.388831610166875 ], [ 8.545996608392043, 47.389118010166825 ], [ 8.546034708392078, 47.389131810166809 ], [ 8.54610370839214, 47.389141310166877 ], [ 8.546110936588079, 47.389141533476938 ] ] } },
{ "type": "Feature", "properties": { "edge_id": 5427, "segment_id": "354b25db-d4c9-47fc-a1d2-4bcc06cdf1a1", "u": "98c5ddf5-191e-4904-8c23-c296a8b01c2b", "v": "4f4553e3-8547-4db0-b8e7-dc8022bac9cb", "part": 13, "cls": "track", "subclass": null, "name": "Albisgütliweg", "length_m": 213.7190434400552, "is_bridge": false, "is_tunnel": false, "is_covered": false, "is_structure": false, "walk_ok": true, "walk_oneway": false, "walk_restricted": false, "walk_sidepath": false, "under_at_m": [ ], "bike_ok": true, "bike_oneway": false, "bike_restricted": false, "bike_facility": "", "low_stress": false, "max_abs_grade": 0.094557422143629041, "elev_min": 457.88510131835938, "elev_max": 474.15200805664062, "cum_gain_fwd": 16.26690673828125, "cum_loss_fwd": -0.0, "net_change_fwd": 16.26690673828125, "avg_grade_fwd": 0.076113512135368308, "n_samples": 44, "d_abs_above_3": 213.71903991699219, "d_abs_above_5": 203.77862548828125, "d_abs_above_8": 84.493572235107422, "d_abs_above_10": 0.0, "d_abs_above_15": 0.0, "grade_reliable": true, "max_abs_grade_reliable": 0.094557422143629041, "shortest_use": 4, "flat_use": 2, "flat_use_per_objective": 0.66666666666666663, "unavoidability": 0.16666666666666666, "barrier_score": 0.80834887242775566, "neighborhood": "Friesenberg" }, "geometry": { "type": "LineString", "coordinates": [ [ 8.514473632033823, 47.353054978964913 ], [ 8.514332508372402, 47.353039710164339 ], [ 8.513861508371955, 47.352980010164472 ], [ 8.51334910837147, 47.352944610164585 ], [ 8.513237808371366, 47.352923810164619 ], [ 8.513053108371201, 47.352866110164641 ], [ 8.512901208371076, 47.352795910164666 ], [ 8.512769208370976, 47.352712310164684 ], [ 8.51242510837071, 47.352476310164725 ], [ 8.512390208370688, 47.352458010164717 ], [ 8.512182308370503, 47.35239011016477 ], [ 8.511956608370294, 47.352346910164798 ], [ 8.511946029415105, 47.352347207167576 ] ] } },
{ "type": "Feature", "properties": { "edge_id": 10449, "segment_id": "23c4e876-a82a-4f84-a8c3-1802bb084f83", "u": "11375ae8-648b-421f-8a62-ce3f44538cbb", "v": "2176f42f-0621-42f4-8c0f-a8a246471192", "part": 1, "cls": "footway", "subclass": null, "name": null, "length_m": 33.695734189824265, "is_bridge": false, "is_tunnel": false, "is_covered": false, "is_structure": false, "walk_ok": true, "walk_oneway": false, "walk_restricted": false, "walk_sidepath": false, "under_at_m": [ ], "bike_ok": false, "bike_oneway": false, "bike_restricted": false, "bike_facility": "", "low_stress": false, "max_abs_grade": 0.13249474096712316, "elev_min": 439.92929077148438, "elev_max": 443.21490478515625, "cum_gain_fwd": 0.0, "cum_loss_fwd": 3.285614013671875, "net_change_fwd": -3.285614013671875, "avg_grade_fwd": -0.097508302544906195, "n_samples": 8, "d_abs_above_3": 33.695735931396484, "d_abs_above_5": 28.882059574127197, "d_abs_above_8": 24.06838321685791, "d_abs_above_10": 19.254704475402832, "d_abs_above_15": 0.0, "grade_reliable": true, "max_abs_grade_reliable": 0.13249474096712316, "shortest_use": 18, "flat_use": 0, "flat_use_per_objective": 0.0, "unavoidability": 0.0, "barrier_score": 0.80361136317200421, "neighborhood": "Enge" }, "geometry": { "type": "LineString", "coordinates": [ [ 8.5298574898379, 47.357525573258322 ], [ 8.529848208386126, 47.357518210161352 ], [ 8.529602808385901, 47.357468510161397 ], [ 8.529523208385823, 47.357458710161403 ], [ 8.529452208385758, 47.357459210161409 ], [ 8.529436508385741, 47.357459310161424 ], [ 8.529428486496382, 47.357459919033445 ] ] } },
{ "type": "Feature", "properties": { "edge_id": 39664, "segment_id": "ed9ae408-e1c9-42e8-a720-65dd3fa96dfc", "u": "dc3f7595-dbcf-4d79-b2eb-4955580d03eb", "v": "10f7267f-cf0d-4769-9a8f-81decba28e9c", "part": 1, "cls": "track", "subclass": null, "name": "Eichhörnliweg", "length_m": 91.607743054371298, "is_bridge": false, "is_tunnel": false, "is_covered": false, "is_structure": false, "walk_ok": true, "walk_oneway": false, "walk_restricted": false, "walk_sidepath": false, "under_at_m": [ ], "bike_ok": true, "bike_oneway": false, "bike_restricted": false, "bike_facility": "", "low_stress": false, "max_abs_grade": 0.087600697632904068, "elev_min": 483.02362060546875, "elev_max": 486.41070556640625, "cum_gain_fwd": 3.3870849609375, "cum_loss_fwd": -0.0, "net_change_fwd": 3.3870849609375, "avg_grade_fwd": 0.036973784917562029, "n_samples": 20, "d_abs_above_3": 33.750221252441406, "d_abs_above_5": 24.107301712036133, "d_abs_above_8": 9.6429204940795898, "d_abs_above_10": 0.0, "d_abs_above_15": 0.0, "grade_reliable": true, "max_abs_grade_reliable": 0.087600697632904068, "shortest_use": 10, "flat_use": 0, "flat_use_per_objective": 0.0, "unavoidability": 0.0, "barrier_score": 0.80249022001387471, "neighborhood": "Wipkingen" }, "geometry": { "type": "LineString", "coordinates": [ [ 8.531479420310625, 47.400774333840658 ], [ 8.531354508374147, 47.400991710174871 ], [ 8.53113100837383, 47.401317610175077 ], [ 8.53105040837371, 47.401458210175072 ], [ 8.530990721046228, 47.401527455187193 ] ] } },
{ "type": "Feature", "properties": { "edge_id": 57759, "segment_id": "0e539013-dd39-4662-89f7-dfe8818f5a5b", "u": "c0d7b920-0261-4f06-b717-ee811e38c630", "v": "06f47719-15e2-40d0-a119-3c55e98ad9e0", "part": 2, "cls": "residential", "subclass": null, "name": "Biberlinstrasse", "length_m": 24.927197408591507, "is_bridge": false, "is_tunnel": false, "is_covered": false, "is_structure": false, "walk_ok": true, "walk_oneway": false, "walk_restricted": false, "walk_sidepath": false, "under_at_m": [ ], "bike_ok": true, "bike_oneway": false, "bike_restricted": false, "bike_facility": "", "low_stress": true, "max_abs_grade": 0.12333889291345783, "elev_min": 473.55523681640625, "elev_max": 476.43731689453125, "cum_gain_fwd": 2.882080078125, "cum_loss_fwd": -0.0, "net_change_fwd": 2.882080078125, "avg_grade_fwd": 0.11561990446115741, "n_samples": 6, "d_abs_above_3": 24.927196502685547, "d_abs_above_5": 24.927196502685547, "d_abs_above_8": 24.927196502685547, "d_abs_above_10": 19.941757202148438, "d_abs_above_15": 0.0, "grade_reliable": true, "max_abs_grade_reliable": 0.12333889291345783, "shortest_use": 26, "flat_use": 42, "flat_use_per_objective": 14.0, "unavoidability": 0.53846153846153844, "barrier_score": 0.79936816227083174, "neighborhood": "Hirslanden" }, "geometry": { "type": "LineString", "coordinates": [ [ 8.568446162527195, 47.363034771913291 ], [ 8.568696908422108, 47.363179310151914 ], [ 8.568697805610332, 47.363179800500617 ] ] } },
{ "type": "Feature", "properties": { "edge_id": 80032, "segment_id": "fcb83640-bd44-4bc1-8a3c-c51b57c45a67", "u": "9477467f-c38d-44d0-acf1-165d40b7e601", "v": "ae19b274-3f15-4fb7-bd86-b8d9045fd6a5", "part": 2, "cls": "residential", "subclass": null, "name": "Michelstrasse", "length_m": 13.59145608575157, "is_bridge": false, "is_tunnel": false, "is_covered": false, "is_structure": false, "walk_ok": true, "walk_oneway": false, "walk_restricted": false, "walk_sidepath": false, "under_at_m": [ ], "bike_ok": true, "bike_oneway": false, "bike_restricted": false, "bike_facility": "", "low_stress": true, "max_abs_grade": 0.11307134867104032, "elev_min": 495.06195068359375, "elev_max": 496.49130249023438, "cum_gain_fwd": 1.429351806640625, "cum_loss_fwd": -0.0, "net_change_fwd": 1.429351806640625, "avg_grade_fwd": 0.10516546300697988, "n_samples": 4, "d_abs_above_3": 13.591456413269043, "d_abs_above_5": 13.591456413269043, "d_abs_above_8": 13.591456413269043, "d_abs_above_10": 9.0609703063964844, "d_abs_above_15": 0.0, "grade_reliable": false, "max_abs_grade_reliable": null, "shortest_use": 52, "flat_use": 104, "flat_use_per_objective": 34.666666666666664, "unavoidability": 0.66666666666666663, "barrier_score": 0.7991382204099573, "neighborhood": "Höngg" }, "geometry": { "type": "LineString", "coordinates": [ [ 8.495848726527008, 47.406023888778087 ], [ 8.495849008338073, 47.40603111018671 ], [ 8.495814908338005, 47.406143410186758 ], [ 8.495814692102694, 47.406143737354427 ] ] } },
{ "type": "Feature", "properties": { "edge_id": 60460, "segment_id": "cae6076a-bf9c-4a98-aa2a-47efebf00ba3", "u": "e80b77f0-83d2-43a0-a249-2fcaf8dc213e", "v": "46c1a269-ec53-481e-8dac-619495df2205", "part": 1, "cls": "secondary", "subclass": null, "name": "Hofstrasse", "length_m": 46.757859550489329, "is_bridge": false, "is_tunnel": false, "is_covered": false, "is_structure": false, "walk_ok": true, "walk_oneway": false, "walk_restricted": false, "walk_sidepath": false, "under_at_m": [ ], "bike_ok": true, "bike_oneway": false, "bike_restricted": false, "bike_facility": "", "low_stress": false, "max_abs_grade": 0.10669895221537551, "elev_min": 540.1737060546875, "elev_max": 544.9222412109375, "cum_gain_fwd": 0.0, "cum_loss_fwd": 4.74853515625, "net_change_fwd": -4.74853515625, "avg_grade_fwd": -0.10155587384228099, "n_samples": 11, "d_abs_above_3": 46.757858276367188, "d_abs_above_5": 46.757858276367188, "d_abs_above_8": 46.757858276367188, "d_abs_above_10": 28.054715156555176, "d_abs_above_15": 0.0, "grade_reliable": true, "max_abs_grade_reliable": 0.10669895221537551, "shortest_use": 16, "flat_use": 16, "flat_use_per_objective": 5.333333333333333, "unavoidability": 0.33333333333333331, "barrier_score": 0.79824233949934409, "neighborhood": "Hottingen" }, "geometry": { "type": "LineString", "coordinates": [ [ 8.567204058553449, 47.37613144411371 ], [ 8.567008908416469, 47.376076610156552 ], [ 8.56686870841634, 47.376046010156621 ], [ 8.566761608416243, 47.376028610156645 ], [ 8.566622208416108, 47.376019910156678 ], [ 8.566611645249722, 47.37601987830795 ] ] } },
{ "type": "Feature", "properties": { "edge_id": 61664, "segment_id": "74a2a34c-f99a-4e9f-a1dd-e10dacdbc4fa", "u": "d5dcdcdf-85f7-44a5-9010-382a5499104b", "v": "fdb2f175-d1e9-4ddc-a9e6-f480b7e237d9", "part": 1, "cls": "service", "subclass": null, "name": "Häldeliweg", "length_m": 40.041333542816872, "is_bridge": false, "is_tunnel": false, "is_covered": false, "is_structure": false, "walk_ok": true, "walk_oneway": false, "walk_restricted": false, "walk_sidepath": false, "under_at_m": [ ], "bike_ok": true, "bike_oneway": false, "bike_restricted": false, "bike_facility": "", "low_stress": false, "max_abs_grade": 0.16588012566364396, "elev_min": 467.72622680664062, "elev_max": 473.76004028320312, "cum_gain_fwd": 6.0338134765625, "cum_loss_fwd": -0.0, "net_change_fwd": 6.0338134765625, "avg_grade_fwd": 0.15068962839854258, "n_samples": 10, "d_abs_above_3": 40.041332244873047, "d_abs_above_5": 40.041332244873047, "d_abs_above_8": 40.041332244873047, "d_abs_above_10": 40.041332244873047, "d_abs_above_15": 26.694221496582031, "grade_reliable": true, "max_abs_grade_reliable": 0.16588012566364396, "shortest_use": 12, "flat_use": 0, "flat_use_per_objective": 0.0, "unavoidability": 0.0, "barrier_score": 0.79704737277868132, "neighborhood": "Fluntern" }, "geometry": { "type": "LineString", "coordinates": [ [ 8.553889070284464, 47.376480037456609 ], [ 8.554001808403681, 47.376635910160502 ], [ 8.554069508403728, 47.376704610160552 ], [ 8.554150408403785, 47.376763310160527 ], [ 8.554182608403815, 47.376771610160517 ] ] } },
{ "type": "Feature", "properties": { "edge_id": 76276, "segment_id": "a924e6dd-5b84-4c8b-bf22-4344a99e982f", "u": "5c3ae58c-1867-4cba-babb-c3282b29a633", "v": "2a7692b4-896f-440a-b087-8d7122ece382", "part": 0, "cls": "track", "subclass": null, "name": null, "length_m": 176.4506585899158, "is_bridge": false, "is_tunnel": false, "is_covered": false, "is_structure": false, "walk_ok": true, "walk_oneway": false, "walk_restricted": false, "walk_sidepath": false, "under_at_m": [ ], "bike_ok": true, "bike_oneway": false, "bike_restricted": false, "bike_facility": "", "low_stress": false, "max_abs_grade": 0.11238456066509245, "elev_min": 655.89923095703125, "elev_max": 670.81195068359375, "cum_gain_fwd": 0.0, "cum_loss_fwd": 14.9127197265625, "net_change_fwd": -14.9127197265625, "avg_grade_fwd": -0.084514959092414563, "n_samples": 37, "d_abs_above_3": 176.45065307617188, "d_abs_above_5": 156.84503173828125, "d_abs_above_8": 112.73236083984375, "d_abs_above_10": 49.014074325561523, "d_abs_above_15": 0.0, "grade_reliable": true, "max_abs_grade_reliable": 0.11238456066509245, "shortest_use": 4, "flat_use": 0, "flat_use_per_objective": 0.0, "unavoidability": 0.0, "barrier_score": 0.79321318978775635, "neighborhood": "Hottingen" }, "geometry": { "type": "LineString", "coordinates": [ [ 8.590577808440417, 47.372471010148551 ], [ 8.59063630844043, 47.372604410148575 ], [ 8.590690208440435, 47.372747210148589 ], [ 8.590720408440417, 47.372908910148666 ], [ 8.590787308440442, 47.37303851014871 ], [ 8.59087900844048, 47.373206510148734 ], [ 8.59089210844046, 47.373291410148745 ], [ 8.590942308440484, 47.373378610148755 ], [ 8.5909764084405, 47.373427910148791 ], [ 8.591090508440569, 47.373558310148773 ], [ 8.5911324084406, 47.373607210148762 ], [ 8.59119640844062, 47.373722610148789 ], [ 8.591216708440628, 47.373765910148798 ], [ 8.591228708440628, 47.373815810148798 ], [ 8.591232708440613, 47.373864510148813 ], [ 8.591231008440595, 47.373921210148829 ], [ 8.591205808440547, 47.373972810148835 ] ] } },
{ "type": "Feature", "properties": { "edge_id": 74937, "segment_id": "a1ab771a-fa7c-4074-9b2c-2992f28e20cd", "u": "e5de1b7c-b36b-4322-a053-53a178539a6c", "v": "7148e912-61a5-4d97-92e7-9615e2c0f3a4", "part": 1, "cls": "residential", "subclass": null, "name": "Franzosenweg", "length_m": 90.939397482899551, "is_bridge": false, "is_tunnel": false, "is_covered": false, "is_structure": false, "walk_ok": true, "walk_oneway": false, "walk_restricted": false, "walk_sidepath": false, "under_at_m": [ ], "bike_ok": true, "bike_oneway": false, "bike_restricted": false, "bike_facility": "", "low_stress": true, "max_abs_grade": 0.086918265460318681, "elev_min": 467.58285522460938, "elev_max": 472.66241455078125, "cum_gain_fwd": 5.079559326171875, "cum_loss_fwd": -0.0, "net_change_fwd": 5.079559326171875, "avg_grade_fwd": 0.055856530193230329, "n_samples": 20, "d_abs_above_3": 90.939399719238281, "d_abs_above_5": 43.076557159423828, "d_abs_above_8": 23.931419372558594, "d_abs_above_10": 0.0, "d_abs_above_15": 0.0, "grade_reliable": true, "max_abs_grade_reliable": 0.086918265460318681, "shortest_use": 10, "flat_use": 4, "flat_use_per_objective": 1.3333333333333333, "unavoidability": 0.13333333333333333, "barrier_score": 0.79042946912200984, "neighborhood": "Hirzenbach" }, "geometry": { "type": "LineString", "coordinates": [ [ 8.588537764445116, 47.393865052517157 ], [ 8.588411908431672, 47.393787610156004 ], [ 8.588324908431613, 47.393716610156005 ], [ 8.588255808431562, 47.393644910156041 ], [ 8.5881354084315, 47.393490810155946 ], [ 8.588024908431422, 47.393416410156028 ], [ 8.58796650843137, 47.393380110156038 ], [ 8.58783920843126, 47.39333281015606 ], [ 8.587763308431198, 47.393301610156087 ], [ 8.587723167268782, 47.39328507021596 ] ] } },
{ "type": "Feature", "properties": { "edge_id": 63525, "segment_id": "e085c120-9985-46a8-ae05-9a8d498c43ec", "u": "5d6af535-5280-403e-9e89-ff3aaf3d8df8", "v": "b568c355-9f6f-406a-a51f-e5920f85a2cf", "part": 1, "cls": "footway", "subclass": null, "name": "Spiegelgasse", "length_m": 33.185158935185981, "is_bridge": false, "is_tunnel": false, "is_covered": false, "is_structure": false, "walk_ok": true, "walk_oneway": false, "walk_restricted": false, "walk_sidepath": false, "under_at_m": [ ], "bike_ok": false, "bike_oneway": false, "bike_restricted": false, "bike_facility": "", "low_stress": false, "max_abs_grade": 0.17008651941461547, "elev_min": 413.3397216796875, "elev_max": 416.85693359375, "cum_gain_fwd": 0.0, "cum_loss_fwd": 3.5172119140625, "net_change_fwd": -3.5172119140625, "avg_grade_fwd": -0.1059875001293209, "n_samples": 8, "d_abs_above_3": 33.185157775878906, "d_abs_above_5": 28.444421768188477, "d_abs_above_8": 23.703685760498047, "d_abs_above_10": 14.222210884094238, "d_abs_above_15": 9.4814739227294922, "grade_reliable": true, "max_abs_grade_reliable": 0.17008651941461547, "shortest_use": 14, "flat_use": 6, "flat_use_per_objective": 2.0, "unavoidability": 0.14285714285714285, "barrier_score": 0.79020874513092554, "neighborhood": "Rathaus" }, "geometry": { "type": "LineString", "coordinates": [ [ 8.545506017303977, 47.372247910216394 ], [ 8.545516308396804, 47.37225371016158 ], [ 8.545624408396883, 47.372331010161567 ], [ 8.545686108396929, 47.372384510161588 ], [ 8.545695908396935, 47.372393010161559 ], [ 8.545783308396995, 47.372478410161577 ] ] } },
{ "type": "Feature", "properties": { "edge_id": 95117, "segment_id": "5b766aef-baf6-44e0-a2db-9b3b17ddc6e2", "u": "1032fcda-d337-4fdf-a079-4d640df4ca93", "v": "e353eda8-5aa1-4f7a-b895-914d089be03f", "part": 0, "cls": "path", "subclass": null, "name": "Saatlenfussweg", "length_m": 32.410049433743964, "is_bridge": false, "is_tunnel": false, "is_covered": false, "is_structure": false, "walk_ok": true, "walk_oneway": false, "walk_restricted": false, "walk_sidepath": false, "under_at_m": [ ], "bike_ok": true, "bike_oneway": false, "bike_restricted": false, "bike_facility": "shared_path", "low_stress": true, "max_abs_grade": 0.40546794443732681, "elev_min": 429.10693359375, "elev_max": 433.05755615234375, "cum_gain_fwd": 1.1539306640625, "cum_loss_fwd": 3.95062255859375, "net_change_fwd": -2.79669189453125, "avg_grade_fwd": -0.086290886406704251, "n_samples": 8, "d_abs_above_3": 23.15003490447998, "d_abs_above_5": 23.15003490447998, "d_abs_above_8": 18.520027637481689, "d_abs_above_10": 18.520027637481689, "d_abs_above_15": 13.890020370483398, "grade_reliable": true, "max_abs_grade_reliable": 0.40546794443732681, "shortest_use": 6, "flat_use": 0, "flat_use_per_objective": 0.0, "unavoidability": 0.0, "barrier_score": 0.78847416738073872, "neighborhood": "Saatlen" }, "geometry": { "type": "LineString", "coordinates": [ [ 8.563177308401375, 47.412642510169356 ], [ 8.563176308401282, 47.41293401016943 ] ] } },
{ "type": "Feature", "properties": { "edge_id": 5501, "segment_id": "79cddc31-1f6d-49b2-8db0-877731daac88", "u": "80fedb29-6ce0-4b66-b7a3-abdc0402ca52", "v": "81b04859-a54d-4735-b935-7a2f31af7fda", "part": 2, "cls": "path", "subclass": null, "name": null, "length_m": 32.687874494124706, "is_bridge": false, "is_tunnel": false, "is_covered": false, "is_structure": false, "walk_ok": true, "walk_oneway": false, "walk_restricted": false, "walk_sidepath": false, "under_at_m": [ ], "bike_ok": false, "bike_oneway": false, "bike_restricted": false, "bike_facility": "", "low_stress": false, "max_abs_grade": 0.12016346269705282, "elev_min": 425.81948852539062, "elev_max": 428.44970703125, "cum_gain_fwd": 2.630218505859375, "cum_loss_fwd": -0.0, "net_change_fwd": 2.630218505859375, "avg_grade_fwd": 0.080464655447062813, "n_samples": 8, "d_abs_above_3": 32.687873840332031, "d_abs_above_5": 28.018177509307861, "d_abs_above_8": 14.009088516235352, "d_abs_above_10": 9.3393917083740234, "d_abs_above_15": 0.0, "grade_reliable": true, "max_abs_grade_reliable": 0.12016346269705282, "shortest_use": 20, "flat_use": 0, "flat_use_per_objective": 0.0, "unavoidability": 0.0, "barrier_score": 0.78557763748413978, "neighborhood": "Friesenberg" }, "geometry": { "type": "LineString", "coordinates": [ [ 8.516655278506418, 47.344825288944257 ], [ 8.51664920837718, 47.344818010161021 ], [ 8.516582408377133, 47.344752410161007 ], [ 8.516491808377067, 47.344684910160971 ], [ 8.516415008377006, 47.344641710161 ], [ 8.516359308376961, 47.344614310161049 ] ] } },
{ "type": "Feature", "properties": { "edge_id": 68257, "segment_id": "b0e44fdd-6921-4875-942d-df18b323e1b0", "u": "6f1b8b2b-c662-4cb2-ba23-176f1d27ee91", "v": "54cb143c-6b0c-475a-b5b4-cde5fca18f28", "part": 2, "cls": "residential", "subclass": null, "name": "Im Eisernen Zeit", "length_m": 42.588443370535551, "is_bridge": false, "is_tunnel": false, "is_covered": false, "is_structure": false, "walk_ok": true, "walk_oneway": false, "walk_restricted": false, "walk_sidepath": false, "under_at_m": [ ], "bike_ok": true, "bike_oneway": false, "bike_restricted": false, "bike_facility": "", "low_stress": true, "max_abs_grade": 0.10212192396801878, "elev_min": 471.68121337890625, "elev_max": 475.7919921875, "cum_gain_fwd": 0.0, "cum_loss_fwd": 4.11077880859375, "net_change_fwd": -4.11077880859375, "avg_grade_fwd": -0.09652333933908111, "n_samples": 10, "d_abs_above_3": 42.588443756103516, "d_abs_above_5": 42.588443756103516, "d_abs_above_8": 42.588443756103516, "d_abs_above_10": 14.196147918701172, "d_abs_above_15": 0.0, "grade_reliable": true, "max_abs_grade_reliable": 0.10212192396801878, "shortest_use": 18, "flat_use": 0, "flat_use_per_objective": 0.0, "unavoidability": 0.0, "barrier_score": 0.78285847964437894, "neighborhood": "Unterstrass" }, "geometry": { "type": "LineString", "coordinates": [ [ 8.541420178296864, 47.392114122380946 ], [ 8.541067508386423, 47.391815410169123 ], [ 8.541067335782422, 47.391815264084414 ] ] } },
{ "type": "Feature", "properties": { "edge_id": 73323, "segment_id": "34df2d83-b808-4ee3-baff-e5982a54feca", "u": "6faf3585-0bd2-46d5-af90-ccf6a3a0c89c", "v": "99d3f867-f0f6-413d-b247-b3ff381599d9", "part": 0, "cls": "path", "subclass": null, "name": null, "length_m": 25.208143584835522, "is_bridge": false, "is_tunnel": false, "is_covered": false, "is_structure": false, "walk_ok": true, "walk_oneway": false, "walk_restricted": false, "walk_sidepath": false, "under_at_m": [ ], "bike_ok": false, "bike_oneway": false, "bike_restricted": false, "bike_facility": "", "low_stress": false, "max_abs_grade": 0.14094567582549039, "elev_min": 556.8497314453125, "elev_max": 560.141357421875, "cum_gain_fwd": 3.2916259765625, "cum_loss_fwd": -0.0, "net_change_fwd": 3.2916259765625, "avg_grade_fwd": 0.13057788294735745, "n_samples": 7, "d_abs_above_3": 25.20814323425293, "d_abs_above_5": 25.20814323425293, "d_abs_above_8": 25.20814323425293, "d_abs_above_10": 25.20814323425293, "d_abs_above_15": 0.0, "grade_reliable": true, "max_abs_grade_reliable": 0.14094567582549039, "shortest_use": 22, "flat_use": 0, "flat_use_per_objective": 0.0, "unavoidability": 0.0, "barrier_score": 0.78165534345154142, "neighborhood": "Schwamendingen-Mitte" }, "geometry": { "type": "LineString", "coordinates": [ [ 8.573288408417117, 47.393535610160299 ], [ 8.573166208417055, 47.393366710160308 ], [ 8.573126212624835, 47.393339360252568 ] ] } },
{ "type": "Feature", "properties": { "edge_id": 37688, "segment_id": "13fe9572-ade6-44e8-927f-ddad262050ec", "u": "152501a7-b2b1-4e7e-bcad-b31c548463f6", "v": "9601aa85-a016-4d44-a3dd-2edd90dc0f58", "part": 2, "cls": "residential", "subclass": null, "name": "Bäulistrasse", "length_m": 193.86583149145918, "is_bridge": false, "is_tunnel": false, "is_covered": false, "is_structure": false, "walk_ok": true, "walk_oneway": false, "walk_restricted": false, "walk_sidepath": false, "under_at_m": [ ], "bike_ok": true, "bike_oneway": false, "bike_restricted": false, "bike_facility": "", "low_stress": true, "max_abs_grade": 0.10048070134510427, "elev_min": 402.76934814453125, "elev_max": 420.06735229492188, "cum_gain_fwd": 17.298004150390625, "cum_loss_fwd": -0.0, "net_change_fwd": 17.298004150390625, "avg_grade_fwd": 0.089226679079440832, "n_samples": 40, "d_abs_above_3": 193.86582946777344, "d_abs_above_5": 193.86582946777344, "d_abs_above_8": 159.06939125061035, "d_abs_above_10": 14.912757873535156, "d_abs_above_15": 0.0, "grade_reliable": true, "max_abs_grade_reliable": 0.10048070134510427, "shortest_use": 4, "flat_use": 2, "flat_use_per_objective": 0.66666666666666663, "unavoidability": 0.16666666666666666, "barrier_score": 0.77919098860454483, "neighborhood": "Höngg" }, "geometry": { "type": "LineString", "coordinates": [ [ 8.504595278200364, 47.396588646444648 ], [ 8.504578608349481, 47.396600610181181 ], [ 8.504296008349144, 47.396811610181345 ], [ 8.503960008348738, 47.397065110181494 ], [ 8.503741308348449, 47.397323810181675 ], [ 8.503350108347911, 47.397812710181945 ], [ 8.503204708347701, 47.398038310182088 ] ] } },
{ "type": "Feature", "properties": { "edge_id": 63368, "segment_id": "887cc937-9ebe-4221-baf4-6428b4816292", "u": "bead7603-4072-4e1c-babb-464f59b3dec6", "v": "c0cd8629-a878-4301-8ce4-ffb3f95eb69c", "part": 1, "cls": "pedestrian", "subclass": null, "name": "Lindenhofstrasse", "length_m": 49.705463874140634, "is_bridge": false, "is_tunnel": false, "is_covered": false, "is_structure": false, "walk_ok": true, "walk_oneway": false, "walk_restricted": false, "walk_sidepath": false, "under_at_m": [ ], "bike_ok": false, "bike_oneway": false, "bike_restricted": false, "bike_facility": "car_free_street", "low_stress": true, "max_abs_grade": 0.111705381201367, "elev_min": 417.73257446289062, "elev_max": 422.55517578125, "cum_gain_fwd": 4.822601318359375, "cum_loss_fwd": -0.0, "net_change_fwd": 4.822601318359375, "avg_grade_fwd": 0.097023566174921555, "n_samples": 11, "d_abs_above_3": 49.705463409423828, "d_abs_above_5": 49.705463409423828, "d_abs_above_8": 39.764370918273926, "d_abs_above_10": 24.852730751037598, "d_abs_above_15": 0.0, "grade_reliable": true, "max_abs_grade_reliable": 0.111705381201367, "shortest_use": 14, "flat_use": 0, "flat_use_per_objective": 0.0, "unavoidability": 0.0, "barrier_score": 0.7773314905792319, "neighborhood": "Lindenhof" }, "geometry": { "type": "LineString", "coordinates": [ [ 8.540460515961186, 47.373940201144926 ], [ 8.540524508391462, 47.373851210163522 ], [ 8.540732208391725, 47.373659410163391 ], [ 8.540743808391746, 47.373606810163359 ], [ 8.540746146884192, 47.373550101722152 ] ] } },
{ "type": "Feature", "properties": { "edge_id": 4854, "segment_id": "9ccadc2e-fcd8-480d-8a00-47c30ab43534", "u": "c303e428-b1e2-4782-a286-6fb1adf48bb1", "v": "17e6ada9-cd3d-4a00-b2bd-f22657e5e6fa", "part": 2, "cls": "residential", "subclass": null, "name": "Hegianwandweg", "length_m": 42.810955527301012, "is_bridge": false, "is_tunnel": false, "is_covered": false, "is_structure": false, "walk_ok": true, "walk_oneway": true, "walk_restricted": false, "walk_sidepath": false, "under_at_m": [ ], "bike_ok": true, "bike_oneway": true, "bike_restricted": false, "bike_facility": "", "low_stress": true, "max_abs_grade": 0.090402294541242115, "elev_min": 459.69021606445312, "elev_max": 463.47698974609375, "cum_gain_fwd": 0.0, "cum_loss_fwd": 3.786773681640625, "net_change_fwd": -3.786773681640625, "avg_grade_fwd": -0.08845338015537349, "n_samples": 10, "d_abs_above_3": 42.810955047607422, "d_abs_above_5": 42.810955047607422, "d_abs_above_8": 42.810955047607422, "d_abs_above_10": 0.0, "d_abs_above_15": 0.0, "grade_reliable": true, "max_abs_grade_reliable": 0.090402294541242115, "shortest_use": 20, "flat_use": 18, "flat_use_per_objective": 6.0, "unavoidability": 0.3, "barrier_score": 0.77404172223421663, "neighborhood": "Friesenberg" }, "geometry": { "type": "LineString", "coordinates": [ [ 8.512165647385576, 47.356976259329358 ], [ 8.512182908369089, 47.356981710166238 ], [ 8.512434008369317, 47.357057010166208 ], [ 8.512566808369428, 47.357102010166159 ], [ 8.512676890966945, 47.357141905872588 ] ] } },
{ "type": "Feature", "properties": { "edge_id": 46052, "segment_id": "538882ef-5ce0-421b-a751-a766b2b8aedf", "u": "82cbf7ef-14d3-41a9-aee3-308c8ece122f", "v": "c20a9bff-960e-40a8-8fed-85472b99efcf", "part": 0, "cls": "tertiary", "subclass": null, "name": "Hohlstrasse", "length_m": 13.886477857568963, "is_bridge": true, "is_tunnel": false, "is_covered": false, "is_structure": true, "walk_ok": true, "walk_oneway": true, "walk_restricted": false, "walk_sidepath": false, "under_at_m": [ ], "bike_ok": true, "bike_oneway": true, "bike_restricted": false, "bike_facility": "", "low_stress": false, "max_abs_grade": 0.25256238776547918, "elev_min": 405.92526245117188, "elev_max": 409.432373046875, "cum_gain_fwd": 0.0, "cum_loss_fwd": 3.507110595703125, "net_change_fwd": -3.507110595703125, "avg_grade_fwd": -0.25255581216901801, "n_samples": 4, "d_abs_above_3": 13.886477470397949, "d_abs_above_5": 13.886477470397949, "d_abs_above_8": 13.886477470397949, "d_abs_above_10": 13.886477470397949, "d_abs_above_15": 13.886477470397949, "grade_reliable": false, "max_abs_grade_reliable": null, "shortest_use": 22, "flat_use": 0, "flat_use_per_objective": 0.0, "unavoidability": 0.0, "barrier_score": 0.7715844411792161, "neighborhood": "Hard" }, "geometry": { "type": "LineString", "coordinates": [ [ 8.520697308370295, 47.379978510171235 ], [ 8.520849208370464, 47.379910110171153 ], [ 8.520850567119929, 47.37990949324589 ] ] } },
{ "type": "Feature", "properties": { "edge_id": 63789, "segment_id": "bc801cbb-61d9-41f5-ae9b-656fb58fca84", "u": "1ca3388e-21ad-4d1e-b06e-212c1b41bf97", "v": "3dde39da-accd-475a-986f-4d6ff89082bb", "part": 0, "cls": "pedestrian", "subclass": null, "name": "Schlüsselgasse", "length_m": 41.607525877478814, "is_bridge": false, "is_tunnel": false, "is_covered": false, "is_structure": false, "walk_ok": true, "walk_oneway": false, "walk_restricted": false, "walk_sidepath": false, "under_at_m": [ ], "bike_ok": false, "bike_oneway": false, "bike_restricted": false, "bike_facility": "car_free_street", "low_stress": true, "max_abs_grade": 0.13236659248605709, "elev_min": 413.29583740234375, "elev_max": 416.63595581054688, "cum_gain_fwd": 0.0, "cum_loss_fwd": 3.340118408203125, "net_change_fwd": -3.340118408203125, "avg_grade_fwd": -0.080276786915167583, "n_samples": 10, "d_abs_above_3": 36.984466552734375, "d_abs_above_5": 27.738349914550781, "d_abs_above_8": 23.115291595458984, "d_abs_above_10": 18.492233276367188, "d_abs_above_15": 0.0, "grade_reliable": true, "max_abs_grade_reliable": 0.13236659248605709, "shortest_use": 14, "flat_use": 0, "flat_use_per_objective": 0.0, "unavoidability": 0.0, "barrier_score": 0.77104249910482381, "neighborhood": "Lindenhof" }, "geometry": { "type": "LineString", "coordinates": [ [ 8.540981408392692, 47.37129711016258 ], [ 8.541041508392789, 47.371179310162503 ], [ 8.541110931440485, 47.370934252738124 ] ] } },
{ "type": "Feature", "properties": { "edge_id": 59545, "segment_id": "774f4964-dc15-4a41-a42a-a1b43eb4e22d", "u": "85050613-f0f0-44ce-aadb-02abc799b46c", "v": "29b6b2f0-73b5-4a08-9aec-6ffe1b3bd983", "part": 1, "cls": "residential", "subclass": null, "name": "Dolderstrasse", "length_m": 59.39671894943892, "is_bridge": false, "is_tunnel": false, "is_covered": false, "is_structure": false, "walk_ok": true, "walk_oneway": false, "walk_restricted": false, "walk_sidepath": false, "under_at_m": [ ], "bike_ok": true, "bike_oneway": false, "bike_restricted": false, "bike_facility": "", "low_stress": true, "max_abs_grade": 0.16185073114245888, "elev_min": 458.89199829101562, "elev_max": 467.75146484375, "cum_gain_fwd": 0.0, "cum_loss_fwd": 8.859466552734375, "net_change_fwd": -8.859466552734375, "avg_grade_fwd": -0.14915751222520701, "n_samples": 13, "d_abs_above_3": 59.396717071533203, "d_abs_above_5": 59.396717071533203, "d_abs_above_8": 59.396717071533203, "d_abs_above_10": 59.396717071533203, "d_abs_above_15": 34.648085594177246, "grade_reliable": true, "max_abs_grade_reliable": 0.16185073114245888, "shortest_use": 8, "flat_use": 68, "flat_use_per_objective": 22.666666666666668, "unavoidability": 1.0, "barrier_score": 0.76907219115438652, "neighborhood": "Hottingen" }, "geometry": { "type": "LineString", "coordinates": [ [ 8.561346833641815, 47.37095270749974 ], [ 8.561169608412394, 47.370946410156591 ], [ 8.560560808411813, 47.370938910156795 ], [ 8.560560783693887, 47.370938909858459 ] ] } },
{ "type": "Feature", "properties": { "edge_id": 73653, "segment_id": "d3a38eb3-d17a-4608-98d5-8191754225f0", "u": "72de0bc4-3b34-495e-817a-23be71075bd3", "v": "d56f4cec-5950-4bf0-83ee-47b2c7c13437", "part": 0, "cls": "track", "subclass": null, "name": "Heubeeriweg", "length_m": 284.58118073840734, "is_bridge": false, "is_tunnel": false, "is_covered": false, "is_structure": false, "walk_ok": true, "walk_oneway": false, "walk_restricted": false, "walk_sidepath": false, "under_at_m": [ ], "bike_ok": true, "bike_oneway": false, "bike_restricted": false, "bike_facility": "", "low_stress": false, "max_abs_grade": 0.13509843175267, "elev_min": 646.6612548828125, "elev_max": 667.4749755859375, "cum_gain_fwd": 20.813720703125, "cum_loss_fwd": -0.0, "net_change_fwd": 20.813720703125, "avg_grade_fwd": 0.073138079405856593, "n_samples": 58, "d_abs_above_3": 239.64730834960938, "d_abs_above_5": 204.69873046875, "d_abs_above_8": 99.853042602539062, "d_abs_above_10": 79.882438659667969, "d_abs_above_15": 0.0, "grade_reliable": true, "max_abs_grade_reliable": 0.13509843175267, "shortest_use": 2, "flat_use": 0, "flat_use_per_objective": 0.0, "unavoidability": 0.0, "barrier_score": 0.76892942448163937, "neighborhood": "Fluntern" }, "geometry": { "type": "LineString", "coordinates": [ [ 8.571648708417447, 47.387398910158829 ], [ 8.569543608415641, 47.386640010159233 ], [ 8.568779308414989, 47.386356810159349 ], [ 8.568471608414733, 47.386209610159376 ], [ 8.568396808414688, 47.38613041015941 ] ] } },
{ "type": "Feature", "properties": { "edge_id": 63081, "segment_id": "9f809759-1438-462f-b0e9-b9ede79003ee", "u": "e06591a8-89a7-4904-91a6-3a1610a4060f", "v": "af751943-60af-44e7-b0d9-71e3a54cf025", "part": 1, "cls": "residential", "subclass": null, "name": "Künstlergasse", "length_m": 65.774698904438495, "is_bridge": false, "is_tunnel": false, "is_covered": false, "is_structure": false, "walk_ok": true, "walk_oneway": true, "walk_restricted": false, "walk_sidepath": false, "under_at_m": [ ], "bike_ok": true, "bike_oneway": true, "bike_restricted": false, "bike_facility": "", "low_stress": true, "max_abs_grade": 0.09691434658733375, "elev_min": 441.95758056640625, "elev_max": 447.713134765625, "cum_gain_fwd": 0.0, "cum_loss_fwd": 5.75555419921875, "net_change_fwd": -5.75555419921875, "avg_grade_fwd": -0.087504078598611493, "n_samples": 15, "d_abs_above_3": 65.774696350097656, "d_abs_above_5": 65.774696350097656, "d_abs_above_8": 51.680117607116699, "d_abs_above_10": 0.0, "d_abs_above_15": 0.0, "grade_reliable": true, "max_abs_grade_reliable": 0.09691434658733375, "shortest_use": 12, "flat_use": 17, "flat_use_per_objective": 5.666666666666667, "unavoidability": 0.47222222222222227, "barrier_score": 0.76494143595627273, "neighborhood": "Hochschulen" }, "geometry": { "type": "LineString", "coordinates": [ [ 8.547335046346321, 47.375323012151597 ], [ 8.547584308398022, 47.374817910161767 ], [ 8.547600208398041, 47.374787910161757 ], [ 8.547613647959178, 47.374762518813831 ] ] } },
{ "type": "Feature", "properties": { "edge_id": 39667, "segment_id": "ed9ae408-e1c9-42e8-a720-65dd3fa96dfc", "u": "5bdda9cf-d5d0-4672-9d82-cc6ab07b0f23", "v": "d4ce084d-f4d8-446b-9a49-5b05f48353e8", "part": 4, "cls": "track", "subclass": null, "name": "Eichhörnliweg", "length_m": 87.793796962870601, "is_bridge": false, "is_tunnel": false, "is_covered": false, "is_structure": false, "walk_ok": true, "walk_oneway": false, "walk_restricted": false, "walk_sidepath": false, "under_at_m": [ ], "bike_ok": true, "bike_oneway": false, "bike_restricted": false, "bike_facility": "", "low_stress": false, "max_abs_grade": 0.08707717094612033, "elev_min": 489.51025390625, "elev_max": 493.73812866210938, "cum_gain_fwd": 4.227874755859375, "cum_loss_fwd": 0.300140380859375, "net_change_fwd": 3.927734375, "avg_grade_fwd": 0.04473817466794365, "n_samples": 19, "d_abs_above_3": 73.1614990234375, "d_abs_above_5": 48.774332046508789, "d_abs_above_8": 14.632297515869141, "d_abs_above_10": 0.0, "d_abs_above_15": 0.0, "grade_reliable": true, "max_abs_grade_reliable": 0.08707717094612033, "shortest_use": 10, "flat_use": 0, "flat_use_per_objective": 0.0, "unavoidability": 0.0, "barrier_score": 0.76448354661448636, "neighborhood": "Wipkingen" }, "geometry": { "type": "LineString", "coordinates": [ [ 8.52979696427299, 47.403327430091259 ], [ 8.529794408371906, 47.403331410176058 ], [ 8.529697208371765, 47.403494210176142 ], [ 8.52949860837148, 47.403782010176279 ], [ 8.529391908371311, 47.403993410176383 ], [ 8.529352839191192, 47.404056390991578 ] ] } },
{ "type": "Feature", "properties": { "edge_id": 66978, "segment_id": "3215079d-6b77-473d-829a-7cc58125432d", "u": "ca86a9c9-1ab3-4887-9a66-073ced1ed0fd", "v": "477ee939-8363-4acd-948c-23a6ed44c2c6", "part": 2, "cls": "footway", "subclass": null, "name": "Sumatrastrasse", "length_m": 42.704510384815279, "is_bridge": false, "is_tunnel": false, "is_covered": false, "is_structure": false, "walk_ok": true, "walk_oneway": false, "walk_restricted": false, "walk_sidepath": false, "under_at_m": [ ], "bike_ok": false, "bike_oneway": false, "bike_restricted": false, "bike_facility": "", "low_stress": false, "max_abs_grade": 0.22336293743905056, "elev_min": 441.224365234375, "elev_max": 448.99197387695312, "cum_gain_fwd": 7.767608642578125, "cum_loss_fwd": -0.0, "net_change_fwd": 7.767608642578125, "avg_grade_fwd": 0.18189199901274983, "n_samples": 10, "d_abs_above_3": 42.704509735107422, "d_abs_above_5": 42.704509735107422, "d_abs_above_8": 42.704509735107422, "d_abs_above_10": 37.959564208984375, "d_abs_above_15": 33.214618682861328, "grade_reliable": true, "max_abs_grade_reliable": 0.22336293743905056, "shortest_use": 8, "flat_use": 0, "flat_use_per_objective": 0.0, "unavoidability": 0.0, "barrier_score": 0.76308839051590238, "neighborhood": "Unterstrass" }, "geometry": { "type": "LineString", "coordinates": [ [ 8.543784616432129, 47.381964138822418 ], [ 8.543786408392117, 47.381964310165202 ], [ 8.544284708392572, 47.382065610165071 ], [ 8.544327508392609, 47.382071110165072 ] ] } },
{ "type": "Feature", "properties": { "edge_id": 87555, "segment_id": "fdcdf5bd-9566-4c3b-8e77-1822a4723074", "u": "48cae389-11ad-479e-8b07-6eaa2437ef85", "v": "38869aea-0310-4ffd-abe4-4627902fbd0c", "part": 5, "cls": "track", "subclass": null, "name": "Wannenweg", "length_m": 115.6422285499317, "is_bridge": false, "is_tunnel": false, "is_covered": false, "is_structure": false, "walk_ok": true, "walk_oneway": false, "walk_restricted": false, "walk_sidepath": false, "under_at_m": [ ], "bike_ok": true, "bike_oneway": false, "bike_restricted": false, "bike_facility": "", "low_stress": false, "max_abs_grade": 0.081715021080711561, "elev_min": 524.1456298828125, "elev_max": 532.581787109375, "cum_gain_fwd": 0.0, "cum_loss_fwd": 8.4361572265625, "net_change_fwd": -8.4361572265625, "avg_grade_fwd": -0.072950490774904342, "n_samples": 25, "d_abs_above_3": 115.64222717285156, "d_abs_above_5": 115.64222717285156, "d_abs_above_8": 19.273704528808594, "d_abs_above_10": 0.0, "d_abs_above_15": 0.0, "grade_reliable": true, "max_abs_grade_reliable": 0.081715021080711561, "shortest_use": 8, "flat_use": 0, "flat_use_per_objective": 0.0, "unavoidability": 0.0, "barrier_score": 0.75597657150225062, "neighborhood": "Höngg" }, "geometry": { "type": "LineString", "coordinates": [ [ 8.518718743662349, 47.408551832804747 ], [ 8.518854808359666, 47.408535110180885 ], [ 8.518974808359786, 47.408537510180835 ], [ 8.519305108360086, 47.408595310180772 ], [ 8.519908608360641, 47.408706910180655 ], [ 8.520197808360894, 47.408777310180547 ] ] } },
{ "type": "Feature", "properties": { "edge_id": 74711, "segment_id": "085be71e-e872-40db-901a-d0f2bb3d6d02", "u": "99dabfa8-74f6-438c-aaee-de561ac965b2", "v": "1d2dbf25-ef32-4b30-90d8-e3316b0092c4", "part": 1, "cls": "unclassified", "subclass": null, "name": "Tobelhofstrasse", "length_m": 142.72339693910848, "is_bridge": false, "is_tunnel": false, "is_covered": false, "is_structure": false, "walk_ok": true, "walk_oneway": false, "walk_restricted": false, "walk_sidepath": false, "under_at_m": [ ], "bike_ok": true, "bike_oneway": false, "bike_restricted": false, "bike_facility": "", "low_stress": false, "max_abs_grade": 0.13230171562510173, "elev_min": 602.128173828125, "elev_max": 616.9013671875, "cum_gain_fwd": 14.773193359375, "cum_loss_fwd": -0.0, "net_change_fwd": 14.773193359375, "avg_grade_fwd": 0.1035092560331024, "n_samples": 30, "d_abs_above_3": 142.72340393066406, "d_abs_above_5": 142.72340393066406, "d_abs_above_8": 123.0374059677124, "d_abs_above_10": 83.665435791015625, "d_abs_above_15": 0.0, "grade_reliable": true, "max_abs_grade_reliable": 0.13230171562510173, "shortest_use": 4, "flat_use": 0, "flat_use_per_objective": 0.0, "unavoidability": 0.0, "barrier_score": 0.7553020109954578, "neighborhood": "Hottingen" }, "geometry": { "type": "LineString", "coordinates": [ [ 8.586419901568235, 47.383221826171457 ], [ 8.586508808433141, 47.383185910153202 ], [ 8.586927908433577, 47.383074310153027 ], [ 8.587458708434122, 47.382972710152835 ], [ 8.587596808434268, 47.382925210152777 ], [ 8.587679908434369, 47.382872710152739 ], [ 8.587742908434468, 47.382764810152715 ], [ 8.587831008434607, 47.382571810152619 ], [ 8.587862081568129, 47.382546735050234 ] ] } },
{ "type": "Feature", "properties": { "edge_id": 63827, "segment_id": "2f4727a7-eaf4-44e6-857b-8ae7c92ad526", "u": "bee328d4-8325-40ed-905e-927cbaa7abf0", "v": "4a12a310-f2d4-4ce0-90af-687f9f83d73f", "part": 0, "cls": "steps", "subclass": null, "name": "Weggengasse", "length_m": 13.268838758018118, "is_bridge": false, "is_tunnel": false, "is_covered": false, "is_structure": false, "walk_ok": true, "walk_oneway": false, "walk_restricted": false, "walk_sidepath": false, "under_at_m": [ ], "bike_ok": false, "bike_oneway": false, "bike_restricted": false, "bike_facility": "", "low_stress": false, "max_abs_grade": 0.31590181153955582, "elev_min": 411.3900146484375, "elev_max": 415.25137329101562, "cum_gain_fwd": 3.861358642578125, "cum_loss_fwd": -0.0, "net_change_fwd": 3.861358642578125, "avg_grade_fwd": 0.29100953570899274, "n_samples": 4, "d_abs_above_3": 13.268838882446289, "d_abs_above_5": 13.268838882446289, "d_abs_above_8": 13.268838882446289, "d_abs_above_10": 13.268838882446289, "d_abs_above_15": 13.268838882446289, "grade_reliable": false, "max_abs_grade_reliable": null, "shortest_use": 18, "flat_use": 73, "flat_use_per_objective": 24.333333333333332, "unavoidability": 1.0, "barrier_score": 0.75449703612315488, "neighborhood": "Lindenhof" }, "geometry": { "type": "LineString", "coordinates": [ [ 8.541118408392764, 47.371506410162631 ], [ 8.540951008392607, 47.371470210162627 ] ] } },
{ "type": "Feature", "properties": { "edge_id": 76283, "segment_id": "5c822d27-4d3f-446c-91bc-4f11b1baa533", "u": "20d3b8cd-17ca-4a70-b2fe-5b3a1f4c4a37", "v": "08b56bba-c137-4e9c-86f7-47c47ceb62e8", "part": 0, "cls": "track", "subclass": null, "name": "Forsthausweg", "length_m": 195.18111279563564, "is_bridge": false, "is_tunnel": false, "is_covered": false, "is_structure": false, "walk_ok": true, "walk_oneway": false, "walk_restricted": false, "walk_sidepath": false, "under_at_m": [ ], "bike_ok": true, "bike_oneway": false, "bike_restricted": false, "bike_facility": "", "low_stress": false, "max_abs_grade": 0.096489829103929198, "elev_min": 643.52020263671875, "elev_max": 654.35076904296875, "cum_gain_fwd": 0.0, "cum_loss_fwd": 10.77203369140625, "net_change_fwd": -10.77203369140625, "avg_grade_fwd": -0.055189940670243083, "n_samples": 41, "d_abs_above_3": 141.50630187988281, "d_abs_above_5": 117.10865783691406, "d_abs_above_8": 68.313392639160156, "d_abs_above_10": 0.0, "d_abs_above_15": 0.0, "grade_reliable": true, "max_abs_grade_reliable": 0.096489829103929198, "shortest_use": 4, "flat_use": 0, "flat_use_per_objective": 0.0, "unavoidability": 0.0, "barrier_score": 0.75331968871862443, "neighborhood": "Hottingen" }, "geometry": { "type": "LineString", "coordinates": [ [ 8.591116008440364, 47.374305410148978 ], [ 8.591047108440215, 47.374578310149168 ], [ 8.591009208440129, 47.37472901014916 ], [ 8.590950508440031, 47.374854410149197 ], [ 8.590705008439665, 47.37526051014941 ], [ 8.590599208439508, 47.375425910149488 ], [ 8.590562408439451, 47.375522110149547 ], [ 8.590542508439389, 47.375642710149592 ], [ 8.590526808439325, 47.375803010149646 ], [ 8.59052580843929, 47.375928410149697 ], [ 8.590526108439267, 47.375996410149696 ] ] } },
{ "type": "Feature", "properties": { "edge_id": 23594, "segment_id": "8063882d-aca7-4ed8-8119-2bb07fa22720", "u": "88cbf5c8-cbe5-4cce-98b0-b4157245c3c3", "v": "32abcf85-5ac2-49d1-a1c1-faea4872429d", "part": 0, "cls": "track", "subclass": null, "name": "Hohensteinweg", "length_m": 89.543704151399993, "is_bridge": false, "is_tunnel": false, "is_covered": false, "is_structure": false, "walk_ok": true, "walk_oneway": false, "walk_restricted": false, "walk_sidepath": false, "under_at_m": [ ], "bike_ok": true, "bike_oneway": false, "bike_restricted": false, "bike_facility": "", "low_stress": false, "max_abs_grade": 0.14004107894142551, "elev_min": 496.8460693359375, "elev_max": 508.68173217773438, "cum_gain_fwd": 0.0, "cum_loss_fwd": 11.835662841796875, "net_change_fwd": -11.835662841796875, "avg_grade_fwd": -0.1321775031286552, "n_samples": 19, "d_abs_above_3": 89.543701171875, "d_abs_above_5": 89.543701171875, "d_abs_above_8": 89.543701171875, "d_abs_above_10": 89.543701171875, "d_abs_above_15": 0.0, "grade_reliable": true, "max_abs_grade_reliable": 0.14004107894142551, "shortest_use": 6, "flat_use": 0, "flat_use_per_objective": 0.0, "unavoidability": 0.0, "barrier_score": 0.75238781650643149, "neighborhood": "Friesenberg" }, "geometry": { "type": "LineString", "coordinates": [ [ 8.494052308349557, 47.363058110173448 ], [ 8.494036908349518, 47.363133810173451 ], [ 8.494048008349489, 47.363239610173501 ], [ 8.494074508349454, 47.363455610173567 ], [ 8.494104708349399, 47.363733110173634 ], [ 8.494114208349391, 47.363789510173646 ], [ 8.494125008349386, 47.363854110173683 ], [ 8.494126670784777, 47.363860107979775 ] ] } },
{ "type": "Feature", "properties": { "edge_id": 40399, "segment_id": "bbb75260-6183-4322-baf5-86e78a489a9b", "u": "19d68f22-77d0-48bd-a4a6-3c9fc8b4e31c", "v": "8da20dee-1ff2-4a5e-a28a-c746750c6020", "part": 0, "cls": "footway", "subclass": null, "name": null, "length_m": 24.874209338523031, "is_bridge": false, "is_tunnel": false, "is_covered": false, "is_structure": false, "walk_ok": true, "walk_oneway": false, "walk_restricted": false, "walk_sidepath": false, "under_at_m": [ ], "bike_ok": false, "bike_oneway": false, "bike_restricted": false, "bike_facility": "", "low_stress": false, "max_abs_grade": 0.11627719735454807, "elev_min": 463.61248779296875, "elev_max": 465.51278686523438, "cum_gain_fwd": 1.900299072265625, "cum_loss_fwd": -0.0, "net_change_fwd": 1.900299072265625, "avg_grade_fwd": 0.076396363569164266, "n_samples": 6, "d_abs_above_3": 24.874208450317383, "d_abs_above_5": 19.899368286132812, "d_abs_above_8": 9.9496841430664062, "d_abs_above_10": 4.9748420715332031, "d_abs_above_15": 0.0, "grade_reliable": true, "max_abs_grade_reliable": 0.11627719735454807, "shortest_use": 26, "flat_use": 0, "flat_use_per_objective": 0.0, "unavoidability": 0.0, "barrier_score": 0.75199887055638415, "neighborhood": "Wipkingen" }, "geometry": { "type": "LineString", "coordinates": [ [ 8.527268808371396, 47.397076010174807 ], [ 8.527368208371426, 47.397289310174827 ] ] } },
{ "type": "Feature", "properties": { "edge_id": 2604, "segment_id": "8863139f-7d8c-49fd-8d25-699397650d7a", "u": "bae53deb-857b-457c-877b-1dcb2528ae9e", "v": "9ac0892d-96e1-4902-a36b-f9399be02ddb", "part": 2, "cls": "track", "subclass": null, "name": "Zielweg", "length_m": 142.21403854324834, "is_bridge": false, "is_tunnel": false, "is_covered": false, "is_structure": false, "walk_ok": true, "walk_oneway": false, "walk_restricted": false, "walk_sidepath": false, "under_at_m": [ ], "bike_ok": true, "bike_oneway": false, "bike_restricted": false, "bike_facility": "", "low_stress": false, "max_abs_grade": 0.087907300923505835, "elev_min": 527.97979736328125, "elev_max": 539.53125, "cum_gain_fwd": 11.55145263671875, "cum_loss_fwd": -0.0, "net_change_fwd": 11.55145263671875, "avg_grade_fwd": 0.081225827211375279, "n_samples": 30, "d_abs_above_3": 142.21403503417969, "d_abs_above_5": 142.21403503417969, "d_abs_above_8": 98.078649520874023, "d_abs_above_10": 0.0, "d_abs_above_15": 0.0, "grade_reliable": true, "max_abs_grade_reliable": 0.087907300923505835, "shortest_use": 6, "flat_use": 0, "flat_use_per_objective": 0.0, "unavoidability": 0.0, "barrier_score": 0.7500991369061033, "neighborhood": "Friesenberg" }, "geometry": { "type": "LineString", "coordinates": [ [ 8.502064367074277, 47.355171984517668 ], [ 8.5019792083597, 47.35517941016856 ], [ 8.501740008359459, 47.355222510168694 ], [ 8.501504108359201, 47.355298510168765 ], [ 8.50115560835882, 47.355439610168908 ], [ 8.500586708358187, 47.35568951016915 ], [ 8.500417230086722, 47.355767700191677 ] ] } },
{ "type": "Feature", "properties": { "edge_id": 35897, "segment_id": "72b25d53-45c8-4cb4-9afa-b63aa4a836f3", "u": "9478dd53-2655-4c6c-a768-30a8f34274d2", "v": "5bdf76da-39eb-4c97-a439-05a010eb9279", "part": 0, "cls": "steps", "subclass": null, "name": null, "length_m": 20.856162247318522, "is_bridge": false, "is_tunnel": false, "is_covered": false, "is_structure": false, "walk_ok": true, "walk_oneway": false, "walk_restricted": false, "walk_sidepath": false, "under_at_m": [ ], "bike_ok": false, "bike_oneway": false, "bike_restricted": false, "bike_facility": "", "low_stress": false, "max_abs_grade": 0.16343660226504994, "elev_min": 404.493896484375, "elev_max": 407.16552734375, "cum_gain_fwd": 2.671630859375, "cum_loss_fwd": -0.0, "net_change_fwd": 2.671630859375, "avg_grade_fwd": 0.12809790833458012, "n_samples": 6, "d_abs_above_3": 20.856163024902344, "d_abs_above_5": 20.856163024902344, "d_abs_above_8": 20.856163024902344, "d_abs_above_10": 20.856163024902344, "d_abs_above_15": 4.1712331771850586, "grade_reliable": true, "max_abs_grade_reliable": 0.16343660226504994, "shortest_use": 22, "flat_use": 0, "flat_use_per_objective": 0.0, "unavoidability": 0.0, "barrier_score": 0.74990526467787644, "neighborhood": "Hard" }, "geometry": { "type": "LineString", "coordinates": [ [ 8.515906308364869, 47.382464310173404 ], [ 8.515814008364725, 47.382641110173495 ] ] } },
{ "type": "Feature", "properties": { "edge_id": 4285, "segment_id": "0ea11a0f-e08b-4ac4-bb89-8b81f12ec648", "u": "dbae3fac-973b-480c-a937-94b75207a2a0", "v": "efa170ce-31fb-4a83-a9bd-2446b2ab1288", "part": 4, "cls": "residential", "subclass": null, "name": "Bachtobelstrasse", "length_m": 33.620661723301858, "is_bridge": false, "is_tunnel": false, "is_covered": false, "is_structure": false, "walk_ok": true, "walk_oneway": false, "walk_restricted": false, "walk_sidepath": false, "under_at_m": [ ], "bike_ok": true, "bike_oneway": false, "bike_restricted": false, "bike_facility": "", "low_stress": true, "max_abs_grade": 0.085580966828559285, "elev_min": 480.734619140625, "elev_max": 483.412841796875, "cum_gain_fwd": 2.67822265625, "cum_loss_fwd": -0.0, "net_change_fwd": 2.67822265625, "avg_grade_fwd": 0.079660019821965397, "n_samples": 8, "d_abs_above_3": 33.620662689208984, "d_abs_above_5": 33.620662689208984, "d_abs_above_8": 19.211807250976562, "d_abs_above_10": 0.0, "d_abs_above_15": 0.0, "grade_reliable": true, "max_abs_grade_reliable": 0.085580966828559285, "shortest_use": 26, "flat_use": 124, "flat_use_per_objective": 41.333333333333336, "unavoidability": 1.0, "barrier_score": 0.7480950712809884, "neighborhood": "Friesenberg" }, "geometry": { "type": "LineString", "coordinates": [ [ 8.508269445503212, 47.357292391414845 ], [ 8.508217108365141, 47.357267410167452 ], [ 8.507896008364876, 47.357132410167523 ], [ 8.507893062090558, 47.357131174734008 ] ] } },
{ "type": "Feature", "properties": { "edge_id": 67316, "segment_id": "d91ae310-eef2-49f8-9a3b-36d38619c283", "u": "8e69988f-1f21-4127-a212-3047e43aa2fa", "v": "047de558-77c5-41bf-abf4-27bd31519253", "part": 2, "cls": "residential", "subclass": null, "name": "Im Schilf", "length_m": 95.017203267168526, "is_bridge": false, "is_tunnel": false, "is_covered": false, "is_structure": false, "walk_ok": true, "walk_oneway": true, "walk_restricted": false, "walk_sidepath": false, "under_at_m": [ ], "bike_ok": true, "bike_oneway": true, "bike_restricted": false, "bike_facility": "", "low_stress": true, "max_abs_grade": 0.098011136096199686, "elev_min": 529.68206787109375, "elev_max": 535.6116943359375, "cum_gain_fwd": 5.92962646484375, "cum_loss_fwd": -0.0, "net_change_fwd": 5.92962646484375, "avg_grade_fwd": 0.062405819130173651, "n_samples": 21, "d_abs_above_3": 95.017204284667969, "d_abs_above_5": 61.761180877685547, "d_abs_above_8": 19.003440856933594, "d_abs_above_10": 0.0, "d_abs_above_15": 0.0, "grade_reliable": true, "max_abs_grade_reliable": 0.098011136096199686, "shortest_use": 8, "flat_use": 4, "flat_use_per_objective": 1.3333333333333333, "unavoidability": 0.16666666666666666, "barrier_score": 0.7450195232718978, "neighborhood": "Fluntern" }, "geometry": { "type": "LineString", "coordinates": [ [ 8.555760223074437, 47.382061707774774 ], [ 8.555761908403712, 47.38206071016176 ], [ 8.555841808403793, 47.382035510161707 ], [ 8.556049608404031, 47.381915410161611 ], [ 8.556124908404115, 47.381876010161605 ], [ 8.556239908404244, 47.381823610161526 ], [ 8.55633680840435, 47.381784510161516 ], [ 8.556435308404454, 47.381751010161409 ], [ 8.556544608404572, 47.381717110161432 ], [ 8.556841808404885, 47.381639310161255 ] ] } },
{ "type": "Feature", "properties": { "edge_id": 67592, "segment_id": "46833813-c591-44c0-a7d8-6e14e25cf4c5", "u": "932dda18-cf75-4baf-97ee-18f640435faf", "v": "be35bec4-5e36-472b-986f-f91ab08e3dcf", "part": 0, "cls": "footway", "subclass": null, "name": "Geissbergweg", "length_m": 29.170494783849019, "is_bridge": false, "is_tunnel": false, "is_covered": false, "is_structure": false, "walk_ok": true, "walk_oneway": false, "walk_restricted": false, "walk_sidepath": false, "under_at_m": [ ], "bike_ok": false, "bike_oneway": false, "bike_restricted": false, "bike_facility": "", "low_stress": false, "max_abs_grade": 0.2083550456475968, "elev_min": 509.7222900390625, "elev_max": 515.20184326171875, "cum_gain_fwd": 5.47955322265625, "cum_loss_fwd": -0.0, "net_change_fwd": 5.47955322265625, "avg_grade_fwd": 0.18784574603726753, "n_samples": 7, "d_abs_above_3": 29.170494079589844, "d_abs_above_5": 29.170494079589844, "d_abs_above_8": 29.170494079589844, "d_abs_above_10": 29.170494079589844, "d_abs_above_15": 29.170494079589844, "grade_reliable": true, "max_abs_grade_reliable": 0.2083550456475968, "shortest_use": 12, "flat_use": 0, "flat_use_per_objective": 0.0, "unavoidability": 0.0, "barrier_score": 0.72933837267022172, "neighborhood": "Oberstrass" }, "geometry": { "type": "LineString", "coordinates": [ [ 8.549987908396805, 47.386247110164732 ], [ 8.549996708396812, 47.386247510164772 ], [ 8.550003308396827, 47.386241910164777 ], [ 8.550058908396929, 47.386069210164734 ], [ 8.550076808396962, 47.386037410164704 ], [ 8.550087808396976, 47.386028110164659 ], [ 8.550102208396984, 47.386023010164664 ], [ 8.550124508397007, 47.386020110164651 ] ] } }
]
}
