edge_id,segment_id,u,v,part,cls,subclass,name,length_m,is_bridge,is_tunnel,is_covered,is_structure,walk_ok,walk_oneway,walk_restricted,walk_sidepath,under_at_m,bike_ok,bike_oneway,bike_restricted,bike_facility,low_stress,max_abs_grade,elev_min,elev_max,cum_gain_fwd,cum_loss_fwd,net_change_fwd,avg_grade_fwd,n_samples,d_abs_above_3,d_abs_above_5,d_abs_above_8,d_abs_above_10,d_abs_above_15,grade_reliable,max_abs_grade_reliable,shortest_use,flat_use,flat_use_per_objective,unavoidability,barrier_score,neighborhood
73333,b8e5b9fd-5b84-4704-bcc1-c0d3b2f7df2b,5eca33e3-055f-4c9a-a40f-30948394935c,d1f0f5d9-6f08-43ec-a0b8-844b0eb60aba,0,path,,,288.91643132751113,False,False,False,False,True,False,False,False,[],False,False,False,,False,0.2528916607444801,478.3802185058594,519.3684692382812,0.0,40.988250732421875,-40.988250732421875,-0.14186887504602727,59,288.91644287109375,278.95379638671875,224.15932083129883,194.27140617370605,134.4955825805664,True,0.2528916607444801,24,0,0.0,0.0,17.53549347234788,Hirzenbach
60146,41853ad3-1c4d-4ea7-a460-393b9357c5e1,018e0327-c8ea-411e-89c8-308588b52504,bdb5bd62-1dce-4b72-9139-9e0643de4417,2,residential,,Kurhausstrasse,177.05416253037237,False,False,False,False,True,False,False,False,[],True,False,False,,True,0.1063672515200474,564.7957763671875,582.3424072265625,17.546630859375,-0.0,17.546630859375,0.09910317835548858,37,177.05416870117188,177.05416870117188,177.05416870117188,83.60890769958496,0.0,True,0.1063672515200474,74,151,50.333333333333336,0.6801801801801802,13.936245832519207,Hottingen
74734,21f14647-d2c6-4d8b-9dde-ce9bd25a5e18,25fe77c3-8d20-4d2b-ba9a-d06d579b102b,2ffb4346-8929-49d4-94ce-69af6095b51d,0,path,,,302.5820353688192,False,False,False,False,True,False,False,False,[],False,False,False,,False,0.4378956694003359,520.17822265625,565.0242919921875,47.63262939453125,2.78656005859375,44.8460693359375,0.14821127728792555,62,277.7802276611328,262.899133682251,233.13698387145996,218.25590705871582,148.81084728240967,True,0.4378956694003359,10,0,0.0,0.0,13.249936292634523,Hottingen
5007,7e9b62df-6777-46b6-ab21-a53f6c4bf85b,54440bbf-3480-4594-b8fe-fb51fab06bf4,feeeb3ef-8703-48a3-8722-c207a11d2c73,3,track,,Frymannstrasse,194.50081434296723,False,False,False,False,True,False,False,False,[],True,False,False,,False,0.17814778439669443,464.57757568359375,477.2992248535156,2.572174072265625,12.721649169921875,-10.14947509765625,-0.052182174278181864,40,189.51361083984375,169.5647964477539,99.7439956665039,14.961593627929688,9.974395751953125,True,0.17814778439669443,32,3,1.0,0.03125,11.087964524336774,Leimbach
58070,8eb74b3f-5dd8-4d44-aabc-7b96cec530a6,673e07b7-5302-4aee-96b5-ab348f3ae3af,efaead7b-e680-45b3-ae4a-ca0c23c430f2,0,path,,,77.28311578140008,False,False,False,False,True,False,False,False,[],True,False,False,shared_path,True,0.3094660794402335,453.2005310058594,464.9511413574219,0.0,11.7506103515625,-11.7506103515625,-0.15204627443802862,17,77.28311920166016,77.28311920166016,72.45291900634766,57.962337493896484,28.981168746948242,True,0.3094660794402335,42,81,27.0,0.6428571428571429,10.04493119607412,Hirslanden
72410,aeeb7a3b-8d04-4966-be8e-32050e61a11d,965afe83-c5fa-4155-91cd-5ee8906630ae,9857d35b-271a-47fa-aa11-34a19ea3e12e,1,path,,Unterholzweg,223.85013350427087,False,False,False,False,True,False,False,False,[],True,False,False,shared_path,True,0.24836428889127468,507.3766174316406,549.3656616210938,0.0,41.989044189453125,-41.989044189453125,-0.1875765921243835,46,223.85012817382812,223.85012817382812,218.8756809234619,213.9012336730957,179.08010482788086,True,0.24836428889127468,18,0,0.0,0.0,10.007348260680924,Schwamendingen-Mitte
67918,e7aa3694-a1de-4597-b600-c1423912023b,28c194c3-714c-46b2-ba28-9c1a0090fdb6,7d5c8eb5-1881-49d4-a4f0-7f8abd209250,0,steps,,Schäppiweg,82.02735818686337,False,False,False,False,True,False,False,False,[],False,False,False,,False,0.2654478958890204,521.4931640625,541.8343505859375,20.3411865234375,-0.0,20.3411865234375,0.24798051246850436,18,82.02735900878906,82.02735900878906,82.02735900878906,82.02735900878906,82.02735900878906,True,0.2654478958890204,44,85,28.333333333333332,0.6439393939393939,9.580555439856674,Oberstrass
58158,e2c239e0-5908-478f-ad53-1396186df001,2168004b-507a-4ac1-8c7b-3c618a94484d,e6bcc1dd-d47d-4057-a099-c06ee57e9f5f,0,residential,,Waserstrasse,122.89095220980558,False,False,False,False,True,False,False,False,[],True,False,False,,True,0.1756008828158224,496.9495544433594,512.6685180664062,15.718963623046875,-0.0,15.718963623046875,0.12790985203658678,26,122.89095306396484,122.89095306396484,117.97531509399414,103.22840118408203,24.57819366455078,True,0.1756008828158224,38,81,27.0,0.7105263157894737,8.200308685285183,Hirslanden
60358,304faeb9-5a3e-436f-a937-6e9ec3a0466b,7c3e40d8-5f5a-4cc5-9e9e-57cf6d36776c,1af84ef2-1efe-4796-ae3c-eaaea876d9c6,2,residential,,Susenbergstrasse,183.4627686441059,False,False,False,False,True,False,False,False,[],True,False,False,,True,0.09859758475922602,595.2550048828125,609.5357666015625,0.0,14.28076171875,-14.28076171875,-0.07784010800258429,38,183.4627685546875,163.6289520263672,104.12751770019531,0.0,0.0,True,0.09859758475922602,40,70,23.333333333333332,0.5833333333333333,7.235594352619802,Fluntern
73570,81d5c52c-fd4d-4257-a56e-d74b064af3cd,5af90c61-91db-48fe-8699-a8e7453dd47a,2f6b5107-2559-40f9-b1f3-4c304fac3937,0,track,,Hanslinweg,150.7277189481496,False,False,False,False,True,False,False,False,[],True,False,False,,False,0.15888378398734654,601.644775390625,624.0333862304688,22.38861083984375,-0.0,22.38861083984375,0.1485367822044986,32,150.72772216796875,150.72772216796875,150.72772216796875,150.72772216796875,82.65713119506836,True,0.15888378398734654,30,0,0.0,0.0,7.184457101478984,Fluntern
73324,34df2d83-b808-4ee3-baff-e5982a54feca,99d3f867-f0f6-413d-b247-b3ff381599d9,30d71312-39be-4f45-9c68-dc845dcb2b8b,1,path,,,168.56379485566396,False,False,False,False,True,False,False,False,[],False,False,False,,False,0.19362796205431168,560.141357421875,578.5270385742188,18.38568115234375,-0.0,18.38568115234375,0.10907253799380955,35,168.5637969970703,168.5637969970703,109.0706787109375,64.45085906982422,39.662071228027344,True,0.19362796205431168,22,0,0.0,0.0,7.180506096289521,Schwamendingen-Mitte
58154,7d8308c7-179f-4309-aa21-129edb7dc7c0,1d2164e8-ceca-4010-ac57-f589cd70db4f,3add5d34-8960-4764-9862-9fc8fc2084c4,0,steps,,Wasersteig,48.271421734231,False,False,False,False,True,False,False,False,[],False,False,False,,False,0.377301532234293,474.42279052734375,488.5148010253906,0.0,14.092010498046875,-14.092010498046875,-0.29193277353425745,11,48.27142333984375,48.27142333984375,48.27142333984375,48.27142333984375,48.27142333984375,True,0.377301532234293,38,0,0.0,0.0,6.920894925712181,Hirslanden
73334,b8e5b9fd-5b84-4704-bcc1-c0d3b2f7df2b,d1f0f5d9-6f08-43ec-a0b8-844b0eb60aba,b0bd34fc-82b9-4f75-b0cf-0be7adeba058,1,path,,,157.96579116327848,False,False,False,False,True,False,False,False,[],False,False,False,,False,0.1711580045913787,470.88836669921875,478.3802185058594,1.1041259765625,8.595977783203125,-7.491851806640625,-0.04742705250527267,33,74.04646110534668,69.11003303527832,54.30074691772461,44.42788314819336,19.74572467803955,True,0.1711580045913787,24,0,0.0,0.0,6.488906306209244,Hirzenbach
74911,0276e9ab-843c-439b-94d6-da68b57c2ad2,b2f8c8b2-0515-4995-9fc7-32d1f4c2ef82,25fe77c3-8d20-4d2b-ba9a-d06d579b102b,5,track,,Sagentobelweg,371.49776911292946,False,False,False,False,True,False,False,False,[],True,False,False,,False,0.17360003511801114,498.6639709472656,520.17822265625,24.58343505859375,3.069183349609375,21.514251708984375,0.05791219575989595,76,312.0581359863281,267.4783935546875,153.5523796081543,79.25285768508911,29.719831466674805,True,0.17360003511801114,10,0,0.0,0.0,6.449202576426735,
66295,6dc5a319-6527-475a-8f9d-19a1d0b4e027,151f4186-5e67-43bd-bc79-b2567f66d1b1,5ecde9bf-4d31-4cf4-911b-f188c1790790,0,path,,Lux-Guyer-Weg,357.36739853137834,False,False,False,False,True,False,False,False,[],True,False,False,shared_path,True,0.09613138057820243,413.6501770019531,417.0563049316406,6.951690673828125,6.88763427734375,0.064056396484375,0.0001792452145413214,73,213.42776107788086,89.34184265136719,39.70745086669922,0.0,0.0,True,0.09613138057820243,18,0,0.0,0.0,6.183759851003173,Unterstrass
77281,db881759-b2f6-4b74-958f-3f66aa9a492f,0256941e-e7f8-45d6-9857-cb591fe97d83,caaa0565-31ee-4736-87eb-a968652f708c,3,residential,,Oetlisbergstrasse,87.2931440448901,False,False,False,False,True,False,False,False,[],True,False,False,,True,0.10668774747084428,614.0664672851562,621.6207885742188,7.5543212890625,-0.0,7.5543212890625,0.08653968597462944,19,87.29314422607422,87.29314422607422,58.195430755615234,29.097715377807617,0.0,True,0.10668774747084428,66,165,55.0,0.8333333333333334,6.146651879146198,Witikon
5228,b8cc77d7-35d6-4b6d-b52f-31b7e9b66c80,cc45c001-3eac-43d0-93b1-ce5768c8ace0,b64ddfa2-d82d-4ee3-94e6-fa1305f896d0,5,track,,Höcklerweg,189.52504461928794,False,False,False,False,True,False,False,False,[],True,False,False,,False,0.15770624122572027,432.0625305175781,447.1020812988281,15.03955078125,-0.0,15.03955078125,0.07935389860469362,39,124.68753051757812,119.70002746582031,104.7375259399414,89.7750186920166,9.97500228881836,True,0.15770624122572027,20,0,0.0,0.0,5.977856481008964,Leimbach
39039,fb2f6b2d-b2f1-4860-b518-05870558ba8b,8a8ca718-9b0c-4f9a-9884-09581971739b,e7a3d051-332e-4d88-b5bf-03d677dfd471,0,primary,,Rosengartenstrasse,121.83681623349739,False,False,False,False,True,True,False,True,[ 88.2  92.   99.  106. ],True,True,False,,False,0.08432380221071323,415.0853576660156,425.08984375,10.004486083984375,-0.0,10.004486083984375,0.08211381833813992,26,121.8368148803711,121.8368148803711,121.8368148803711,0.0,0.0,True,0.08432380221071323,58,156,52.0,0.896551724137931,5.95877128455274,Wipkingen
73571,d6b810de-eed0-4228-805e-c6ddd6c05aa6,2f6b5107-2559-40f9-b1f3-4c304fac3937,1f808d00-20ed-4334-98f9-df5b6bc0a517,0,track,,Hanslinweg,106.43568713283115,False,False,False,False,True,False,False,False,[],True,False,False,,False,0.18649965424770687,624.0333862304688,641.2515869140625,17.21820068359375,-0.0,17.21820068359375,0.16177094000331738,23,106.43568420410156,106.43568420410156,106.43568420410156,106.43568420410156,67.73179626464844,True,0.18649965424770687,30,0,0.0,0.0,5.955065654967033,Fluntern
73326,6fb88459-082d-4015-8e90-ef4a615e589e,f5bdfc79-fe36-471c-8f8a-c6cf058f2fe3,6faf3585-0bd2-46d5-af90-ccf6a3a0c89c,1,track,,Brandbachweg,154.3085243044927,False,False,False,False,True,False,False,False,[],True,False,False,,False,0.17537938528930763,534.4461669921875,556.8497314453125,22.403564453125,-0.0,22.403564453125,0.14518682975167124,32,154.3085174560547,154.3085174560547,154.3085174560547,149.3308229446411,74.66541290283203,True,0.17537938528930763,22,0,0.0,0.0,5.953757510232865,Schwamendingen-Mitte
73567,c257018e-06d1-45f6-b945-8ed8dcc740eb,e3802bfa-1dd5-4ac9-a913-23cc8ce5854c,5f74a713-6280-446b-9bf1-1504cdb4b830,0,track,,Hanslinweg,169.83187311085516,False,False,False,False,True,False,False,False,[],True,False,False,,False,0.11357667829073667,586.5385131835938,601.7544555664062,15.2159423828125,-0.0,15.2159423828125,0.08959414747501865,35,169.83187866210938,169.83187866210938,154.84672164916992,29.970325469970703,0.0,True,0.11357667829073667,30,0,0.0,0.0,5.786682004747442,Schwamendingen-Mitte
76592,b3df866a-788f-494f-b738-cb8fde2f7484,9b7c8dfa-fbc2-4b47-bb7a-3c352c109a22,1c3a5f13-8a41-464d-8c79-e1fb454ff5f6,0,residential,,Loorenstrasse,180.37873021048037,False,False,False,False,True,False,False,False,[],True,False,False,,True,0.13995837180550558,608.0855712890625,625.9559936523438,0.0,17.87042236328125,-17.87042236328125,-0.09907167570402578,38,180.37872314453125,180.37872314453125,165.75341796875,53.62611389160156,0.0,True,0.13995837180550558,22,20,6.666666666666667,0.30303030303030304,5.5540129454927465,Witikon
60145,41853ad3-1c4d-4ea7-a460-393b9357c5e1,9e9ebb3f-26ac-4626-a737-e9d5857ea31f,018e0327-c8ea-411e-89c8-308588b52504,1,residential,,Kurhausstrasse,72.89042923335256,False,False,False,False,True,False,False,False,[],True,False,False,,True,0.10696371832688635,557.6604614257812,564.7957763671875,7.13531494140625,-0.0,7.13531494140625,0.09789097513537412,16,72.89042663574219,72.89042663574219,72.89042663574219,29.156171798706055,0.0,True,0.10696371832688635,70,151,50.333333333333336,0.719047619047619,5.457641938869516,Hottingen
57962,d59c35f4-0be6-4e87-b6b8-632956d0e09e,4d457470-d3b6-427a-b59e-b95ff763a85a,21f44183-290c-4fa5-ac59-d2f43390b777,3,residential,,Weineggstrasse,105.64908368169866,True,False,False,True,True,False,False,False,[],True,False,False,,True,0.1067746148151208,433.1366271972656,444.4165344238281,11.2799072265625,-0.0,11.2799072265625,0.10676767451370946,23,105.64908599853516,105.64908599853516,105.64908599853516,105.64908599853516,0.0,True,0.1067746148151208,48,12,4.0,0.08333333333333333,5.4147073035282425,Weinegg
61867,bbb8553c-b0dc-427a-ad7b-92444cf47079,d72a8be3-7fbf-49f8-acb2-267d53b8ad3b,11e008eb-3b15-43a5-a45b-c0ad2618d48c,1,residential,,Zürichbergstrasse,69.10692639062765,False,False,False,False,True,False,False,False,[],True,False,False,,True,0.16298634155539654,487.38128662109375,496.838623046875,0.0,9.45733642578125,-9.45733642578125,-0.13685077571905357,15,69.10692596435547,69.10692596435547,69.10692596435547,59.23450756072998,19.744836807250977,True,0.16298634155539654,48,54,18.0,0.375,5.406472852102313,Fluntern
76582,747a1135-e201-42f2-b577-1aefc1793ffe,1ef7c1e8-f2c0-4c1d-b921-e2bbb7ce6008,7bd4fda6-237b-4ac7-abd7-3746086dde27,7,track,,Eschenhaustrasse,237.5609853124751,False,False,False,False,True,False,False,False,[],True,False,False,,False,0.12016650997504817,580.7520141601562,602.5225830078125,0.0,21.77056884765625,-21.77056884765625,-0.09164201961140607,49,237.5609893798828,227.66261291503906,163.32316970825195,103.93293762207031,0.0,True,0.12016650997504817,18,20,6.666666666666667,0.3703703703703704,5.1384374120220855,Hirslanden
3239,0dffa100-c7e1-448a-8a0c-af658213387c,e63f3274-212d-45d7-b479-741e3c314737,063f9fbc-df55-47f5-94b8-bb513384b812,6,residential,,Bachtobelstrasse,109.4704531646054,False,False,False,False,True,False,False,False,[],True,False,False,,True,0.10190047607730698,501.1391296386719,511.016845703125,9.877716064453125,-0.0,9.877716064453125,0.09023180175280905,23,109.47045135498047,109.47045135498047,109.47045135498047,14.927787780761719,0.0,True,0.10190047607730698,46,146,48.666666666666664,1.0,5.131341995181041,Friesenberg
74690,eb1834fe-c0d6-43f5-8b1d-04688bf49d5e,4bba056c-622c-46df-aa7f-930d2815dc69,5850a855-3d41-4a1e-9cd9-efa24039499a,1,path,,,265.1635017567338,False,False,False,False,True,False,False,False,[],False,False,False,,False,0.1357687096814289,584.901123046875,594.7080688476562,1.1722412109375,10.97918701171875,-9.80694580078125,-0.036984522052214336,55,191.50699043273926,103.11913299560547,19.641754150390625,14.7313232421875,0.0,True,0.1357687096814289,14,0,0.0,0.0,5.040126908336948,Hottingen
42563,57b63700-cc6a-4c6b-9698-93c739fd441c,73bcbf6f-d07a-4c9a-806d-c51cc2562ff6,204c8344-8c41-40b3-b609-0555bfd2d7c1,0,path,,,27.211555196555114,False,False,False,False,True,False,False,False,[],True,False,False,shared_path,True,0.17800790821025644,404.22198486328125,405.8551025390625,1.63311767578125,0.77960205078125,0.853515625,0.03136592561190779,7,22.67629623413086,22.67629623413086,13.605777740478516,13.605777740478516,4.535259246826172,True,0.17800790821025644,104,104,34.666666666666664,0.3333333333333333,5.037626900474177,Gewerbeschule
5107,7aa942ee-1eeb-4cc3-994d-26952dab3ec9,49224acd-4813-48ec-928b-9182fa970493,c0a5c445-6b20-4f93-be9b-acb61593caa4,1,footway,,,122.3593294247976,False,False,False,False,True,False,False,False,[],False,False,False,,False,0.11633069167409699,441.0640563964844,453.1778564453125,12.113800048828125,-0.0,12.113800048828125,0.09900185074313429,26,122.35932922363281,122.35932922363281,112.57058334350586,48.9437370300293,0.0,True,0.11633069167409699,34,33,11.0,0.3235294117647059,4.839609444420233,Leimbach
59871,986da85c-5eb6-40fe-bf96-54cf5d06330d,26d1d8af-3e53-4804-af31-ac26aa8680f7,5f5e8705-a655-4414-a420-bad9c50b9428,2,residential,,Kurhausstrasse,80.31694142437888,False,False,False,False,True,True,False,False,[],True,True,False,,True,0.10225221938244351,530.619873046875,538.4705810546875,0.0,7.8507080078125,-7.8507080078125,-0.09774660212084729,18,80.31694030761719,80.31694030761719,80.31694030761719,28.34715461730957,0.0,True,0.10225221938244351,58,40,13.333333333333334,0.22988505747126436,4.763299598498424,Hottingen
67809,6fdb7ebd-db18-45ce-8274-11e4e65c23a7,4790c538-2d98-4838-9c88-e00f7b57f2c9,bc0360de-3610-4095-aea4-9edc318655b4,2,residential,,Frohburgstrasse,86.35629009198318,False,False,False,False,True,True,False,False,[],True,True,False,,True,0.09358998008994511,490.139892578125,496.1055603027344,0.0,5.965667724609375,-5.965667724609375,-0.06908202675668254,19,86.35629272460938,71.96357727050781,28.785430908203125,0.0,0.0,True,0.09358998008994511,58,24,8.0,0.13793103448275862,4.687608412803134,Oberstrass
72282,68386e8a-6206-451c-aaa1-30baf71d66b6,7086a074-821c-44f5-bc8c-e30c118e22a9,de2516d9-362d-4bb3-aedf-e302e7a5aae5,1,footway,,,118.99737168160439,False,False,False,False,True,False,False,False,[],False,False,False,,False,0.16380769491170732,517.438232421875,533.8004760742188,16.36224365234375,-0.0,16.36224365234375,0.1375008783614315,25,118.99737548828125,118.99737548828125,118.99737548828125,118.99737548828125,39.665794372558594,True,0.16380769491170732,24,0,0.0,0.0,4.678244437371671,Oberstrass
18582,107ca7e2-557f-4082-8d15-dd346a685b3a,6ae15097-0379-444e-99a6-2c08cf779fe7,049c1a28-202f-4db7-91c5-dc6c47a1693b,12,footway,,,52.1696869697135,False,False,False,False,True,False,False,False,[49.9],False,False,False,,False,0.19316801660138183,448.0621032714844,451.17620849609375,3.114105224609375,1.408111572265625,1.70599365234375,0.03270086143798209,12,47.42698669433594,33.198890686035156,18.970794677734375,18.970794677734375,9.485397338867188,True,0.19316801660138183,44,0,0.0,0.0,4.434106581807985,Hirslanden
75341,5fede469-d383-4a1b-99fd-bc0e76d563a8,8277f09f-d876-412b-8023-f6a1dfd86003,45463fdf-610d-4643-a27b-a07354c168b5,1,residential,,Riedackerstrasse,127.53085788158654,False,False,False,False,True,False,False,False,[],False,False,True,,True,0.09529749748410749,429.0937194824219,435.54058837890625,6.446868896484375,-0.0,6.446868896484375,0.05055144183097054,27,107.91072845458984,53.95536804199219,14.715103149414062,0.0,0.0,True,0.09529749748410749,36,7,2.3333333333333335,0.06481481481481483,4.375213778921963,Hirzenbach
5232,b8cc77d7-35d6-4b6d-b52f-31b7e9b66c80,d0164edf-9e83-424d-95a0-0c55f09a373d,af34bb1f-2c0c-43c5-ba9a-7d89aa168e64,9,track,,Höcklerweg,221.98276560365196,False,False,False,False,True,False,False,False,[],True,False,False,,False,0.09837728822157471,456.494140625,473.2868347167969,16.792694091796875,-0.0,16.792694091796875,0.07564863650420683,46,221.98277282714844,221.98277282714844,93.72606897354126,0.0,0.0,True,0.09837728822157471,20,0,0.0,0.0,4.367612502402546,Leimbach
72058,3765aaa9-a933-415e-b316-9f7253abfd4e,49b5f6f7-fb76-40f1-96c9-12e33aeba6c0,e0358094-5419-4800-a5f1-7a7c3fcee570,4,track,,Hubeggstrasse,218.28747138485411,False,False,False,False,True,False,False,False,[],True,False,False,,False,0.11025768982643057,535.828369140625,552.22802734375,16.399658203125,-0.0,16.399658203125,0.07512871803159694,45,163.71560668945312,153.79344177246094,133.94912719726562,99.22157573699951,0.0,True,0.11025768982643057,18,0,0.0,0.0,4.332217016330476,Schwamendingen-Mitte
59919,f14fdf13-d6f9-4994-8876-5f050ce74920,21fb145c-da50-4771-93ed-14b3db3302d7,9de302be-1b0f-4f73-bb4a-565a9d7be1b1,2,residential,,Kurhausstrasse,61.23341719544759,False,False,False,False,True,False,False,False,[],True,False,False,,True,0.10091620524358037,547.3500366210938,552.8125,5.46246337890625,-0.0,5.46246337890625,0.08920722704928546,14,61.23341751098633,61.23341751098633,47.10262870788574,4.710262298583984,0.0,True,0.10091620524358037,70,121,40.333333333333336,0.5761904761904763,4.325610868223102,Hottingen
58185,c487e339-afdb-4edb-8a67-aa4626d10845,e6bcc1dd-d47d-4057-a099-c06ee57e9f5f,682e0305-2d3f-4a77-8559-276cc34d394d,0,residential,,Waserstrasse,80.63661577500065,False,False,False,False,True,False,False,False,[],True,False,False,,True,0.14044958504080027,512.6685180664062,521.9352416992188,9.2667236328125,-0.0,9.2667236328125,0.11491954502151203,18,80.6366195678711,80.6366195678711,80.6366195678711,56.91996765136719,0.0,True,0.14044958504080027,38,81,27.0,0.7105263157894737,4.30364410538345,Witikon
59870,986da85c-5eb6-40fe-bf96-54cf5d06330d,1cb7f927-5d87-4d4c-85a1-69e965aff6c3,26d1d8af-3e53-4804-af31-ac26aa8680f7,1,residential,,Kurhausstrasse,70.57407876372562,False,False,False,False,True,True,False,False,[],True,True,False,,True,0.10505192679250606,538.4705810546875,545.0401611328125,0.0,6.569580078125,-6.569580078125,-0.09308771642303816,16,70.57408142089844,70.57408142089844,65.86914300918579,23.524694442749023,0.0,True,0.10505192679250606,58,40,13.333333333333334,0.22988505747126436,4.300086914326568,Hottingen
61885,83bc8de2-aaaf-4136-9d0e-c2d1f8cff760,206df25d-643d-4ef6-92b9-29027cb01242,a970ad31-b741-4ef0-bdf9-830337c9641b,1,residential,,Zürichbergstrasse,56.38490570294843,False,False,False,False,True,True,False,False,[],True,True,False,,True,0.15485001279686753,465.7008056640625,473.5371398925781,0.0,7.836334228515625,-7.836334228515625,-0.1389792885647182,13,56.38490676879883,56.38490676879883,56.38490676879883,56.38490676879883,9.39748477935791,True,0.15485001279686753,48,54,18.0,0.375,4.190977617432832,Fluntern
90121,a7bc42e2-4286-42a1-8fa5-341ae6ec14fd,530e83c0-5c56-4d30-8ece-236e33a4ab4e,aa5c7e92-1fd6-4513-9972-049cd7ddfeda,1,residential,,Oerlikonerstrasse,78.66451369990118,False,False,False,False,True,False,False,False,[],True,False,False,,True,0.09464640373110922,452.2657775878906,459.10491943359375,0.0,6.839141845703125,-6.839141845703125,-0.08694062438928823,17,78.66451263427734,78.66451263427734,78.66451263427734,0.0,0.0,True,0.09464640373110922,56,131,43.666666666666664,0.7797619047619048,4.169375460853243,Oerlikon
60666,c995bc85-3a4e-470b-a145-fd7da05d21f6,9a8100dc-ace0-43cf-99a6-f5b58a5836df,1e9a3bde-361c-4ddc-a3f0-b92cc66a2d05,1,residential,,Zürichbergstrasse,118.4635310107002,False,False,False,False,True,True,False,False,[],True,True,False,,True,0.14613385350291397,517.6595458984375,532.156005859375,0.0,14.4964599609375,-14.4964599609375,-0.12237065515520712,25,118.46353149414062,118.46353149414062,118.46353149414062,88.84765005111694,0.0,True,0.14613385350291397,24,54,18.0,0.75,4.154767748677337,Fluntern
72771,64c4c6b8-a30c-43d0-883e-03044b62b71f,8cb329ad-a5bf-4f9b-a5c5-b4bbf2d4ddce,16aac3dd-0a07-430f-a729-27fa872c6c6d,3,residential,,Hüttenkopfstrasse,327.8659458523209,False,False,False,False,True,False,False,False,[],True,False,False,,True,0.10490216104226403,452.0994567871094,474.3143615722656,22.21490478515625,-0.0,22.21490478515625,0.06775606224073304,67,322.8982849121094,238.44795417785645,79.4826545715332,44.70899200439453,0.0,True,0.10490216104226403,12,0,0.0,0.0,4.127261550248927,Schwamendingen-Mitte
10961,52126412-2824-4657-8478-60f4bc7d71a6,f4a98a7f-7c16-4208-b9f1-4792d4df948e,eb03f29d-e3ea-4ccd-96e0-0a40e1f5c054,0,secondary,,Butzenstrasse,58.107714608631454,False,False,False,False,True,False,False,False,[],True,False,False,,False,0.10914914428365212,453.6827697753906,459.4280700683594,0.0,5.74530029296875,-5.74530029296875,-0.09887327754986365,13,58.10771560668945,58.10771560668945,53.265403747558594,33.89616775512695,0.0,True,0.10914914428365212,64,129,43.0,0.671875,4.059140688518909,Wollishofen
39127,bb167bf9-86b8-42ad-975b-d34cca6964f8,26e78dab-57c1-40d3-8155-5422b0b43e95,8da76d3d-37f1-4daa-acbf-d7b2800a3f75,1,primary,,Rosengartenstrasse,75.91589823726443,False,False,False,False,True,True,False,True,[],True,True,False,,False,0.0914161854823019,432.6212158203125,439.2174377441406,6.596221923828125,-0.0,6.596221923828125,0.08688854141154836,17,75.91590118408203,75.91590118408203,75.91590118408203,0.0,0.0,True,0.0914161854823019,58,156,52.0,0.896551724137931,4.025166263901727,Wipkingen
39131,a7adcb09-8996-44f3-8940-59c3f21c5ca0,48414f74-4028-4694-a9f4-cd58fdaba93b,374c1ab5-5899-4ee9-9f64-35bae24734ac,0,primary,,Rosengartenstrasse,92.48667247450439,False,False,False,False,True,True,False,True,[],True,True,False,,False,0.08647357495006046,433.9475402832031,441.7977600097656,0.0,7.8502197265625,-7.8502197265625,-0.08487947077863128,20,92.4866714477539,92.4866714477539,92.4866714477539,0.0,0.0,True,0.08647357495006046,50,119,39.666666666666664,0.7933333333333333,3.9988266020528744,Wipkingen
10604,30b476d2-68f2-4820-a17e-813997803ff3,fbdb01b8-5095-418a-9ced-ee71b3fc3285,add37bb5-f383-4089-8585-9744d2cc369b,1,residential,,Bellariastrasse,100.86596156120979,False,False,False,False,True,True,False,False,[],True,True,False,,True,0.09865981211398964,431.10406494140625,440.21087646484375,9.1068115234375,-0.0,9.1068115234375,0.09028627297655806,22,100.86595916748047,100.86595916748047,86.45653820037842,0.0,0.0,True,0.09865981211398964,40,0,0.0,0.0,3.9805667265303435,Wollishofen
58495,56c17d68-4ad5-418d-84bb-7d21a096a05a,f0453570-00e2-4ffc-94e4-a742643e5653,925e2c1c-8cec-4f0a-83d2-47ae1de0e930,0,residential,,Biberlinstrasse,52.12753391395241,False,False,False,False,True,False,False,False,[],True,False,False,,True,0.1446582876204805,502.5816345214844,509.5399475097656,6.95831298828125,-0.0,6.95831298828125,0.13348632849661762,12,52.127532958984375,52.127532958984375,52.127532958984375,52.127532958984375,0.0,True,0.1446582876204805,52,121,40.333333333333336,0.7756410256410257,3.921153492812857,Hirslanden
72654,a2aab40d-c541-46c7-b23d-fbf8b6866501,4ef9f4ff-698c-4bbd-abcf-0474a381be81,841d1ec9-acce-4cd5-bdf8-f34a707d1aaf,0,path,,,171.7583641025338,False,False,False,False,True,False,False,False,[],True,False,False,shared_path,True,0.28511551257734524,497.7368469238281,528.8754272460938,31.138580322265625,-0.0,31.138580322265625,0.18129295128903172,36,171.75836181640625,171.75836181640625,161.943603515625,157.03622436523438,132.4993133544922,True,0.28511551257734524,8,0,0.0,0.0,3.9176779216432176,Schwamendingen-Mitte
67912,9b7e82fc-29a5-4f4d-bb7a-36bed7e44a67,4a42fcbb-44ed-482d-98da-0fb033410d16,a7379695-e1f3-4667-96eb-d11a13f04c1d,4,residential,,Frohburgstrasse,82.85786385343773,False,False,False,False,True,False,False,False,[],True,False,False,,True,0.0812718130857872,505.69189453125,511.54083251953125,5.84893798828125,-0.0,5.84893798828125,0.07059001619285427,18,82.85786437988281,82.85786437988281,4.873991966247559,0.0,0.0,True,0.0812718130857872,58,55,18.333333333333332,0.3160919540229885,3.9057251177948324,Oberstrass
60364,56d10a3b-41e7-4243-8293-a7ae42184bfe,ef1e8b7a-e157-46f4-b15e-f0adeb899e5c,1d590591-c644-4431-895f-5ac26aab1a97,2,residential,,Zürichbergstrasse,110.14019505639686,False,False,False,False,True,True,False,False,[],True,True,False,,True,0.1475434387078478,572.1204833984375,584.8758544921875,0.0,12.75537109375,-12.75537109375,-0.11581031588712229,24,110.14019775390625,110.14019775390625,110.14019775390625,100.56278991699219,0.0,True,0.1475434387078478,24,54,18.0,0.75,3.900111148457734,Fluntern
74650,f90702be-34f4-4bf8-87ce-5f3b44dbffdb,f46abcd3-88e5-4847-9625-0e553ea56446,a1ce7200-0986-4d17-9afb-12475d51edb4,0,track,,,127.19687684325461,False,False,False,False,True,False,False,False,[],True,False,False,,False,0.17012337640818506,558.3987426757812,568.9617919921875,10.56304931640625,-0.0,10.56304931640625,0.0830448797558102,27,83.16719055175781,73.3828125,63.59843826293945,53.814064025878906,34.24531316757202,True,0.17012337640818506,18,0,0.0,0.0,3.8950491882871012,Hottingen
80031,fcb83640-bd44-4bc1-8a3c-c51b57c45a67,e9d9a4b3-fee2-4ea0-a429-e880439c4c6f,9477467f-c38d-44d0-acf1-165d40b7e601,1,residential,,Michelstrasse,59.83137690846666,False,False,False,False,True,False,False,False,[],True,False,False,,True,0.12425059447482702,487.8566589355469,495.06195068359375,7.205291748046875,-0.0,7.205291748046875,0.12042664460488091,13,59.83137512207031,59.83137512207031,59.83137512207031,59.83137512207031,0.0,True,0.12425059447482702,52,104,34.666666666666664,0.6666666666666666,3.865723757544698,Höngg
58186,c487e339-afdb-4edb-8a67-aa4626d10845,682e0305-2d3f-4a77-8559-276cc34d394d,7904d9e9-ebbb-49b4-8c28-85bd215aebd3,1,residential,,Waserstrasse,54.83790203093687,False,False,False,False,True,False,False,False,[],True,False,False,,True,0.18412420027592918,521.9352416992188,530.2078247070312,8.2725830078125,-0.0,8.2725830078125,0.15085520590101428,12,54.8379020690918,54.8379020690918,54.8379020690918,54.8379020690918,24.926319122314453,True,0.18412420027592918,38,81,27.0,0.7105263157894737,3.8368542453772814,Witikon
61868,bbb8553c-b0dc-427a-ad7b-92444cf47079,11e008eb-3b15-43a5-a45b-c0ad2618d48c,11229e33-3a7f-453c-8bb3-854e79e88dc6,2,residential,,Zürichbergstrasse,49.4026146157197,False,False,False,False,True,False,False,False,[],True,False,False,,True,0.1608883141406879,480.1341857910156,487.38128662109375,0.0,7.247100830078125,-7.247100830078125,-0.14669468184444595,11,49.40261459350586,49.40261459350586,49.40261459350586,49.40261459350586,14.820784568786621,True,0.1608883141406879,48,54,18.0,0.375,3.81518562223932,Fluntern
58212,c1943f46-4940-403d-8831-c0e269ba4aa4,cb8cf1e2-eb19-4752-893e-8ed469462531,be1a651e-4cad-4f8f-a678-94c7669e02d2,5,residential,,Waserstrasse,54.900907608273506,False,False,False,False,True,False,False,False,[],True,False,False,,True,0.1713659411262055,563.60498046875,571.1280517578125,7.5230712890625,-0.0,7.5230712890625,0.13702999400220012,12,54.900909423828125,54.900909423828125,54.900909423828125,54.900909423828125,9.981983184814453,True,0.1713659411262055,40,82,27.333333333333332,0.6833333333333333,3.7632582803898584,Witikon
32344,40accc21-a40e-4fee-8741-7aab85358921,5a1941c7-86fc-4ad2-bb80-0e4160422d41,95c6efb4-2878-4b61-a9a2-d3ebbf33e14f,1,footway,,Am Wettingertobel,95.84720489807837,False,False,False,False,True,False,False,False,[],False,False,False,,False,0.19517173006041208,431.92193603515625,449.0047912597656,17.082855224609375,-0.0,17.082855224609375,0.17823008011296768,21,95.84720611572266,95.84720611572266,95.84720611572266,95.84720611572266,81.47012329101562,True,0.19517173006041208,20,0,0.0,0.0,3.741332960282552,Höngg
60144,41853ad3-1c4d-4ea7-a460-393b9357c5e1,9de302be-1b0f-4f73-bb4a-565a9d7be1b1,9e9ebb3f-26ac-4626-a737-e9d5857ea31f,0,residential,,Kurhausstrasse,53.186838754070784,False,False,False,False,True,False,False,False,[],True,False,False,,True,0.10017751339239928,552.8125,557.6604614257812,4.84796142578125,-0.0,4.84796142578125,0.09114964191427273,12,53.18684005737305,53.18684005737305,53.18684005737305,4.835166931152344,0.0,True,0.10017751339239928,70,151,50.333333333333336,0.719047619047619,3.729687676109714,Hottingen
65483,5403bd38-ebc4-45cc-83a4-2caf5c596662,bdb614a8-9782-45ba-a878-47afb61b496e,3b1abf93-ca47-4909-af1e-ed02a3ef1b6f,0,steps,,Weinbergfussweg,21.88062674283952,False,False,False,False,True,False,False,False,[],False,False,False,,False,0.43026042234183975,431.3065185546875,439.26220703125,7.9556884765625,-0.0,7.9556884765625,0.36359509229193454,6,21.880626678466797,21.880626678466797,21.880626678466797,21.880626678466797,21.880626678466797,True,0.43026042234183975,38,6,2.0,0.05263157894736842,3.5774597273217488,Oberstrass
57775,cd8b7eb1-3570-4d0d-94d2-cb7bb24b6de5,fdd8680e-3969-4cdf-bf78-a12531ade606,657b2b3a-780f-4d41-b0c4-3ba1b9e15417,0,residential,,Biberlinstrasse,84.22461746035778,False,False,False,False,True,False,False,False,[],True,False,False,,True,0.16245612170965756,477.9435119628906,489.17742919921875,11.233917236328125,-0.0,11.233917236328125,0.13338044904071195,18,84.22461700439453,84.22461700439453,84.22461700439453,84.22461700439453,14.863166809082031,True,0.16245612170965756,26,42,14.0,0.5384615384615384,3.5575292233232,Hirslanden
40460,fd83073c-e2e6-4c00-a249-9835414275fc,69e2129d-1def-4b4f-ae55-9d11d4e2a740,3e579b22-2c8c-413d-805b-b1e51b5d11ad,1,footway,,,135.25786743348067,False,False,False,False,True,False,False,False,[],False,False,False,,False,0.08190014786912497,443.58282470703125,451.8874816894531,8.304656982421875,-0.0,8.304656982421875,0.06139869543537757,29,135.25787353515625,130.42723560333252,9.661275863647461,0.0,0.0,True,0.08190014786912497,32,0,0.0,0.0,3.5448445898446623,Wipkingen
40443,a67c7fed-306c-479d-b50c-da092a0e9410,8da76d3d-37f1-4daa-acbf-d7b2800a3f75,6981fdf1-20c1-4819-8a77-997c48bd3602,0,primary,,Rosengartenstrasse,63.900766692505314,False,False,False,False,True,True,False,True,[],True,True,False,,False,0.0941458409969625,439.2174377441406,443.78857421875,4.571136474609375,-0.0,4.571136474609375,0.07153492199933342,14,63.9007682800293,54.06987762451172,29.49266242980957,0.0,0.0,True,0.0941458409969625,58,156,52.0,0.896551724137931,3.4892750239576293,Wipkingen
73709,78d8a605-b795-42b0-8900-2028fe7c5732,fd316845-5c73-439a-974e-e20d0f4953b9,7224be8c-8d0a-444e-981f-d661b7cc5c96,3,track,,Hanslinweg,101.17566284332216,False,False,False,False,True,False,False,False,[],True,False,False,,False,0.17188526835695203,642.95751953125,657.7276611328125,0.0,14.7701416015625,-14.7701416015625,-0.14598512845200046,22,101.1756591796875,101.1756591796875,101.1756591796875,91.5398817062378,62.63255310058594,True,0.17188526835695203,20,0,0.0,0.0,3.478121191803386,Fluntern
72394,eaa96968-f645-4959-9cab-19f2357e5442,c44ba6a4-431d-4150-9e91-22d86d43d22c,3f197abe-58f3-457e-aa8f-6349fe6edb4b,0,track,,,242.7181478011614,False,False,False,False,True,False,False,False,[],False,False,False,,False,0.17904801803910939,525.2942504882812,563.6685791015625,0.0,38.37432861328125,-38.37432861328125,-0.15810242389140175,50,242.71815490722656,242.71815490722656,242.71815490722656,242.71815490722656,168.41666221618652,True,0.17904801803910939,8,0,0.0,0.0,3.4766562644737253,Schwamendingen-Mitte
60771,eb3281ea-7c7b-46dc-810d-fd983fca5191,d6f0a915-8ac5-4e80-9bbb-98accad20fd3,e47a9925-6753-48ca-b8c0-4814ada739ae,4,residential,,Zürichbergstrasse,82.99028122393028,False,False,False,False,True,False,False,False,[],True,False,False,,True,0.17348659482859666,555.2831420898438,568.1824951171875,0.0,12.89935302734375,-12.89935302734375,-0.15543209402132913,18,82.99028015136719,82.99028015136719,82.99028015136719,82.99028015136719,53.69959259033203,True,0.17348659482859666,24,54,18.0,0.75,3.455448310417749,Fluntern
63864,09e1f99c-ef5a-4321-ac3a-15f284eb2c16,7ce66889-2b69-45ac-ab8e-7f8f94c9d4f3,0760f982-4fb4-479d-8aed-73c2988e75bd,0,pedestrian,,Marktgasse,51.80719980559671,False,False,False,False,True,False,False,False,[],True,False,False,car_free_street,True,0.10702460328259757,409.26751708984375,413.9938659667969,4.726348876953125,-0.0,4.726348876953125,0.09122957331326012,12,51.80720138549805,51.80720138549805,42.38771057128906,14.12923812866211,0.0,True,0.10702460328259757,62,43,14.333333333333334,0.23118279569892475,3.4376799039532773,Rathaus
61951,94e4ae57-4e82-4813-b805-71eaf6cd8c16,939fc451-1a36-4af4-8044-11afbad52334,9d8e4194-85b6-454f-bfee-83dd2faa5e72,1,residential,,Zürichbergstrasse,70.88677838855538,False,False,False,False,True,False,False,False,[],True,False,False,,True,0.10072035362227123,457.06890869140625,463.6929626464844,0.0,6.624053955078125,-6.624053955078125,-0.09344554760639878,16,70.88677978515625,70.88677978515625,70.88677978515625,4.7257843017578125,0.0,True,0.10072035362227123,48,54,18.0,0.375,3.427075865490659,Fluntern
87458,f9799fce-a04f-4fec-88b5-c8c9d11b384d,328e177a-afed-4f76-bddf-cc30fe9607ad,949b5091-bd87-4168-862e-21c451ce6e01,0,track,,Wässerlingweg,488.485804250101,False,False,False,False,True,False,False,False,[],True,False,False,,False,0.08631393341251668,521.5072631835938,539.9857788085938,18.478515625,-0.0,18.478515625,0.037828152368417155,99,294.08838272094727,179.4437713623047,29.907302856445312,0.0,0.0,True,0.08631393341251668,8,0,0.0,0.0,3.37305049448023,Höngg
65545,b211f12e-f8d9-43f2-aa1b-2f74d848c562,62be5df6-046c-474a-87e6-5c8c89e3cc44,41cc26c7-733b-4bd1-becf-821f9c0c05f2,0,footway,,Weinbergfussweg,37.596903399727104,False,False,False,False,True,False,False,False,[],False,False,False,,False,0.23607614722006923,423.9539794921875,430.2857971191406,6.331817626953125,-0.0,6.331817626953125,0.16841326881229263,9,37.59690475463867,37.59690475463867,37.59690475463867,32.89728927612305,28.197677612304688,True,0.23607614722006923,38,6,2.0,0.05263157894736842,3.3727781987648244,Hochschulen
67898,10ba96e3-711b-4c10-bb26-b19987f85e7a,ded6f127-a2db-44b5-b51f-7097a8ee5d1d,28c194c3-714c-46b2-ba28-9c1a0090fdb6,0,steps,,Schäppiweg,17.34382395359432,False,False,False,False,True,False,False,False,[],False,False,False,,False,0.43373969376319055,515.4720458984375,521.4931640625,6.0211181640625,-0.0,6.0211181640625,0.3471620808566088,5,17.34382438659668,17.34382438659668,17.34382438659668,17.34382438659668,17.34382438659668,True,0.43373969376319055,44,85,28.333333333333332,0.6439393939393939,3.3099901517384636,Oberstrass
72529,7bb99280-b790-4746-8213-edd3240a48b0,54592276-61b9-491c-91e4-58156cf2261e,e69665b1-8643-47a4-bac2-a56c504bd466,2,path,,Unterholzweg,89.25799853462289,False,False,False,False,True,False,False,False,[],True,False,False,shared_path,True,0.20576753760923322,477.4183044433594,492.5211181640625,0.0,15.102813720703125,-15.102813720703125,-0.16920404293481345,19,89.25799560546875,89.25799560546875,89.25799560546875,89.25799560546875,69.42288208007812,True,0.20576753760923322,18,0,0.0,0.0,3.305951742671622,Schwamendingen-Mitte
39044,8ff92793-aff5-4494-81c3-0264c8b99129,5c5745c0-b638-4219-a04c-b8b21ab251da,7ecf05f2-7dc4-49f0-a5c8-6e9f1439228e,0,primary,,Rosengartenstrasse,60.37718154469086,False,False,False,False,True,True,False,True,[36.9 43.8 50.5 54.2],True,True,False,,False,0.12949144816073085,423.12322998046875,426.91253662109375,0.0,3.789306640625,-3.789306640625,-0.06276057468525068,14,55.732784271240234,27.866392135620117,18.577594757080078,13.933196067810059,0.0,True,0.12949144816073085,42,70,23.333333333333332,0.5555555555555556,3.283698043115856,Wipkingen
41489,3f17783d-71c8-498d-a006-1c27541cbeb7,e8255581-1136-413c-b749-c9fe68dfa24c,4b284024-b127-4779-8a60-0a668fb8e22d,0,footway,,,29.040889801941447,False,False,False,False,True,False,False,False,[],True,False,False,shared_path,True,0.2260311975889333,402.5229187011719,404.8874206542969,0.82940673828125,2.364501953125,-1.53509521484375,-0.05285978592900598,7,24.2007417678833,24.2007417678833,19.36059331893921,14.520444393157959,9.680295944213867,True,0.2260311975889333,50,0,0.0,0.0,3.2820735504905327,Escher Wyss
40390,ca791f43-ec7b-4d24-8938-f0adf502ff86,f54e6f02-4194-42e1-9e28-a602dd2579b4,1402957e-5c00-49e9-aa19-938140c7d56d,0,footway,,Weihersteig,66.37481740373372,False,False,False,False,True,False,False,False,[],False,False,False,,False,0.15349361140613435,465.7127380371094,473.1288146972656,7.41607666015625,-0.0,7.41607666015625,0.11173027673944928,15,66.37481689453125,66.37481689453125,52.151641845703125,47.41058349609375,4.741058349609375,True,0.15349361140613435,32,23,7.666666666666667,0.23958333333333334,3.2601953375109844,Wipkingen
39065,09be0cf6-3d6c-4bb4-aef9-529e4818901b,374c1ab5-5899-4ee9-9f64-35bae24734ac,5c5745c0-b638-4219-a04c-b8b21ab251da,0,primary,,Rosengartenstrasse,89.85724738825274,False,False,False,False,True,True,False,True,[],True,True,False,,False,0.08536489380968501,426.91253662109375,433.9475402832031,0.0,7.035003662109375,-7.035003662109375,-0.07829088853754901,19,89.85724639892578,89.85724639892578,29.952415466308594,0.0,0.0,True,0.08536489380968501,42,70,23.333333333333332,0.5555555555555556,3.2216748401580926,Wipkingen
5006,7e9b62df-6777-46b6-ab21-a53f6c4bf85b,5bfec27a-d03a-4575-89b9-df7943cefb65,54440bbf-3480-4594-b8fe-fb51fab06bf4,2,track,,Frymannstrasse,109.94219860492414,False,False,False,False,True,False,False,False,[],True,False,False,,False,0.0913199763975051,473.8621520996094,478.1225891113281,4.26043701171875,0.8394775390625,3.42095947265625,0.03111598168648854,23,84.95533847808838,44.97635269165039,14.992118835449219,0.0,0.0,True,0.0913199763975051,32,3,1.0,0.03125,3.212774074141277,Leimbach
71420,4ccac94b-c928-4581-9eb3-55d108e1bd74,a0a753a1-8629-4a49-bab3-332d91ec53f7,b8c016a6-ada4-48eb-b53d-2ddc0f12bc96,0,tertiary,,Bülachstrasse,116.07107605235103,False,False,False,False,True,True,False,False,[],True,True,False,,False,0.09867759683957832,470.40826416015625,477.5065002441406,0.0,7.098236083984375,-7.098236083984375,-0.061154220007956006,25,116.07107543945312,77.38071823120117,38.69035720825195,0.0,0.0,True,0.09867759683957832,28,36,12.0,0.42857142857142855,3.20701215728038,Oerlikon
58155,16e771f0-109e-4aa8-a468-6c7fa71290b9,673e07b7-5302-4aee-96b5-ab348f3ae3af,bb7c1227-bada-4960-aab3-1164975f6605,0,path,,Wasersteig,44.88718772108637,False,False,False,False,True,False,False,False,[],True,False,False,shared_path,True,0.16486032946978585,464.9511413574219,469.8919372558594,4.9407958984375,-0.0,4.9407958984375,0.11007140619025883,10,44.88718795776367,44.88718795776367,34.91225719451904,24.937326431274414,9.974929809570312,True,0.16486032946978585,42,0,0.0,0.0,3.1080489538015788,Hirslanden
72281,68386e8a-6206-451c-aaa1-30baf71d66b6,73d841a7-6eb4-4e12-b170-b7b64e34832a,7086a074-821c-44f5-bc8c-e30c118e22a9,0,footway,,,122.06567459470185,False,False,False,False,True,False,False,False,[],False,False,False,,False,0.12621104454065687,506.5231628417969,517.438232421875,10.915069580078125,-0.0,10.915069580078125,0.08941964794662197,26,122.065673828125,122.065673828125,73.23939514160156,34.17839050292969,0.0,True,0.12621104454065687,20,0,0.0,0.0,3.0812072586314487,Oberstrass
73473,93b03b66-adb5-4323-aeac-148a37f3e71f,80854d95-ee82-479f-a5b7-55715d6ec345,7c20b194-04ed-426f-81a1-cd527e9835b9,0,footway,,,206.86852362912495,False,False,False,False,True,False,False,False,[],False,False,False,,False,0.24809630910116048,585.6707763671875,609.5723876953125,23.901611328125,-0.0,23.901611328125,0.11554010315890968,43,192.0922088623047,172.39044189453125,118.21058654785156,108.35971450805664,54.17985534667969,True,0.24809630910116048,6,0,0.0,0.0,3.079399030895526,Fluntern
73306,38119edb-6bee-4d92-86ab-1af690d8e62e,412f2694-c00c-4106-80e7-71fdbe1c4778,b8411df6-33bf-49a7-8db5-d7c89a62f573,1,track,,Hüttenkopfstrasse,174.61409010842934,False,False,False,False,True,False,False,False,[],True,False,False,,False,0.14612296705229272,486.49853515625,505.561279296875,19.062744140625,-0.0,19.062744140625,0.10917070978840494,36,174.6140899658203,159.64716815948486,149.66921997070312,134.70229721069336,0.0,True,0.14612296705229272,12,0,0.0,0.0,3.061815472293611,Schwamendingen-Mitte
62606,930e3133-8d09-4ead-8d2b-8d6c9d82b95c,da512150-507e-4fe4-948e-3f801c9d98e3,7dfc6e88-552e-41a4-8385-90e5bae129ee,1,residential,,Florhofgasse,45.09574345493233,False,False,False,False,True,False,False,True,[],False,False,False,,True,0.14082043178661396,422.6193542480469,427.58612060546875,4.966766357421875,-0.0,4.966766357421875,0.11013824802930303,11,45.09574508666992,45.09574508666992,40.5861701965332,31.567020416259766,0.0,True,0.14082043178661396,48,41,13.666666666666666,0.2847222222222222,3.048192991229732,Hochschulen
58496,56c17d68-4ad5-418d-84bb-7d21a096a05a,925e2c1c-8cec-4f0a-83d2-47ae1de0e930,258ef9b9-68cb-4b3e-9236-3ad74f32d98d,1,residential,,Biberlinstrasse,40.769752953076924,False,False,False,False,True,False,False,False,[],True,False,False,,True,0.1433256972259383,509.5399475097656,514.9769897460938,5.437042236328125,-0.0,5.437042236328125,0.1333597067090986,10,40.769752502441406,40.769752502441406,40.769752502441406,40.769752502441406,0.0,True,0.1433256972259383,52,121,40.333333333333336,0.7756410256410257,3.0385436992190837,Hirslanden
59664,d5cc0180-3518-4d53-b459-6291e85acf9c,6a0b921a-5611-4c1f-be7d-66907eb155bc,88fcdb3d-8e7f-4c15-af3b-2bea08826a65,1,residential,,Dolderstrasse,183.71709964838047,False,False,False,False,True,False,False,False,[],False,False,True,,True,0.20577268280053365,483.46014404296875,509.0249328613281,25.564788818359375,-0.0,25.564788818359375,0.13915301587596898,38,178.75177001953125,173.78643798828125,163.8557891845703,153.92514038085938,89.37588500976562,True,0.20577268280053365,8,68,22.666666666666668,1.0,3.0243168376784184,Hottingen
73325,6fb88459-082d-4015-8e90-ef4a615e589e,1d7399b3-a4f8-4c6e-916e-ddc2aa2308f7,f5bdfc79-fe36-471c-8f8a-c6cf058f2fe3,0,track,,Brandbachweg,101.51808103405182,False,False,False,False,True,False,False,False,[],True,False,False,,False,0.13509514659638353,521.7515258789062,534.4461669921875,12.69464111328125,-0.0,12.69464111328125,0.12504807917044247,22,101.51808166503906,101.51808166503906,101.51808166503906,101.51808166503906,0.0,True,0.13509514659638353,22,0,0.0,0.0,3.01721200868533,Schwamendingen-Mitte
74910,0276e9ab-843c-439b-94d6-da68b57c2ad2,6df79a0b-36b0-4bff-91be-9620abd1a0e0,b2f8c8b2-0515-4995-9fc7-32d1f4c2ef82,4,track,,Sagentobelweg,255.14081459704627,False,False,False,False,True,False,False,False,[],True,False,False,,False,0.11819403152172561,481.4198303222656,498.6639709472656,17.244140625,-0.0,17.244140625,0.0675867602405324,53,215.88836669921875,181.5424919128418,88.31796550750732,34.34587478637695,0.0,True,0.11819403152172561,10,0,0.0,0.0,3.0156121482962037,
67387,2ac7a983-006b-436c-a7ae-b12feabf2efe,2e19f3c0-4fdb-466d-9f41-4f9856f2b151,ddfb6ff1-d350-4223-a402-f79ba4f6ade5,2,residential,,Hinterbergstrasse,75.89436782791628,False,False,False,False,True,False,False,False,[],True,False,False,,True,0.19537845558543762,570.9474487304688,584.4650268554688,13.517578125,-0.0,13.517578125,0.17811041769057082,17,75.89437103271484,75.89437103271484,75.89437103271484,75.89437103271484,75.89437103271484,True,0.19537845558543762,20,9,3.0,0.15,2.965624874770282,Fluntern
80042,2ad7cffd-9a94-4694-9425-0da20f45f932,73eed1bc-430c-4f25-a035-686133e5768d,e62b5dba-4f20-4845-bada-4aea9486a27e,1,residential,,Michelstrasse,50.47999995028678,False,False,False,False,True,False,False,False,[],True,False,False,,True,0.11269132329678314,468.64703369140625,472.87664794921875,4.2296142578125,-0.0,4.2296142578125,0.08378792187336702,12,50.47999954223633,45.89090871810913,27.5345458984375,13.76727294921875,0.0,True,0.11269132329678314,52,104,34.666666666666664,0.6666666666666666,2.9581021570980695,Höngg
65491,2277abba-dd19-42b5-bfda-588f6d8aa6cb,93647027-5a11-43bb-b42c-1c5d9b2c582f,a89eeae7-fd2a-4880-9bab-0399c7762f5f,0,footway,,Weinbergfussweg,38.173917855011624,False,True,False,True,True,False,False,False,[],False,False,False,,False,0.20347862200569078,447.52923583984375,455.29656982421875,7.767333984375,-0.0,7.767333984375,0.20347226719045666,9,38.173919677734375,38.173919677734375,38.173919677734375,38.173919677734375,38.173919677734375,True,0.20347862200569078,38,6,2.0,0.05263157894736842,2.9516789566445563,Oberstrass
41526,20959872-f98a-47e9-9f12-6dade76acde1,96e30359-981c-4dcc-a6d0-a45095045d7a,720fe208-53d5-425d-a889-9c9a4eae6214,0,footway,,,21.282528357579068,False,False,False,False,True,False,False,False,[],True,False,False,shared_path,True,0.27506293312559327,402.20733642578125,406.5308837890625,4.32354736328125,-0.0,4.32354736328125,0.2031500853096573,6,21.282527923583984,21.282527923583984,21.282527923583984,21.282527923583984,17.02602195739746,True,0.27506293312559327,50,0,0.0,0.0,2.9270173371821566,Wipkingen
68747,07ec40d6-0434-4a5a-83d9-ab28fc7f4aca,e9822f03-ab02-4fb5-bc04-8922fc152dd6,2913138d-2344-44f2-b4f5-019e2fb57f65,1,residential,,Schindlerstrasse,40.78967118660662,False,False,False,False,True,True,False,False,[],True,True,False,,True,0.10461204375107841,442.300048828125,446.1156005859375,0.0,3.8155517578125,-3.8155517578125,-0.09354210247524308,10,40.7896728515625,40.7896728515625,36.257487297058105,9.064371109008789,0.0,True,0.10461204375107841,68,52,17.333333333333332,0.2549019607843137,2.9016217894004677,Unterstrass
32343,40accc21-a40e-4fee-8741-7aab85358921,4f62169a-02bd-4b98-b169-77f9a8c03db5,5a1941c7-86fc-4ad2-bb80-0e4160422d41,0,footway,,Am Wettingertobel,71.09034862640023,False,False,False,False,True,False,False,False,[],False,False,False,,False,0.20388379209815888,418.2521057128906,431.92193603515625,13.669830322265625,-0.0,13.669830322265625,0.1922881353567532,16,71.09034729003906,71.09034729003906,71.09034729003906,71.09034729003906,71.09034729003906,True,0.20388379209815888,20,0,0.0,0.0,2.8988339719061234,Höngg
59872,986da85c-5eb6-40fe-bf96-54cf5d06330d,5f5e8705-a655-4414-a420-bad9c50b9428,1bc880ea-600e-4f08-b114-fcc3d12de668,3,residential,,Kurhausstrasse,49.44394325231,False,False,False,False,True,True,False,False,[],True,True,False,,True,0.10103819523069783,526.4534912109375,530.619873046875,0.0,4.1663818359375,-4.1663818359375,-0.08426475683668619,11,49.44394302368164,49.44394302368164,34.61075973510742,4.944395065307617,0.0,True,0.10103819523069783,58,40,13.333333333333334,0.22988505747126436,2.8975215389554165,Hottingen
58540,9bfb6cd7-a85b-4e72-b26b-7588c0d9ef14,63e75930-8caf-49ee-bb86-c15a6ac2b879,c81e7114-c1e6-40a4-b41a-77c2d5abbfab,0,track,,Kapfsteig,213.77598584772062,False,False,False,False,True,False,False,False,[],True,False,False,,False,0.1693358787529081,517.9103393554688,540.7213134765625,22.81097412109375,-0.0,22.81097412109375,0.1067050353878791,44,213.77598571777344,193.88985061645508,164.06063842773438,124.28835964202881,29.829208374023438,True,0.1693358787529081,8,0,0.0,0.0,2.895995553583441,Hirslanden
38984,51c1d6a3-42e6-4b51-82e4-b07ddf87ffda,7ecf05f2-7dc4-49f0-a5c8-6e9f1439228e,bd67e7f0-5357-4da5-b748-81876fe8d479,0,primary,,Rosengartenstrasse,65.42680502904922,False,False,False,False,True,True,False,True,[],True,True,False,,False,0.10172648681034602,416.5169982910156,423.12322998046875,0.0,6.606231689453125,-6.606231689453125,-0.10097133479064259,15,65.42680358886719,65.42680358886719,65.42680358886719,65.42680358886719,0.0,True,0.10172648681034602,42,70,23.333333333333332,0.5555555555555556,2.7953683879088755,Wipkingen
60363,56d10a3b-41e7-4243-8293-a7ae42184bfe,75b3d424-220a-4c18-8cb5-89bb2cac0f90,ef1e8b7a-e157-46f4-b15e-f0adeb899e5c,1,residential,,Zürichbergstrasse,92.67118050971447,False,False,False,False,True,True,False,False,[],True,True,False,,True,0.12533816574364398,584.8758544921875,594.1771240234375,0.0,9.30126953125,-9.30126953125,-0.10036852296984909,20,92.67118072509766,92.67118072509766,92.67118072509766,34.14201307296753,0.0,True,0.12533816574364398,24,54,18.0,0.75,2.7876565877725783,Fluntern
73558,8ed2060f-a05d-43c6-9f1a-8eaf49876863,3e55d46e-6647-4e26-bd4b-91c8bcc14b4a,4ee634a7-d97f-4898-b147-bb36c820a5ec,0,track,,Zooweg,248.52799418228048,False,False,False,False,True,False,False,False,[],True,False,False,,False,0.18667018673772298,525.4840087890625,554.62060546875,29.1365966796875,-0.0,29.1365966796875,0.11723667632620316,51,248.5279998779297,248.5279998779297,218.7046356201172,183.91072273254395,54.6761474609375,True,0.18667018673772298,6,0,0.0,0.0,2.7835660250134815,Schwamendingen-Mitte
63921,3234384c-0bd7-44a5-8224-f831fb6be536,46ad3fe7-4928-40d6-b7bd-6358d4c5b1a0,15a0f401-7694-43d1-b6bc-0de6909b5c4f,3,pedestrian,,Glockengasse,41.84804620664828,False,False,False,False,True,False,False,False,[],False,False,False,car_free_street,True,0.15806227192775196,413.2211608886719,416.8712463378906,0.0,3.65008544921875,-3.65008544921875,-0.08722236412161148,10,37.198262214660645,32.548479080200195,27.898696899414062,18.599130630493164,4.6497802734375,True,0.15806227192775196,42,0,0.0,0.0,2.7781308488473546,Lindenhof
58210,c1943f46-4940-403d-8831-c0e269ba4aa4,70fb3718-ba78-4e32-9eca-60e933a3c05c,b6a5c1cf-febd-4acc-a91c-70649afec455,3,residential,,Waserstrasse,46.86496942190775,False,False,False,False,True,False,False,False,[],True,False,False,,True,0.15391311903648017,552.5872192382812,559.6292114257812,7.0419921875,-0.0,7.0419921875,0.15026131485976288,11,46.86497116088867,46.86497116088867,46.86497116088867,46.86497116088867,28.118980407714844,True,0.15391311903648017,38,81,27.0,0.7105263157894737,2.7409907745645343,Witikon
73669,3ee7e25e-b74d-466b-bdc9-0c685aefb3c2,53de79e7-6403-45ee-b67c-7330e0349763,340fe439-df8c-4a53-9b19-f8d0e2deb765,1,track,,Heubeeriweg,138.00863540602165,False,False,False,False,True,False,False,False,[],True,False,False,,False,0.1950101629064074,638.7911987304688,658.0548706054688,19.263671875,-0.0,19.263671875,0.1395830896318152,29,138.00863647460938,138.00863647460938,133.0797576904297,113.3642349243164,69.00431823730469,True,0.1950101629064074,10,0,0.0,0.0,2.691308647301927,Fluntern
12810,c35fe3b1-af71-438c-9cc1-03cbdb734fcb,c06154ac-a8d7-49ad-9326-0229c5bd1a20,a8d7babe-fd13-4cf7-a0a9-9d01a6b9dad6,1,residential,,Kappelistrasse,74.90351031355002,False,False,False,False,True,False,False,False,[],True,False,False,,True,0.08969669422197861,418.4486083984375,423.7976989746094,5.349090576171875,-0.0,5.349090576171875,0.07141308199544234,16,74.90351104736328,74.90351104736328,14.98070240020752,0.0,0.0,True,0.08969669422197861,40,0,0.0,0.0,2.687438904298927,Enge
73572,d6b810de-eed0-4228-805e-c6ddd6c05aa6,1f808d00-20ed-4334-98f9-df5b6bc0a517,1619d7ab-e106-4b60-9946-b6d25555eb57,1,track,,Hanslinweg,90.57819847337477,False,False,False,False,True,False,False,False,[],True,False,False,,False,0.09831384167773838,641.2515869140625,647.9669189453125,6.71533203125,-0.0,6.71533203125,0.07413850060300199,20,90.57820129394531,76.27637481689453,42.90546226501465,0.0,0.0,True,0.09831384167773838,30,0,0.0,0.0,2.6715271992498395,Fluntern
68754,6d015444-8393-4272-a0b9-ab616bfbee2a,6ae90303-6adb-428d-b008-c16d4a5cb62d,718c7f86-7890-421a-b814-7449def3b688,1,residential,,Schindlerstrasse,33.4825772761036,False,False,False,False,True,True,False,False,[],True,True,False,,True,0.1148869043156758,437.2447509765625,440.6619873046875,0.0,3.417236328125,-3.417236328125,-0.10206013108651142,8,33.48257827758789,33.48257827758789,33.48257827758789,19.132902145385742,0.0,True,0.1148869043156758,68,52,17.333333333333332,0.2549019607843137,2.615762563198116,Unterstrass
59660,8635e804-446b-4773-9b6a-0bb19c4f094d,a9db6a1e-821b-4cab-abfa-f1da49ce9c65,9859885f-da29-4218-acb8-9b70bf22eabb,0,residential,,Rütistrasse,120.1786265602539,False,False,False,False,True,True,False,False,[],True,True,False,,True,0.11939379415092932,496.09234619140625,508.6436767578125,0.0,12.55133056640625,-12.55133056640625,-0.1044389578932981,26,120.17862701416016,120.17862701416016,120.17862701416016,76.91432571411133,0.0,True,0.11939379415092932,18,24,8.0,0.4444444444444444,2.582744796157745,Hottingen
67512,6a2258f5-2788-45b7-8ad3-61113157e6f2,8342a05e-24c8-4a45-a55d-836701e36bcd,7c6e2587-7477-4ad9-851a-10a078825ee4,1,residential,,Hinterbergstrasse,60.048572751321096,False,False,False,False,True,False,False,False,[],True,False,False,,True,0.21452255600289047,593.4825439453125,605.367431640625,11.8848876953125,-0.0,11.8848876953125,0.19792123596842537,14,60.0485725402832,60.0485725402832,60.0485725402832,60.0485725402832,60.0485725402832,True,0.21452255600289047,20,0,0.0,0.0,2.5763546621877844,Fluntern
3719,d51870b2-5191-46c3-bc63-d0c0b11e24ef,8ba154a3-de63-4db7-bb4b-ee86d44ea064,c74cc9df-ef7b-4b6e-91e4-a3a2f399bc63,3,residential,,Stotzstrasse,29.134223293862046,False,False,False,False,True,False,False,False,[],True,False,False,,True,0.13320201835404746,484.8678894042969,488.5054626464844,3.6375732421875,-0.0,3.6375732421875,0.12485567660666078,7,29.13422393798828,29.13422393798828,29.13422393798828,29.13422393798828,0.0,True,0.13320201835404746,66,198,66.0,1.0,2.5612866483071537,Leimbach
72379,f79b3dfe-8285-4283-b489-2632f07a3b49,46dfde8b-4462-41ef-a475-f21df2be0d9d,30d71312-39be-4f45-9c68-dc845dcb2b8b,1,track,,Strickhofstrasse,70.62889936336211,False,False,False,False,True,False,False,False,[],True,False,False,,False,0.12083640517527727,578.5270385742188,586.1107788085938,0.0,7.583740234375,-7.583740234375,-0.10737446544526037,16,70.62889862060547,70.62889862060547,61.21171188354492,56.50311851501465,0.0,True,0.12083640517527727,30,0,0.0,0.0,2.560362690166532,Schwamendingen-Mitte
58591,dac16002-9d3e-4650-ab62-b814746bfe34,49e0d593-e55f-4598-ad91-318cea45ed99,636d6a4c-0a91-48a2-918a-40922c718eca,0,path,,,222.8182743712652,False,False,False,False,True,False,False,False,[],False,False,False,,False,0.1432345334515655,560.9596557617188,577.6409301757812,0.0,16.6812744140625,-16.6812744140625,-0.07486493175401836,46,193.10916709899902,168.3515739440918,89.12730407714844,64.36972618103027,0.0,True,0.1432345334515655,8,3,1.0,0.125,2.553221725924087,Hirslanden
3718,d51870b2-5191-46c3-bc63-d0c0b11e24ef,3f99fd82-0867-4d81-9ff0-366f44016764,8ba154a3-de63-4db7-bb4b-ee86d44ea064,2,residential,,Stotzstrasse,27.84305336169119,False,False,False,False,True,False,False,False,[],True,False,False,,True,0.13862930317587,481.0809326171875,484.8678894042969,3.786956787109375,-0.0,3.786956787109375,0.13601082740052442,7,27.843053817749023,27.843053817749023,27.843053817749023,27.843053817749023,0.0,True,0.13862930317587,66,198,66.0,1.0,2.5475096366410774,Leimbach
72637,d9858e0b-292f-4733-9c2d-bb5370159ef7,12320c0c-afde-43fa-8597-eb83fad2e643,4ef9f4ff-698c-4bbd-abcf-0474a381be81,0,track,,,122.40224663426555,False,False,False,False,True,False,False,False,[],True,False,False,,False,0.25762448280281625,474.8242492675781,497.7368469238281,22.91259765625,-0.0,22.91259765625,0.18719099259282898,26,117.50615692138672,117.50615692138672,112.61006927490234,107.71397399902344,97.92179870605469,True,0.25762448280281625,8,0,0.0,0.0,2.5227052386444333,Schwamendingen-Mitte
39078,36961503-ddc3-4ec1-ac4a-f8010ff4b50e,e7a3d051-332e-4d88-b5bf-03d677dfd471,510b390d-c9ef-4a8b-8707-aeeef168e7dc,0,primary,,Rosengartenstrasse,49.60739190081513,False,False,False,False,True,True,False,True,[],True,True,False,,False,0.08631619743653628,425.08984375,428.9957275390625,3.9058837890625,-0.0,3.9058837890625,0.07873592386506596,11,49.607391357421875,49.607391357421875,34.72517395019531,0.0,0.0,True,0.08631619743653628,58,156,52.0,0.896551724137931,2.483514431500986,Wipkingen
58190,8a64cdda-14fe-4b00-be8c-46f63d33a0bf,e8d12f77-79c0-4207-a25c-2bf48a1a7137,ecb046d6-beba-48f0-952d-559bba9adb5d,0,residential,,Waserstrasse,61.04274265628391,False,False,False,False,True,False,False,False,[],True,False,False,,True,0.10661274503730842,533.0713500976562,538.9310302734375,5.85968017578125,-0.0,5.85968017578125,0.09599306686187574,14,61.04274368286133,61.04274368286133,61.04274368286133,14.086787223815918,0.0,True,0.10661274503730842,38,81,27.0,0.7105263157894737,2.4730150564931224,Witikon
37538,f91bf487-2a97-4b8c-8691-e3db938c761a,21ab5c89-b07e-4fb1-857f-6cf3f816a39b,ef07709e-0419-47e9-a2e5-13ee76b8f09f,4,unclassified,,Ottenbergstrasse,299.69479176337416,False,False,False,False,True,False,False,False,[],True,False,False,,False,0.08221831201045982,465.99102783203125,470.49072265625,1.52044677734375,4.49969482421875,-2.979248046875,-0.00994094028155068,61,79.91860961914062,39.959320068359375,4.99493408203125,0.0,0.0,True,0.08221831201045982,10,14,4.666666666666667,0.4666666666666667,2.464039989711088,Höngg
72280,66236335-14d2-4180-8c86-7f0f9363d6a8,9305ed97-6604-46f2-8de9-d470419d61ee,73d841a7-6eb4-4e12-b170-b7b64e34832a,0,footway,,,91.40774925627706,False,False,False,False,True,False,False,False,[],False,False,False,,False,0.1305721133165366,496.3046569824219,506.5231628417969,10.218505859375,-0.0,10.218505859375,0.11179036268851415,20,91.40775299072266,91.40775299072266,91.40775299072266,81.78588485717773,0.0,True,0.1305721133165366,20,6,2.0,0.1,2.3870605987800344,Oberstrass
73749,77b5dbd9-77ba-46a0-bc57-c88ea9b0c545,c0f13ac3-ee4c-48fc-bcfe-0a3069d54335,bc987caa-c4c1-404d-93ae-e4cb94e0afa1,2,residential,,Hinterbergstrasse,66.87329105968796,False,False,False,False,True,False,False,False,[],True,False,False,,True,0.17803280095913207,613.5064086914062,624.321044921875,10.81463623046875,-0.0,10.81463623046875,0.16171831932036815,15,66.873291015625,66.873291015625,66.873291015625,66.873291015625,66.873291015625,True,0.17803280095913207,20,0,0.0,0.0,2.3811278633423067,Fluntern
73758,8d8fc3b7-e7f2-424c-8717-5810ba6c8643,bb72f944-d577-487a-98c6-830409bca1af,1bf80ac6-49c5-4d51-9226-7f4d2bfeafdb,1,residential,,Schlösslistrasse,131.891658461176,False,False,False,False,True,False,False,False,[],True,False,False,,True,0.1500115966610987,598.153076171875,611.0262451171875,12.8731689453125,-0.0,12.8731689453125,0.09760411455713396,28,131.89166259765625,131.89166259765625,68.38826751708984,53.733638763427734,4.884876251220703,True,0.1500115966610987,12,9,3.0,0.25,2.3742333926449586,Fluntern
32362,ff03fa2d-a077-42c2-8938-11cd7d5b63f0,8d993ce1-fdcc-474b-935c-14bdef2f1b9b,8680c270-f89d-46e2-8178-92fd893b9ae5,1,residential,,Vorhaldenstrasse,69.51176023062378,False,False,False,False,True,False,False,False,[],True,False,False,,True,0.1707773179940042,408.3294677734375,418.58782958984375,10.25836181640625,-0.0,10.25836181640625,0.14757736351867431,15,69.51175689697266,69.51175689697266,69.51175689697266,64.54663133621216,39.7210054397583,True,0.1707773179940042,20,27,9.0,0.45,2.374206396245642,Höngg
5055,a9d2f46e-3a9f-4270-b2fd-124bc05017a1,35a6cd26-c113-4d4c-b797-9789967e2217,efd3ba33-d15d-44c4-a2bc-4917830a2c14,1,residential,,Rebenstrasse,56.993130990306625,False,False,False,False,True,False,False,False,[],True,False,False,,True,0.12633234366786114,467.85711669921875,474.3522033691406,6.495086669921875,-0.0,6.495086669921875,0.11396262498069831,13,56.99312973022461,56.99312973022461,56.99312973022461,42.74484634399414,0.0,True,0.12633234366786114,32,99,33.0,1.0,2.30402425951195,Leimbach
21719,425fbad0-d4fb-4f8c-ab19-b7a5e398898c,ac020dcc-44a0-495e-91a5-03b38759b242,4391da76-5403-4f37-bdb5-b1baf44ab2b0,5,track,,Zielweg,242.7394358900044,False,False,False,False,True,False,False,False,[],True,False,False,,False,0.15806220103062618,509.41925048828125,530.3580322265625,0.0,20.5810546875,-20.5810546875,-0.08478661156039802,50,198.15464782714844,178.33917999267578,158.52371978759766,104.03118896484375,14.861602783203125,True,0.15806220103062618,6,0,0.0,0.0,2.3020757708224,Friesenberg
63555,0bcfaa0f-7ce8-427b-accb-b48ba5274e2b,89e67c4b-80c5-45c7-8178-5bbace378f3c,bed46903-0352-4e7f-a8ae-eae68073eb1c,0,pedestrian,,Spiegelgasse,37.1420082862019,False,False,False,False,True,False,False,False,[],False,False,False,car_free_street,True,0.14743613115727278,416.89300537109375,421.8625183105469,4.969512939453125,-0.0,4.969512939453125,0.13379763170854578,9,37.14200973510742,37.14200973510742,37.14200973510742,37.14200973510742,0.0,True,0.14743613115727278,42,34,11.333333333333334,0.2698412698412699,2.2999510821541698,Rathaus
5004,7e9b62df-6777-46b6-ab21-a53f6c4bf85b,b8180dd4-58e1-4de3-99e6-f54dad0dbbfc,099dcad2-e162-4967-a6e6-895da2dbbc3a,0,track,,Frymannstrasse,193.53065919506275,False,False,False,False,True,False,False,False,[],True,False,False,,False,0.09859445098720523,475.06011962890625,485.8016052246094,0.0,10.741485595703125,-10.741485595703125,-0.055502760536062394,40,129.0204315185547,104.20880889892578,54.5855712890625,0.0,0.0,True,0.09859445098720523,12,3,1.0,0.08333333333333333,2.2897258911034966,Leimbach
6113,71aa0a00-e8a8-451d-bbbf-5b84a98209b6,4b7af99f-0856-47c9-b2f3-3653254b486e,bdebbf8f-456e-4656-8407-89431a99da49,0,primary,,Leimbachstrasse,62.52760027532599,False,False,False,False,True,False,False,False,[],True,False,False,,False,0.11442310304221887,431.9442138671875,433.7110595703125,1.37506103515625,-0.0,1.37506103515625,0.02199126545376233,14,28.8588924407959,19.239261627197266,9.619630813598633,4.809815406799316,0.0,True,0.11442310304221887,32,125,41.666666666666664,1.0,2.2894726557716156,Leimbach
67441,9f57b622-e683-4b4c-9d7c-4aaecaa58e1e,9c67d6ed-f072-4d56-bcf8-9b41e2809551,f2242d84-a157-43d2-815f-edf98a162c25,0,steps,,Spyristeig,68.89499438468228,False,False,False,False,True,False,False,False,[],False,False,False,,False,0.2756154560061332,534.6219482421875,552.756591796875,18.1346435546875,-0.0,18.1346435546875,0.2632214883272307,15,68.8949966430664,68.8949966430664,68.8949966430664,68.8949966430664,68.8949966430664,True,0.2756154560061332,12,0,0.0,0.0,2.2786230352649026,Fluntern
73342,723d171e-7d6e-49ae-854a-3612bbc6b238,3e55d46e-6647-4e26-bd4b-91c8bcc14b4a,c738c28c-e4bb-47b1-9e29-e8b6f2b4eb5a,0,track,,Hüttenkopfstrasse,340.53710537584914,False,False,False,False,True,False,False,False,[],True,False,False,,False,0.08351445858750127,525.4840087890625,543.7002563476562,18.21624755859375,0.6724853515625,17.54376220703125,0.05151791603338017,70,266.5072937011719,231.96005010604858,39.48256301879883,0.0,0.0,True,0.08351445858750127,8,0,0.0,0.0,2.275181758753513,Schwamendingen-Mitte
3236,0dffa100-c7e1-448a-8a0c-af658213387c,abcf5b0e-cbef-463e-a8cd-adfe1aaf3272,35ea2cd0-1bfe-41ea-acef-ef1b2dc61403,3,residential,,Bachtobelstrasse,47.768143987795426,False,False,False,False,True,False,False,False,[],True,False,False,,True,0.10310062940544883,495.2667541503906,499.5589904785156,4.292236328125,-0.0,4.292236328125,0.08985562522420304,11,47.76814270019531,47.76814270019531,42.991329193115234,9.553630828857422,0.0,True,0.10310062940544883,46,146,48.666666666666664,1.0,2.265465826909035,Friesenberg
72528,7bb99280-b790-4746-8213-edd3240a48b0,7e4bad5a-653a-425d-bf0d-df2388fadd75,54592276-61b9-491c-91e4-58156cf2261e,1,path,,Unterholzweg,68.83916701916922,False,False,False,False,True,False,False,False,[],True,False,False,shared_path,True,0.18173695151927327,492.5211181640625,502.6407775878906,0.0,10.119659423828125,-10.119659423828125,-0.14700439005830396,15,68.83916473388672,68.83916473388672,68.83916473388672,68.83916473388672,19.668334007263184,True,0.18173695151927327,18,0,0.0,0.0,2.2519116646541844,Schwamendingen-Mitte
72308,a021cb78-87fc-4e30-965c-c1b4f40ca50c,4f6338de-2010-40d5-ad58-faf5d87a0c58,d8f9446b-a570-4085-860d-edb728be54de,2,footway,,,71.27697769191836,False,False,False,False,True,False,False,False,[],False,False,False,,False,0.13143923018844295,527.9755859375,534.2691040039062,6.29351806640625,0.0174560546875,6.27606201171875,0.08805174164798485,16,57.021583557128906,52.26978302001953,47.51798629760742,42.76618576049805,0.0,True,0.13143923018844295,24,0,0.0,0.0,2.248461858716297,Oberstrass
60173,faffde2d-7243-482f-9c5f-ef09dc03a162,51ebe0e6-c9bb-4e63-8a3c-ebe3902690d9,e5318880-3b25-479c-8f9a-31ce07352887,0,track,,,201.01827826475503,False,False,False,False,True,False,False,False,[],True,False,False,,False,0.13962578894297203,581.8484497070312,595.3482666015625,0.65203857421875,13.96343994140625,-13.3114013671875,-0.06621985505620417,42,147.08654737472534,122.5721206665039,78.44615936279297,68.64039611816406,0.0,True,0.13962578894297203,8,0,0.0,0.0,2.245386855573945,Hottingen
67058,1411b68a-0728-4eec-8254-1a17242d1eb3,1534ada8-1280-47c0-a834-5aa9e20018e9,f2c9d216-6142-43d0-a6de-2e8a41de146f,1,residential,,Culmannstrasse,68.95987355103694,False,False,False,False,True,True,False,False,[],True,True,False,,True,0.09533751947734123,480.3946838378906,484.3121337890625,0.032470703125,3.917449951171875,-3.884979248046875,-0.0563368065063274,15,54.18276119232178,49.25705528259277,14.777116775512695,0.0,0.0,True,0.09533751947734123,34,0,0.0,0.0,2.2353175178611706,Oberstrass
72102,d278889d-72da-4cea-ae16-9933441963b7,b330c054-1f8a-4ed5-a712-85defbeb894f,bf20d82e-23a6-4971-93a7-91fa9badbc71,1,residential,,Frohburgstrasse,124.09081177852774,False,False,False,False,True,False,False,False,[],True,False,False,,True,0.08734786979283547,501.4906005859375,510.6119079589844,0.0,9.121307373046875,-9.121307373046875,-0.07350509820852119,26,124.09081268310547,104.23628234863281,59.56359100341797,0.0,0.0,True,0.08734786979283547,20,23,7.666666666666667,0.38333333333333336,2.1678136139436193,Oberstrass
3717,d51870b2-5191-46c3-bc63-d0c0b11e24ef,213c893e-852d-4e00-82f2-b6369aa95ae2,3f99fd82-0867-4d81-9ff0-366f44016764,1,residential,,Stotzstrasse,22.99716492402188,False,False,False,False,True,False,False,False,[],True,False,False,,True,0.1421498261921621,478.0386657714844,481.0809326171875,3.042266845703125,-0.0,3.042266845703125,0.132288773670833,6,22.99716567993164,22.99716567993164,22.99716567993164,22.99716567993164,0.0,True,0.1421498261921621,66,198,66.0,1.0,2.1575683779290498,Leimbach
58146,ad2cdf54-e5fb-4ecb-9a12-5ab1bd637bf8,0d19d1e9-9c9a-4494-806b-85da250f9302,1d2164e8-ceca-4010-ac57-f589cd70db4f,0,footway,,Wasersteig,31.071013175914622,False,False,False,False,True,False,False,False,[],False,False,False,,False,0.18273220850262015,488.5148010253906,492.82733154296875,0.0,4.312530517578125,-4.312530517578125,-0.1387959442262043,8,31.071012496948242,31.071012496948242,31.071012496948242,31.071012496948242,8.877431869506836,True,0.18273220850262015,38,0,0.0,0.0,2.157516446058578,Hirslanden
58153,49d4feac-bf5a-4e8f-a17a-640599cdc5e6,3add5d34-8960-4764-9862-9fc8fc2084c4,bb7c1227-bada-4960-aab3-1164975f6605,0,footway,,Wasersteig,16.356421850390305,False,False,False,False,True,False,False,False,[],False,False,False,,False,0.341140246908743,469.8919372558594,474.42279052734375,0.0,4.530853271484375,-4.530853271484375,-0.2770075970126906,5,16.356422424316406,16.356422424316406,16.356422424316406,16.356422424316406,16.356422424316406,True,0.341140246908743,38,0,0.0,0.0,2.120336839662569,Hirslanden
60582,fd9453b5-bf46-4619-b540-df410315f69c,46f9a420-6f7e-414d-bddb-d6efdde5bc35,721fb2a4-1829-45c9-8a93-3f1edaa441f0,1,residential,,Zürichbergstrasse,62.46173627969494,False,False,False,False,True,False,False,False,[],True,False,False,,True,0.13934655301634888,498.4302062988281,506.19989013671875,0.0,7.769683837890625,-7.769683837890625,-0.12439109906706187,14,62.461734771728516,62.461734771728516,57.65698575973511,52.8522367477417,0.0,True,0.13934655301634888,24,54,18.0,0.75,2.088918635038011,Fluntern
40477,a39d53a2-a53d-4641-87d9-c4d5f7c49e5e,53d8ae32-1df4-4c1e-aa5a-4b5e2a9873f5,aea1273b-024d-4eb3-ada8-227a3d358191,1,footway,,,50.87552171790931,False,False,False,False,True,False,False,False,[10.6],False,False,False,,False,0.1066553175484915,464.9945068359375,469.19122314453125,0.0,4.19671630859375,-4.19671630859375,-0.08248989087491049,12,50.87552261352539,50.87552261352539,27.750286102294922,13.875141143798828,0.0,True,0.1066553175484915,38,8,2.6666666666666665,0.07017543859649122,2.061935071222141,Wipkingen
67490,32034c54-d8e3-40d3-b562-7bca13efa652,e1dab75a-1da3-44bb-b483-cae1747b56b1,faa5323a-a02b-4c19-84d0-dc203ba16cae,0,steps,,Spyristeig,63.045284756098326,False,False,False,False,True,False,False,False,[],False,False,False,,False,0.26925424603399345,556.55029296875,571.3904418945312,14.84014892578125,-0.0,14.84014892578125,0.2353887225241837,14,63.045284271240234,63.045284271240234,63.045284271240234,63.045284271240234,63.045284271240234,True,0.26925424603399345,12,0,0.0,0.0,2.037025273560201,Fluntern
62594,ae1544d2-96d3-42bc-bbb2-9cb4f14673cd,c13680c8-3925-49f1-aa86-0c63514ec444,228e5ba4-ea6c-4b16-abb7-9215ac3f7138,2,residential,,Kantonsschulstrasse,47.34590991654683,False,False,False,False,True,False,False,False,[],True,False,False,,True,0.08960120662872317,430.6793212890625,434.3505859375,0.0,3.6712646484375,-3.6712646484375,-0.07754132757778585,11,47.345909118652344,47.345909118652344,18.938364028930664,0.0,0.0,True,0.08960120662872317,48,41,13.666666666666666,0.2847222222222222,2.036280315579565,Hochschulen
61869,bbb8553c-b0dc-427a-ad7b-92444cf47079,11229e33-3a7f-453c-8bb3-854e79e88dc6,032f7e79-f4db-4ce3-9314-cf0d1ab35bea,3,residential,,Zürichbergstrasse,29.900135982034005,False,False,False,False,True,False,False,False,[],True,False,False,,True,0.1417928413874773,476.0295104980469,480.1341857910156,0.0,4.10467529296875,-4.10467529296875,-0.1372794901239975,7,29.900135040283203,29.900135040283203,29.900135040283203,29.900135040283203,0.0,True,0.1417928413874773,48,54,18.0,0.375,2.0350201146069846,Fluntern
71196,0ecbfa3f-f151-4b82-8509-3dc37ac03b59,a6b3eb2c-a222-432f-b553-fbc2acb80774,374593c4-54a0-47e0-ba72-ed265e561ad3,1,footway,,,54.22257791814447,False,False,False,False,True,False,False,False,[],False,False,False,,False,0.13118785877726058,482.22613525390625,488.82269287109375,6.5965576171875,-0.0,6.5965576171875,0.12165703082771973,12,54.22257614135742,54.22257614135742,54.22257614135742,54.22257614135742,0.0,True,0.13118785877726058,28,6,2.0,0.07142857142857142,1.9917362904500724,Oberstrass
75181,87c3978c-626b-447b-9401-3133577408cf,6fa20280-f4c8-4bf8-807d-cc8d4f2159c7,b59d1354-76e3-4d4c-a476-f01b17c72392,0,residential,,Probsteistrasse,67.39104371574057,False,False,False,False,True,False,False,False,[],True,False,False,,True,0.08199266326377777,445.2808837890625,450.3193054199219,5.038421630859375,-0.0,5.038421630859375,0.07476396395866039,15,67.39104461669922,67.39104461669922,9.62729263305664,0.0,0.0,True,0.08199266326377777,36,8,2.6666666666666665,0.07407407407407407,1.9892056155765274,Hirzenbach
58585,1b736b06-5da0-48ff-9776-bbee989292dd,fbdc7fd8-b4d2-41a7-908b-b42bbd1cdbab,4d7395fc-18aa-4f4a-a21a-d95732fe5d86,0,path,,,151.99511090991402,False,False,False,False,True,False,False,False,[],False,False,False,,False,0.32535030459577846,527.797119140625,563.5848388671875,0.0,35.7877197265625,-35.7877197265625,-0.23545308815687183,32,151.9951171875,151.9951171875,151.9951171875,151.9951171875,151.9951171875,True,0.32535030459577846,4,0,0.0,0.0,1.9780662252643861,Hirslanden
72409,aeeb7a3b-8d04-4966-be8e-32050e61a11d,50fc88e1-86ba-4617-bede-10c06e61b5f0,965afe83-c5fa-4155-91cd-5ee8906630ae,0,path,,Unterholzweg,84.81297876418225,False,False,False,False,True,False,False,False,[],True,False,False,shared_path,True,0.12930060331526627,549.3656616210938,555.7451171875,0.0,6.37945556640625,-6.37945556640625,-0.07521791496272198,18,84.81298065185547,64.85698699951172,29.933992385864258,19.955995559692383,0.0,True,0.12930060331526627,18,0,0.0,0.0,1.973946478171254,Schwamendingen-Mitte
80043,2ad7cffd-9a94-4694-9425-0da20f45f932,e62b5dba-4f20-4845-bada-4aea9486a27e,d723a943-46b4-43f5-b7cf-7edc2a0726d0,2,residential,,Michelstrasse,36.127011472598724,False,False,False,False,True,False,False,False,[],True,False,False,,True,0.10461818392232872,472.87664794921875,476.5312194824219,3.654571533203125,-0.0,3.654571533203125,0.101158980448613,9,36.127010345458984,36.127010345458984,36.127010345458984,22.579380989074707,0.0,True,0.10461818392232872,52,104,34.666666666666664,0.6666666666666666,1.9653620120182946,Höngg
58519,2b15bb29-93ea-451b-9890-71a8bf8615f2,c81e7114-c1e6-40a4-b41a-77c2d5abbfab,636d6a4c-0a91-48a2-918a-40922c718eca,0,track,,Sonnenberghölzliweg,118.1132764852525,False,False,False,False,True,False,False,False,[],True,False,False,,False,0.2075106657406489,540.7213134765625,560.9596557617188,20.23834228515625,-0.0,20.23834228515625,0.1713468915455203,25,118.11327362060547,118.11327362060547,118.11327362060547,118.11327362060547,98.42772674560547,True,0.2075106657406489,8,3,1.0,0.125,1.960781170901126,Hirslanden
67318,69032db1-de2c-45fe-a212-6258f703af00,41955f98-92ba-497b-ad5e-3bf1e7017f84,047de558-77c5-41bf-abf4-27bd31519253,1,residential,,Hinterbergstrasse,59.36824219718745,False,False,False,False,True,False,False,False,[],True,False,False,,True,0.16487074366248008,535.6116943359375,544.048095703125,0.0,8.4364013671875,-8.4364013671875,-0.1421029378087606,13,59.36824035644531,59.36824035644531,59.36824035644531,59.36824035644531,19.789413452148438,True,0.16487074366248008,20,9,3.0,0.15,1.957617248196905,Fluntern
60398,ea38a81f-f843-46e9-ae31-a03e03ea0e5c,e1c06f74-8d28-4c19-80b6-8c1a4952b701,d3772e9f-b089-4ac0-aa7e-3d08a8729917,0,residential,,Susenbergstrasse,101.08737188577928,False,False,False,False,True,False,False,False,[],True,False,False,,True,0.11931418119890307,570.948486328125,582.038330078125,0.0,11.08984375,-11.08984375,-0.10970553046991771,22,101.08737182617188,101.08737182617188,101.08737182617188,77.01895141601562,0.0,True,0.11931418119890307,16,16,5.333333333333333,0.3333333333333333,1.9297851209761228,Fluntern
54768,df59545a-7421-44e1-8f7c-4b45f3e5e478,a9c80f5a-4115-4654-a70f-d2292f4225a1,7428c9af-fa0f-4c01-87c5-7d674dea4005,1,pedestrian,,Torgasse,52.57274752879527,False,False,False,False,True,False,False,False,[],True,False,False,car_free_street,True,0.09609258704978549,408.21160888671875,411.55169677734375,3.340087890625,-0.0,3.340087890625,0.0635326880782607,12,47.793405532836914,38.234724044799805,14.338020324707031,0.0,0.0,True,0.09609258704978549,38,22,7.333333333333333,0.19298245614035087,1.9197035009757186,Rathaus
67589,a8e9fd44-f159-4c53-9460-667f19fed315,a8ecd8d1-75e3-47cf-bb3d-f91d0e97eb5a,3aa836d7-f62d-40ae-95e8-da8e52fbfcd7,0,footway,,Geissbergweg,65.44982868420905,False,False,False,False,True,False,False,False,[],False,False,False,,False,0.24385403746980874,496.0722351074219,508.56683349609375,12.494598388671875,-0.0,12.494598388671875,0.1909034532280175,15,65.4498291015625,65.4498291015625,65.4498291015625,65.4498291015625,51.42486572265625,True,0.24385403746980874,12,0,0.0,0.0,1.9152245971622015,Oberstrass
88089,5b7f2966-9083-4715-9c66-65cdb92c8cd8,de481f9b-c733-4938-a4c6-452d9760f853,15837772-d540-4cc1-9542-46ddca422e97,1,residential,,Käferholzstrasse,58.0558394430231,False,False,False,False,True,False,False,False,[],True,False,False,,True,0.09111775369032422,470.2415466308594,473.72308349609375,0.0,3.481536865234375,-3.481536865234375,-0.059968762710271836,13,53.21785306930542,33.86590576171875,14.513961791992188,0.0,0.0,True,0.09111775369032422,36,0,0.0,0.0,1.9043703643155803,Affoltern
39173,2ab305b3-16c6-48de-92ad-e09866eb7ae1,7c58f86e-1006-41d8-89e9-1cd263db25ae,a82320b9-7a84-4a18-a65f-0849804b7ebd,0,residential,,Bruggerweg,170.39696393569642,False,False,False,False,True,False,False,False,[],True,False,False,,True,0.09227072085325343,455.7644348144531,460.93353271484375,5.169097900390625,0.44708251953125,4.722015380859375,0.027711852681999456,36,68.15878295898438,58.421817779541016,14.605453491210938,0.0,0.0,True,0.09227072085325343,12,31,10.333333333333334,0.8611111111111112,1.8867180832263042,Wipkingen
80044,2ad7cffd-9a94-4694-9425-0da20f45f932,d723a943-46b4-43f5-b7cf-7edc2a0726d0,cb581119-19f7-4dcf-b858-61504c8d6dd1,3,residential,,Michelstrasse,27.381452753262785,False,False,False,False,True,False,False,False,[],True,False,False,,True,0.13193191754004382,476.5312194824219,479.9587707519531,3.42755126953125,-0.0,3.42755126953125,0.12517784664518447,7,27.381452560424805,27.381452560424805,27.381452560424805,27.381452560424805,0.0,True,0.13193191754004382,52,104,34.666666666666664,0.6666666666666666,1.8784935347204372,Höngg
5043,619d756e-f91e-4a2d-8f82-97ce59cf038f,5b213395-0654-4221-a9df-8c45a3d0334b,ed62b435-c4a3-437f-8716-f3aa2e950999,2,service,,Rellstabweg,55.60022211373647,False,False,False,False,True,False,False,False,[],True,False,False,,False,0.10541036836758606,463.8771057128906,467.739013671875,3.861907958984375,-0.0,3.861907958984375,0.06945849698101544,13,46.333518981933594,37.06681442260742,32.43346405029297,4.633351802825928,0.0,True,0.10541036836758606,32,3,1.0,0.03125,1.8754687661851412,Leimbach
50885,061a6251-4d81-47b8-9678-d4133a841d81,fb041b70-dc06-4e9b-b7e5-adbb898df19a,747012fc-927a-4827-800b-6b8c6ddcfeea,1,residential,,Bachtobelstrasse,80.1608586573594,False,False,False,False,True,False,False,False,[],True,False,False,,True,0.08843948242030678,467.5248107910156,474.2757873535156,0.0,6.7509765625,-6.7509765625,-0.0842178678963921,18,80.16085815429688,80.16085815429688,66.01482391357422,0.0,0.0,True,0.08843948242030678,26,82,27.333333333333332,1.0,1.8432400610063007,Friesenberg
59653,665b711b-6860-47ea-8ba6-25e745e53973,cd93e507-ebaa-4b46-947e-3ac8519dfcb8,1ad60d58-c51a-4ab0-825b-78b46c587ade,2,footway,,,58.39268644607963,False,False,False,False,True,False,False,False,[],False,False,False,,False,0.12042575792318562,510.77001953125,516.5033569335938,0.0,5.73333740234375,-5.73333740234375,-0.09818588421779632,13,58.39268493652344,58.39268493652344,58.39268493652344,19.464228630065918,0.0,True,0.12042575792318562,26,92,30.666666666666668,1.0,1.8283157158344177,Hottingen
72096,b5d10a6b-b30a-4066-a101-0c93fe185593,eea33f8c-f4dc-40ca-98d5-130d13fa8f57,3668f182-058b-41cc-9f9a-788583d36075,0,residential,,Frohburgstrasse,105.31224633594843,False,False,False,False,True,False,False,False,[],True,False,False,,True,0.08644771837551923,491.16473388671875,499.7332458496094,0.0,8.568511962890625,-8.568511962890625,-0.08136291938406578,23,105.31224822998047,105.31224822998047,67.01688766479492,0.0,0.0,True,0.08644771837551923,20,23,7.666666666666667,0.38333333333333336,1.8208006825486753,Oberstrass
57750,036bfc43-8cc6-4f8a-9bc7-8e3b3a9b3101,e297b1b7-0ab4-4de5-8e4d-85850cb5be7b,03c9a7ad-a3b3-4a58-8668-03900f35b3ea,1,secondary,,Hofackerstrasse,60.44192091500962,False,False,False,False,True,False,False,False,[],True,False,False,,False,0.1155491048004749,462.30096435546875,468.38104248046875,0.0,6.080078125,-6.080078125,-0.1005937270168482,14,60.44192123413086,60.44192123413086,55.79254150390625,32.54564952850342,0.0,True,0.1155491048004749,26,42,14.0,0.5384615384615384,1.81584256207912,Hirslanden
58211,c1943f46-4940-403d-8831-c0e269ba4aa4,b6a5c1cf-febd-4acc-a91c-70649afec455,cb8cf1e2-eb19-4752-893e-8ed469462531,4,residential,,Waserstrasse,31.487476176394843,False,False,False,False,True,False,False,False,[],True,False,False,,True,0.1434625277417593,559.6292114257812,563.60498046875,3.97576904296875,-0.0,3.97576904296875,0.12626509025104998,8,31.487476348876953,31.487476348876953,31.487476348876953,31.487476348876953,0.0,True,0.1434625277417593,40,82,27.333333333333332,0.6833333333333333,1.806909169789612,Witikon
61964,70383ecb-4088-4cd5-9fbc-67e79090c138,45b86025-0c8f-4bcc-bab0-5e400b4b633a,0d1775b0-99d8-45b7-b63a-36cf87a25665,1,residential,,Zürichbergstrasse,45.953469968423235,False,False,False,False,True,True,False,False,[],True,True,False,,True,0.08169726703150519,446.7433776855469,450.1515197753906,0.0,3.40814208984375,-3.40814208984375,-0.0741650677138597,11,45.953468322753906,45.953468322753906,13.786041736602783,0.0,0.0,True,0.08169726703150519,48,54,18.0,0.375,1.802050995376573,Fluntern
18000,b661cafd-dcca-455f-828f-5f9a3963bab8,70df0f6c-1920-4fd4-968c-c1da44172339,dad9504a-5615-40e4-ac5b-9da7a3188e58,0,unclassified,,Kartausstrasse,267.26052329189446,False,False,False,False,True,False,False,False,[],False,False,False,,False,0.1677667987236207,439.6934509277344,462.59478759765625,22.901336669921875,1.2841796875,21.617156982421875,0.08088421099267801,55,183.12295532226562,163.3258819580078,143.52879333496094,138.57952880859375,64.34049224853516,True,0.1677667987236207,4,2,0.6666666666666666,0.16666666666666666,1.793497696715232,Weinegg
58880,eb547222-2b6b-471b-9ab0-15acc49d8b36,4aafec0d-739f-4c9c-a134-e53269c51e9d,a26c104c-f360-41b6-a485-86c11a125253,1,residential,,Klusstrasse,44.18179717520054,False,False,False,False,True,False,False,False,[],True,False,False,,True,0.1541765722641974,485.76495361328125,491.8208312988281,6.055877685546875,-0.0,6.055877685546875,0.13706725604133935,10,44.18179702758789,44.18179702758789,44.18179702758789,44.18179702758789,9.818177223205566,True,0.1541765722641974,26,61,20.333333333333332,0.782051282051282,1.7710674916855487,Hirslanden
61736,f004a0b3-e23e-4dff-a9a0-b9c0ced80467,d0c98b97-e3b1-4444-a5c6-111251762060,ee9e2088-e5fc-4278-8acd-bfaafdc987f1,3,residential,,Häldeliweg,91.08689800959841,False,False,False,False,True,False,False,False,[],True,False,False,,True,0.16187407000708187,480.45550537109375,492.10577392578125,11.6502685546875,-0.0,11.6502685546875,0.1279027907162963,20,91.08689880371094,91.08689880371094,81.4988021850586,71.91071033477783,19.176189422607422,True,0.16187407000708187,12,0,0.0,0.0,1.7693528286160392,Fluntern
9627,ffb652e4-f111-4a4d-a0cb-bc1b2130be7b,ecc54b10-286f-4fe3-9248-4a794d2a5aaf,2d65df62-6937-4208-b5f3-472bea140c1e,10,footway,,,64.50545215395907,False,False,False,False,True,False,False,False,[],False,False,False,,False,0.08535399837401186,422.3279113769531,426.0769958496094,0.0,3.74908447265625,-3.74908447265625,-0.0581204251898228,14,59.543495178222656,39.69566345214844,9.92391586303711,0.0,0.0,True,0.08535399837401186,32,0,0.0,0.0,1.7618554426444553,Enge
9301,28ef37b8-e951-4f8d-aaec-526b7a361256,8ab9bc9c-59e8-4abf-8dfa-08659c0617d2,dacba23d-cde2-4c6c-a5cb-e9dd0f3e8a03,0,steps,,,23.623916670792795,False,False,False,False,True,False,False,False,[],False,False,False,,False,0.3103505766916537,432.17254638671875,439.1410827636719,0.0,6.968536376953125,-6.968536376953125,-0.2949780295656229,6,23.623916625976562,23.623916625976562,23.623916625976562,23.623916625976562,23.623916625976562,True,0.3103505766916537,24,7,2.3333333333333335,0.09722222222222222,1.7596070789990679,Wollishofen
51898,2703f806-3ef3-4855-8330-c27e4d08b122,a24d21ee-26ab-473c-9cc2-ac1b12e9e943,a88caeac-5878-4599-9da0-d133f90e742f,0,steps,,,49.57499670360673,False,False,False,False,True,False,False,False,[],False,False,False,,False,0.3529020461437985,421.74688720703125,434.78863525390625,13.041748046875,-0.0,13.041748046875,0.2630710811841498,11,49.57499694824219,49.57499694824219,49.57499694824219,49.57499694824219,49.57499694824219,True,0.3529020461437985,10,0,0.0,0.0,1.749511777427488,Enge
58191,8a64cdda-14fe-4b00-be8c-46f63d33a0bf,ecb046d6-beba-48f0-952d-559bba9adb5d,0095e686-47d7-4167-a82d-5fa777aaa39f,1,residential,,Waserstrasse,34.76758375211934,False,False,False,False,True,False,False,False,[],True,False,False,,True,0.13210288203174234,538.9310302734375,542.9122314453125,3.981201171875,-0.0,3.981201171875,0.11450900378347295,8,34.767581939697266,34.767581939697266,34.767581939697266,29.80078411102295,0.0,True,0.13210288203174234,38,81,27.0,0.7105263157894737,1.7453012456752786,Witikon
74657,a8ad5129-975b-487a-b254-903ef863039d,2cdcc67c-f5e3-4eca-b9df-d1252981064d,02c79383-0bd0-4b8c-88a2-376f3d5bf957,0,steps,,,90.36677847626352,False,False,False,False,True,False,False,False,[],False,False,False,,False,0.48240158117381343,554.798095703125,581.2001953125,26.402099609375,-0.0,26.402099609375,0.29216600304241086,20,90.36677551269531,90.36677551269531,90.36677551269531,90.36677551269531,90.36677551269531,True,0.48240158117381343,4,0,0.0,0.0,1.7437230729013302,Hottingen
48675,a7c46bdd-270a-4c69-a605-26564a52c76f,ccc985f3-0d45-4f13-bab8-065230fd6f34,0e1fca79-dfdf-4571-90f7-f8279bdbac71,1,service,,Bühlstrasse,70.405355707049,False,False,False,False,True,False,False,False,[],True,False,False,,False,0.11223459579238111,427.0532531738281,433.320068359375,6.266815185546875,-0.0,6.266815185546875,0.08901048756031937,16,70.40535736083984,65.71166229248047,56.324283599853516,18.774761199951172,0.0,True,0.11223459579238111,22,0,0.0,0.0,1.7384216606678806,Alt-Wiedikon
58879,eb547222-2b6b-471b-9ab0-15acc49d8b36,baa68e82-d609-4598-9edf-7a7041f8ae67,4aafec0d-739f-4c9c-a134-e53269c51e9d,0,residential,,Klusstrasse,42.50924052108031,False,False,False,False,True,False,False,False,[],True,False,False,,True,0.15718022793297534,479.2308349609375,485.76495361328125,6.53411865234375,-0.0,6.53411865234375,0.15371055271295248,10,42.509239196777344,42.509239196777344,42.509239196777344,42.509239196777344,42.509239196777344,True,0.15718022793297534,26,61,20.333333333333332,0.782051282051282,1.7372191497338791,Hirslanden
60049,305aa300-b0df-42e6-9393-3d9c6ceba3e9,4a228385-6a85-4931-b10e-a014c6cde0b0,ec0fa0ea-4d3d-47ce-9f81-751b7e62aa61,5,track,,Breitweg,156.3881190808975,False,False,False,False,True,False,False,False,[],True,False,False,,False,0.1387897578079386,595.692138671875,613.1862182617188,0.0,17.49407958984375,-17.49407958984375,-0.11186322403281787,33,156.38812255859375,156.38812255859375,156.38812255859375,97.7425765991211,0.0,True,0.1387897578079386,8,0,0.0,0.0,1.7364055337021458,Hirslanden
68145,9b019b94-2a1c-49bd-a9e6-036d0e2dbedc,59216513-9890-411a-90eb-5664cfa31ef6,f6187546-c099-4238-af19-0693628139b4,2,residential,,Krattenturmstrasse,111.0426883677449,False,False,False,False,True,False,False,False,[],True,False,False,,True,0.1950291399603039,537.5839233398438,555.8570556640625,18.27313232421875,-0.0,18.27313232421875,0.16455953027042264,24,111.04268646240234,111.04268646240234,111.04268646240234,111.04268646240234,77.24709129333496,True,0.1950291399603039,8,32,10.666666666666666,1.0,1.7325248008993066,Oberstrass
51043,4d874308-d65a-40f8-91f8-e72555352695,feb50a86-6527-409f-9acc-a81d18d9056f,e715b595-df9e-43f7-a1d6-7398c9411bfb,0,residential,,Bachtobelstrasse,81.35244444421633,False,False,False,False,True,True,False,False,[],True,True,False,,True,0.08162146860172756,459.6717529296875,465.8210144042969,0.0,6.149261474609375,-6.149261474609375,-0.07558790992577342,18,81.35244750976562,81.35244750976562,9.570876121520996,0.0,0.0,True,0.08162146860172756,26,82,27.333333333333332,1.0,1.726427557368121,Friesenberg
60482,ddedaf91-ee3f-4cc5-a5c4-fa28ae633bab,95eae354-ef83-455b-8299-2d1fd7614c9c,6c08f41e-3797-4b44-a234-2752321723e8,2,residential,,Susenbergstrasse,72.91226998408987,False,False,False,False,True,False,False,False,[],True,False,False,,True,0.14487760001742223,560.1206665039062,569.5281982421875,0.0,9.40753173828125,-9.40753173828125,-0.12902535870693374,16,72.91226959228516,72.91226959228516,72.91226959228516,68.05145168304443,0.0,True,0.14487760001742223,16,16,5.333333333333333,0.3333333333333333,1.6901367499387638,Fluntern
67647,bd16af46-eca2-43ec-84df-aa417bce7f0c,84447412-9b0e-480d-af54-01f989bb020b,26da46d7-81b0-42d4-9d0b-16cdcff792c5,0,footway,,,35.891408018531976,False,False,False,False,True,False,False,False,[],True,False,False,shared_path,True,0.13828199299458077,483.91650390625,487.0210266113281,0.0,3.104522705078125,-3.104522705078125,-0.08649765956399794,9,35.89140701293945,26.91855525970459,17.945703506469727,13.45927619934082,0.0,True,0.13828199299458077,34,0,0.0,0.0,1.687466046942655,Oberstrass
74661,ecf70572-3b8c-476e-bdcf-2c3be265fd40,cd638b00-791c-424a-94f5-e5cec169c8d5,9a91a526-f823-4c94-aefb-10b9b925c694,0,track,,,56.97914561181225,False,False,False,False,True,False,False,False,[],True,False,False,,False,0.20974220873958005,566.7786865234375,578.0899047851562,0.0,11.31121826171875,-11.31121826171875,-0.19851505760192267,13,56.97914505004883,56.97914505004883,56.97914505004883,56.97914505004883,56.97914505004883,True,0.20974220873958005,14,0,0.0,0.0,1.6731304593801912,Hottingen
58207,c1943f46-4940-403d-8831-c0e269ba4aa4,0095e686-47d7-4167-a82d-5fa777aaa39f,635fdf14-9d81-430e-ad18-fe0aa94d610d,0,residential,,Waserstrasse,37.06063696498926,False,False,False,False,True,False,False,False,[],True,False,False,,True,0.11808929984527376,542.9122314453125,546.6719970703125,3.759765625,-0.0,3.759765625,0.10144902474713913,9,37.060638427734375,37.060638427734375,37.060638427734375,18.530319213867188,0.0,True,0.11808929984527376,38,81,27.0,0.7105263157894737,1.6630565749858721,Witikon
71989,9c6c9ea4-70ac-47d0-84ed-8ec402fc83b4,e3577571-0c96-471c-af09-b161d283b065,f11eda15-cd19-4eab-9a5b-309b23beb77c,1,footway,,,42.1107606212039,False,False,False,False,True,False,False,False,[],False,False,False,,False,0.19369217972389963,459.4986572265625,464.5303955078125,0.0,5.03173828125,-5.03173828125,-0.11948818574876192,10,42.11075973510742,42.11075973510742,37.43178749084473,37.43178749084473,9.357946395874023,True,0.19369217972389963,20,2,0.6666666666666666,0.03333333333333333,1.631305002910468,Oerlikon
96248,0ac40cd7-9cf3-4ff9-8d7c-ccdcc579a62f,14c1ff1e-d5f5-4f93-b3bf-f700ea3fb07b,eee40495-d1a5-4c2c-89bd-8dcf2dff85b7,1,residential,,Kirchenackerweg,59.05304500647076,False,False,False,False,True,True,False,False,[],True,True,False,,True,0.11396288779985644,440.0495300292969,445.1462097167969,0.0,5.0966796875,-5.0966796875,-0.08630680820219062,13,54.13195610046387,49.21086883544922,39.36869430541992,34.44760704040527,0.0,True,0.11396288779985644,24,0,0.0,0.0,1.6151653301549522,Oerlikon
53696,9397ebf7-efe2-4663-ae83-db6026578b6c,ac4e5582-432b-4350-88cd-03e15b92efd4,65cf7f00-0dad-4bf0-8364-faae2c51e624,0,footway,,,61.68397931428289,False,False,False,False,True,False,False,False,[],False,False,False,,False,0.1433160282268195,436.86383056640625,444.67034912109375,0.0,7.8065185546875,-7.8065185546875,-0.12655666312205532,14,61.68397903442383,61.68397903442383,61.68397903442383,61.68397903442383,0.0,True,0.1433160282268195,18,0,0.0,0.0,1.5912545256986967,Enge
9349,b05293bd-729e-4c38-9edf-ef5836b83ac6,3a5eaec1-5ffd-4ce2-8f5b-8de53ac1d17e,357ce675-bb32-4034-af06-b9bceb9208b4,0,path,,Allmendsteg,22.502903598993708,True,False,False,True,True,False,False,False,[],True,False,False,shared_path,True,0.29402949652483473,425.1590881347656,431.77557373046875,0.0,6.616485595703125,-6.616485595703125,-0.2940280905190557,6,22.50290298461914,22.50290298461914,22.50290298461914,22.50290298461914,22.50290298461914,True,0.29402949652483473,24,7,2.3333333333333335,0.09722222222222222,1.5879641797341628,Wollishofen
72380,f79b3dfe-8285-4283-b489-2632f07a3b49,30d71312-39be-4f45-9c68-dc845dcb2b8b,ae76e5db-57d0-443a-9605-bc0a2adb7813,2,track,,Strickhofstrasse,179.28603966280764,False,False,False,False,True,False,False,False,[],True,False,False,,False,0.11043551927887849,561.6710815429688,578.5270385742188,0.0,16.85595703125,-16.85595703125,-0.09401711874951595,37,179.28604125976562,179.28604125976562,144.4248809814453,89.64301872253418,0.0,True,0.11043551927887849,8,0,0.0,0.0,1.5839637511692612,Schwamendingen-Mitte
68722,d15ec1d0-8ea9-4ff0-8246-c480218801f5,3f8fbd7f-2777-4d04-9036-29d218c33f8d,0eb5dbf1-8f42-42d6-bcb5-3ecfd3a11509,2,residential,,Schindlersteig,55.166900299768415,False,False,False,False,True,True,False,False,[],True,True,False,,True,0.15915169986545127,447.3587646484375,454.40179443359375,0.0,7.04302978515625,-7.04302978515625,-0.12766767217511227,13,55.166900634765625,55.166900634765625,45.972415924072266,41.37517547607422,18.388967514038086,True,0.15915169986545127,18,0,0.0,0.0,1.580383072622883,Unterstrass
57780,1d644a85-2954-4767-ad1a-3725b8abb871,bc3bd846-f7b0-441f-8eeb-e967fed517e6,e2bb5313-afda-46c4-a3d0-0c72e6e50a3a,2,residential,,Biberlinstrasse,41.701962527383515,False,False,False,False,True,False,False,False,[],True,False,False,,True,0.14490339869469376,496.0474853515625,501.64544677734375,5.59796142578125,-0.0,5.59796142578125,0.1342373649127843,10,41.701961517333984,41.701961517333984,41.701961517333984,41.701961517333984,0.0,True,0.14490339869469376,26,42,14.0,0.5384615384615384,1.5711165866387244,Hirslanden
67616,21dbb41f-666e-4f55-9ed3-52a010d64fc0,2c232b2d-dd8a-4789-a2b4-bfd564f138c4,a0fd33da-d0c1-40ef-9381-ce1519f05913,0,steps,,,34.26201098498047,False,False,False,False,True,False,False,False,[],False,False,False,,False,0.38211713505673445,529.0328369140625,539.287353515625,10.2545166015625,-0.0,10.2545166015625,0.299296972325919,8,34.26201248168945,34.26201248168945,34.26201248168945,34.26201248168945,34.26201248168945,True,0.38211713505673445,12,0,0.0,0.0,1.5710521774635722,Oberstrass
5038,4fb71902-96ab-47be-979d-1e5c93adefd3,7c602fcc-b7c9-47fa-b1d9-34d22e636cfb,feeeb3ef-8703-48a3-8722-c207a11d2c73,6,residential,,Frymannstrasse,27.51468115572196,False,False,False,False,True,False,False,False,[],True,False,False,,True,0.1773911321902832,462.4532775878906,467.1497497558594,4.69647216796875,-0.0,4.69647216796875,0.17068968349845973,7,27.514680862426758,27.514680862426758,27.514680862426758,27.514680862426758,27.514680862426758,True,0.1773911321902832,32,3,1.0,0.03125,1.561875341461814,Leimbach
57389,93aab04a-6e0d-41c8-93a2-940c2134c23b,ad6215ba-4858-46c2-be0a-a613ecbbc4c9,0b3c8caa-7d1d-4231-9696-8b574ba27695,1,residential,,Drahtzugstrasse,25.856446513548292,False,False,False,False,True,False,False,False,[],True,False,False,,True,0.12506843718893446,428.12603759765625,430.71575927734375,0.0,2.5897216796875,-2.5897216796875,-0.1001576766393299,7,25.856447219848633,25.856447219848633,21.54703950881958,12.928223609924316,0.0,True,0.12506843718893446,48,8,2.6666666666666665,0.05555555555555555,1.552236171220204,Hirslanden
62678,4fe18120-101e-4f8b-be7f-6c243ab55c83,6e4b9769-bb4c-46e8-8b10-95add05f0cd1,87a53159-ac49-4db0-9e62-8758d713d49f,0,pedestrian,,Neumarkt,23.421640924880034,False,False,False,False,True,False,False,False,[],True,False,False,car_free_street,True,0.08917492590404395,417.5487976074219,419.38763427734375,0.0,1.838836669921875,-1.838836669921875,-0.07851015722308838,6,23.421640396118164,23.421640396118164,9.368656158447266,0.0,0.0,True,0.08917492590404395,74,111,37.0,0.5,1.5455810895802022,Rathaus
60554,e2f52286-24c9-4480-9499-3d0feb34e617,02bfeb74-916d-448f-b3a6-9d9f0d85cde2,cb1ca8ce-a142-4fa5-b390-b1c6a6d21f49,4,secondary,,Schneckenmannstrasse,59.61708253310121,False,False,False,False,True,True,False,False,[],True,True,False,,False,0.10788456296478303,509.1162109375,515.0359497070312,0.0,5.91973876953125,-5.91973876953125,-0.09929601887862116,13,59.61708068847656,59.61708068847656,59.61708068847656,24.840450286865234,0.0,True,0.10788456296478303,24,0,0.0,0.0,1.5436230946365657,Fluntern
60357,304faeb9-5a3e-436f-a937-6e9ec3a0466b,6146f539-89a2-4e00-a860-05cdc5862020,7c3e40d8-5f5a-4cc5-9e9e-57cf6d36776c,1,residential,,Susenbergstrasse,40.41632047459242,False,False,False,False,True,False,False,False,[],True,False,False,,True,0.09530322091791531,609.5357666015625,612.508544921875,0.0,2.9727783203125,-2.9727783203125,-0.07355390746638758,10,40.41632080078125,35.92561864852905,17.96280860900879,0.0,0.0,True,0.09530322091791531,40,70,23.333333333333332,0.5833333333333333,1.540722207551738,Fluntern
3240,0dffa100-c7e1-448a-8a0c-af658213387c,063f9fbc-df55-47f5-94b8-bb513384b812,c84e2c06-4133-4d2f-aa44-2e80df03745d,7,residential,,Bachtobelstrasse,25.199253896166816,False,False,False,False,True,False,False,False,[16.7],True,False,False,,True,0.10909630101939445,511.016845703125,513.56689453125,2.550048828125,-0.0,2.550048828125,0.10119541320526874,7,25.19925308227539,25.19925308227539,25.19925308227539,12.599626541137695,0.0,True,0.10909630101939445,56,146,48.666666666666664,0.869047619047619,1.5395214175714034,Friesenberg
61952,94e4ae57-4e82-4813-b805-71eaf6cd8c16,9d8e4194-85b6-454f-bfee-83dd2faa5e72,b5b8452f-1e11-4479-bcb2-cd819b869e2a,2,residential,,Zürichbergstrasse,36.091002289721395,False,False,False,False,True,False,False,False,[],True,False,False,,True,0.08871071733732556,453.94384765625,457.06890869140625,0.0,3.12506103515625,-3.12506103515625,-0.08658836660663098,9,36.09100341796875,36.09100341796875,36.09100341796875,0.0,0.0,True,0.08871071733732556,48,54,18.0,0.375,1.5367961772212373,Fluntern
80371,04f98f1b-7644-4b69-83b5-a12e889f17cd,7047f53f-ff4b-45eb-931d-2bd19e0be66f,9465fa96-f3b2-429b-b34d-5192770cb716,5,path,,,91.03318970700876,False,False,False,False,True,False,False,False,[],False,False,False,,False,0.2803209263775399,501.567138671875,517.6553955078125,0.0,16.0882568359375,-16.0882568359375,-0.17672957756441512,20,91.03318786621094,91.03318786621094,86.24196720123291,76.65952491760254,52.703426361083984,True,0.2803209263775399,6,0,0.0,0.0,1.5311104841862615,Affoltern
72632,4791a091-0da5-4ad3-a426-91bb89b9d389,6ecd4ea5-f84c-41a3-b0bf-ecd5bcf44e13,90230a74-da64-4d02-8413-b7350d66bac9,4,residential,,Bocklerstrasse,78.53554849518675,False,False,False,False,True,False,False,False,[],True,False,False,,True,0.10820632504019889,447.4443664550781,454.6164245605469,7.17205810546875,-0.0,7.17205810546875,0.09132244607949379,17,78.5355453491211,78.5355453491211,63.81012964248657,19.633888244628906,0.0,True,0.10820632504019889,18,0,0.0,0.0,1.5296477557824864,Schwamendingen-Mitte
73748,77b5dbd9-77ba-46a0-bc57-c88ea9b0c545,044591ae-502c-4579-9d6b-15e1f2c398ae,c0f13ac3-ee4c-48fc-bcfe-0a3069d54335,1,residential,,Hinterbergstrasse,32.078611836937874,False,False,False,False,True,False,False,False,[],True,False,False,,True,0.23833852277896792,606.751220703125,613.5064086914062,6.75518798828125,-0.0,6.75518798828125,0.21058229447311141,8,32.07861328125,32.07861328125,32.07861328125,32.07861328125,32.07861328125,True,0.23833852277896792,20,0,0.0,0.0,1.5291137916031374,Fluntern
73559,8ed2060f-a05d-43c6-9f1a-8eaf49876863,4ee634a7-d97f-4898-b147-bb36c820a5ec,613733f2-ab9d-487c-a051-e2a2ed764078,1,track,,Zooweg,183.12970631835458,False,False,False,False,True,False,False,False,[],True,False,False,,False,0.13868220459817954,554.62060546875,573.818603515625,19.197998046875,-0.0,19.197998046875,0.10483279379362132,38,183.12969970703125,183.12969970703125,153.43299865722656,123.73628997802734,0.0,True,0.13868220459817954,6,0,0.0,0.0,1.523809883978795,Schwamendingen-Mitte
63556,0bcfaa0f-7ce8-427b-accb-b48ba5274e2b,bed46903-0352-4e7f-a8ae-eae68073eb1c,29dddf71-2234-42b1-8397-c973a3186979,1,pedestrian,,Spiegelgasse,25.477109337078996,False,False,False,False,True,False,False,False,[],False,False,False,car_free_street,True,0.11826304521277342,421.8625183105469,423.8527526855469,1.990234375,-0.0,1.990234375,0.07811853001004766,7,25.477109909057617,21.230924606323242,12.738554954528809,8.492369651794434,0.0,True,0.11826304521277342,50,55,18.333333333333332,0.36666666666666664,1.5065002667108727,Rathaus
43018,19f9ccda-dd3c-4c94-8fcb-5881ebe2f997,068ec45a-6d04-4a94-8e67-05a35cdd850d,d4f01f13-bddb-45e4-853e-bfd5516e7416,1,cycleway,,,30.819226606467257,True,False,False,True,True,True,False,False,[],True,True,False,dedicated_cycleway,True,0.22175213262360682,410.5258483886719,417.3599853515625,6.834136962890625,-0.0,6.834136962890625,0.22174913453897047,8,30.81922721862793,30.81922721862793,30.81922721862793,30.81922721862793,30.81922721862793,True,0.22175213262360682,22,14,4.666666666666667,0.21212121212121213,1.5035304296747503,Unterstrass
90122,a7bc42e2-4286-42a1-8fa5-341ae6ec14fd,aa5c7e92-1fd6-4513-9972-049cd7ddfeda,3f525769-6b7a-4472-bf99-c6434a00fd35,2,residential,,Oerlikonerstrasse,27.689878688360025,False,False,False,False,True,False,False,False,[],True,False,False,,True,0.09640026145049645,449.719482421875,452.2657775878906,0.0,2.546295166015625,-2.546295166015625,-0.09195761438063145,7,27.689878463745117,27.689878463745117,27.689878463745117,0.0,0.0,True,0.09640026145049645,56,131,43.666666666666664,0.7797619047619048,1.4948144652506443,Oerlikon
73726,796ae332-e395-4c89-8e93-f4e01c848ad4,889458b0-7332-4d7c-89e4-3752486de984,a8077356-95ca-40f1-b241-e55b42ce6a31,2,unclassified,,Hinterbergstrasse,49.32025125037567,False,False,False,False,True,False,False,False,[],True,False,False,,False,0.15039666610204494,630.0795288085938,636.32958984375,6.25006103515625,-0.0,6.25006103515625,0.1267240301808151,11,49.32025146484375,49.32025146484375,49.32025146484375,49.32025146484375,4.932025909423828,True,0.15039666610204494,20,0,0.0,0.0,1.483520271874343,Fluntern
68597,0a42a3e8-452d-45d0-ab7e-c9f88935538e,053e16a8-060d-4f45-9444-c27eb360e39a,5e23a01a-27f5-4262-b400-0b038b4b76d3,0,footway,,,31.29586815052413,False,False,False,False,True,False,False,False,[],False,False,False,,False,0.21546695631315907,457.4553527832031,462.5902404785156,5.1348876953125,-0.0,5.1348876953125,0.1640755804712419,8,31.295867919921875,31.295867919921875,26.825029373168945,26.825029373168945,17.883352279663086,True,0.21546695631315907,22,10,3.3333333333333335,0.15151515151515152,1.483509600225701,Unterstrass
60751,8b58bc97-67fd-4231-ac1b-4feb1023a544,33d93bc5-5479-4c54-9a21-9475c2f04573,16156707-8ab8-42af-8035-1e31ce6db44d,1,residential,,Zürichbergstrasse,44.27002611553102,False,False,False,False,True,True,False,False,[],True,True,False,,True,0.13945704319179067,545.7800903320312,551.3073120117188,0.0,5.5272216796875,-5.5272216796875,-0.12485245738907355,10,44.27002716064453,44.27002716064453,44.27002716064453,39.35113525390625,0.0,True,0.13945704319179067,24,54,18.0,0.75,1.4817040665828745,Fluntern
38988,b849600d-f3e3-48a3-953c-f2294a85d9c5,59e350c2-4942-467c-94bd-036bf0ec2a5d,29a2e168-751c-4608-94b8-691e609521df,0,tertiary,,Rosengartenstrasse,40.76660604936503,False,False,False,False,True,True,False,False,[],True,True,False,,False,0.08635239535342995,412.7404479980469,415.7278137207031,0.0,2.98736572265625,-2.98736572265625,-0.0732797272428091,10,40.766605377197266,40.766605377197266,9.059246063232422,0.0,0.0,True,0.08635239535342995,42,77,25.666666666666668,0.6111111111111112,1.4785235147727653,Wipkingen
6591,231d9abf-41da-47f6-ae4c-0fdf06a1ec5f,1baabf51-4ec3-4c75-b718-be22b39980a8,39427629-c831-428a-b6d7-53fc4436250a,15,footway,,,43.73090500625414,True,False,False,True,True,False,False,False,[],False,False,False,,False,0.09922159284948832,458.3612060546875,462.6999206542969,0.0,4.338714599609375,-4.338714599609375,-0.09921392516299578,10,43.73090362548828,43.73090362548828,43.73090362548828,0.0,0.0,True,0.09922159284948832,34,33,11.0,0.3235294117647059,1.4752770174998675,Leimbach
58144,a407fd12-2cf5-451d-af92-9e821eea4b4b,23d1e4f5-d73f-4a61-83bc-377d9bc9eabf,0d19d1e9-9c9a-4494-806b-85da250f9302,0,service,,Wasersteig,27.520600526564575,False,False,False,False,True,False,False,False,[],True,False,False,,False,0.14039332177790817,492.82733154296875,496.1075134277344,0.0,3.280181884765625,-3.280181884765625,-0.11919005156451497,7,27.520601272583008,27.520601272583008,27.520601272583008,22.933834075927734,0.0,True,0.14039332177790817,38,0,0.0,0.0,1.4682092395939548,Hirslanden
68194,75534e2a-103d-4406-a8ee-11d0d3ad785b,eac365c4-b53c-4748-a12e-7eb1aec6ce14,46d83215-86cd-4ca6-a228-849cf144e0d6,0,footway,,,80.11036720110509,False,False,False,False,True,False,False,False,[],False,False,False,,False,0.10147322032087207,500.82476806640625,508.1343994140625,0.0,7.30963134765625,-7.30963134765625,-0.09124451226097419,18,80.11036682128906,80.11036682128906,70.68561553955078,9.424751281738281,0.0,True,0.10147322032087207,18,27,9.0,0.5,1.4632302493770661,Oberstrass
67366,cb1588e1-9798-42cb-a75d-3d4ead2a1cb1,0ed7022c-7f31-4602-9d98-6dcc7cb83ffe,3f6431d0-c088-40ab-86f6-69102055ec4a,5,residential,,Hinterbergstrasse,41.672779870616125,False,False,False,False,True,True,False,False,[],True,True,False,,True,0.1754611729871388,544.9629516601562,551.61865234375,0.0,6.65570068359375,-6.65570068359375,-0.15971338677214925,10,41.67277908325195,41.67277908325195,41.67277908325195,41.67277908325195,32.412160873413086,True,0.1754611729871388,20,9,3.0,0.15,1.4623909675466265,Fluntern
75220,827450aa-e950-4223-9ce0-43b8b873f3d5,d3490201-0562-4831-8b03-48f9bb743ed2,8c4902f2-b4a8-4cae-adb3-4d7ba09bef7b,0,residential,,Probsteistrasse,48.581464018121544,False,False,False,False,True,False,False,False,[],True,False,False,,True,0.0833585911330204,439.47601318359375,443.4206237792969,3.944610595703125,-0.0,3.944610595703125,0.08119579698663695,11,48.58146286010742,48.58146286010742,34.00702381134033,0.0,0.0,True,0.0833585911330204,36,8,2.6666666666666665,0.07407407407407407,1.457885662462849,Hirzenbach
58886,a5a6882b-b6f0-4ede-bebb-a6ae5129de7b,ef6a01ef-2b4f-49c3-ae2d-8c0d1fa8cc3c,baa68e82-d609-4598-9edf-7a7041f8ae67,1,residential,,Klusstrasse,30.871860171136333,False,False,False,False,True,False,False,False,[],True,False,False,,True,0.18114996215807114,474.50750732421875,479.2308349609375,4.72332763671875,-0.0,4.72332763671875,0.15299782907751056,8,30.87186050415039,30.87186050415039,30.87186050415039,30.87186050415039,17.641063690185547,True,0.18114996215807114,26,61,20.333333333333332,0.782051282051282,1.4540334384551588,Hirslanden
73355,0df0a5c0-e8d6-4909-b128-d596f0a40110,2eea4928-7420-40f7-bb64-9dcdecf8cec0,a3d9a474-88ad-4ab0-9a83-24d1bbac2628,1,track,,Zürichbergstrasse,189.20151241107448,False,False,False,False,True,False,False,False,[],True,False,False,,False,0.09539603351640712,553.3399047851562,565.7742309570312,0.0,12.434326171875,-12.434326171875,-0.06572001635548501,39,179.24354553222656,149.36961364746094,29.87392520904541,0.0,0.0,True,0.09539603351640712,8,4,1.3333333333333333,0.16666666666666666,1.443925905545742,Hirzenbach
6151,7ed909d6-c0a2-4805-a6e0-1c948731e706,f8ab1ff2-0ef0-4014-903d-de174478b881,f894e856-a612-47df-91b0-e3be76ab0bb4,2,footway,,,35.43913607422175,False,False,False,False,True,False,False,False,[],False,False,False,,False,0.11925568103962075,435.1051025390625,438.4980163574219,0.0,3.392913818359375,-3.392913818359375,-0.09573917857362367,9,35.43913650512695,35.43913650512695,26.5793514251709,17.719568252563477,0.0,True,0.11925568103962075,34,33,11.0,0.3235294117647059,1.4369482247156162,Leimbach
67810,6fdb7ebd-db18-45ce-8274-11e4e65c23a7,bc0360de-3610-4095-aea4-9edc318655b4,fa5183eb-6593-44d1-9c81-1c77d27fae9f,3,residential,,Frohburgstrasse,21.174285904205092,False,False,False,False,True,True,False,False,[],True,True,False,,True,0.11690752728901102,488.13702392578125,490.139892578125,0.0,2.00286865234375,-2.00286865234375,-0.09458966705532551,6,21.174285888671875,21.174285888671875,16.939428329467773,8.469714164733887,0.0,True,0.11690752728901102,58,24,8.0,0.13793103448275862,1.4357513761592833,Oberstrass
57779,1d644a85-2954-4767-ad1a-3725b8abb871,6b531432-ffa2-4427-98ac-cedb4d48e0ca,bc3bd846-f7b0-441f-8eeb-e967fed517e6,1,residential,,Biberlinstrasse,35.31194916262998,False,False,False,False,True,False,False,False,[],True,False,False,,True,0.1555679284177349,490.87542724609375,496.0474853515625,5.17205810546875,-0.0,5.17205810546875,0.14646764070928925,9,35.31195068359375,35.31195068359375,35.31195068359375,35.31195068359375,13.241982460021973,True,0.1555679284177349,26,42,14.0,0.5384615384615384,1.4282857627019059,Hirslanden
63084,9f809759-1438-462f-b0e9-b9ede79003ee,a2a40095-5811-4eca-a18a-4959d8a7726a,da6c9aca-2905-490d-a33e-e138f45acab6,4,residential,,Künstlergasse,91.33261313899133,False,False,False,False,True,True,False,False,[],True,True,False,,True,0.1299177856077199,425.2807312011719,435.73809814453125,0.0,10.457366943359375,-10.457366943359375,-0.11449762378679137,20,91.33261108398438,91.33261108398438,91.33261108398438,86.525634765625,0.0,True,0.1299177856077199,12,17,5.666666666666667,0.47222222222222227,1.4238877023341159,Hochschulen
72647,2f1fa4fd-4b64-49dc-93ce-99b18d8eb099,02575fce-2464-49d1-a12f-e444d0735bc8,a7fcd7d7-c4d6-4651-928d-935e3bedd87a,0,track,,Hüttenrainstrasse,107.6442051011073,False,False,False,False,True,False,False,False,[],True,False,False,,False,0.16441598597901685,458.4534912109375,473.7801208496094,15.326629638671875,-0.0,15.326629638671875,0.1423823037844756,23,107.64420318603516,107.64420318603516,107.64420318603516,107.64420318603516,24.46459197998047,True,0.16441598597901685,8,0,0.0,0.0,1.4158742493300858,Schwamendingen-Mitte
5430,f163f077-d98a-4838-8798-951b95c4a530,98c5ddf5-191e-4904-8c23-c296a8b01c2b,98ec8662-1ef0-413a-b53b-824516ae4600,0,footway,,,124.81869671353581,False,False,False,False,True,False,False,False,[],False,False,False,,False,0.2830340047279301,434.1404724121094,457.8851013183594,0.0,23.74462890625,-23.74462890625,-0.19023295262977868,26,124.81869506835938,124.81869506835938,124.81869506835938,124.81869506835938,104.84770393371582,True,0.2830340047279301,4,2,0.6666666666666666,0.16666666666666666,1.4131174238301187,Friesenberg
67386,2ac7a983-006b-436c-a7ae-b12feabf2efe,522b117a-0bb9-4b64-a988-f378df39af6c,2e19f3c0-4fdb-466d-9f41-4f9856f2b151,1,residential,,Hinterbergstrasse,34.67377399890857,False,False,False,False,True,False,False,False,[],True,False,False,,True,0.20292906523897133,564.6804809570312,570.9474487304688,6.2669677734375,-0.0,6.2669677734375,0.1807408574400282,8,34.67377471923828,34.67377471923828,34.67377471923828,34.67377471923828,29.720378398895264,True,0.20292906523897133,20,9,3.0,0.15,1.4072633091811733,Fluntern
67507,c21213b7-dd91-4854-b9cc-25b29964fb0e,fef5a00e-e719-4e98-b806-ed84e0002226,6e747f12-d658-415e-b8c2-f3c123496bc5,0,residential,,Schlösslistrasse,89.14269317090184,False,False,False,False,True,False,False,False,[],True,False,False,,True,0.13092246852262382,567.4973754882812,578.1514282226562,10.654052734375,-0.0,10.654052734375,0.11951683786639822,19,89.14269256591797,89.14269256591797,89.14269256591797,89.14269256591797,0.0,True,0.13092246852262382,12,0,0.0,0.0,1.4004937728827174,Fluntern
73757,8d8fc3b7-e7f2-424c-8717-5810ba6c8643,515c784b-c7bd-4482-80f0-01786ddc8b20,bb72f944-d577-487a-98c6-830409bca1af,0,residential,,Schlösslistrasse,69.03462471463239,False,False,False,False,True,False,False,False,[],True,False,False,,True,0.16851049806075688,587.168212890625,598.153076171875,10.98486328125,-0.0,10.98486328125,0.15912107479400467,15,69.03462219238281,69.03462219238281,69.03462219238281,69.03462219238281,64.10357666015625,True,0.16851049806075688,12,9,3.0,0.25,1.3959670792920167,Fluntern
68387,47334308-9b21-4649-8bb2-6e3dd619c1f4,c3622488-6d61-44cd-93f4-d98d637a0b63,fe84a950-6814-40f5-904d-531c85948364,1,residential,,Kinkelstrasse,56.90495420266692,False,False,False,False,True,False,False,False,[],True,False,False,,True,0.1357951199734858,489.8409729003906,495.98236083984375,6.141387939453125,-0.0,6.141387939453125,0.10792360972755645,13,56.90495300292969,56.90495300292969,52.16287612915039,42.678714752197266,0.0,True,0.1357951199734858,18,61,20.333333333333332,1.0,1.3909347149466365,Oberstrass
5041,619d756e-f91e-4a2d-8f82-97ce59cf038f,f9d1caa0-f40d-40e4-a34f-4ec8d6cf02d9,638587b7-a318-43b3-8cea-809865cf01c5,0,service,,Rellstabweg,32.97074423144385,False,False,False,False,True,False,False,False,[],True,False,False,,False,0.13163082335676093,458.82513427734375,462.7348327636719,3.909698486328125,-0.0,3.909698486328125,0.11858083510247443,8,32.97074508666992,32.97074508666992,32.97074508666992,32.97074508666992,0.0,True,0.13163082335676093,32,3,1.0,0.03125,1.3887891871584417,Leimbach
60752,8b58bc97-67fd-4231-ac1b-4feb1023a544,16156707-8ab8-42af-8035-1e31ce6db44d,33042867-5873-4680-b9e0-f1da46014741,2,residential,,Zürichbergstrasse,43.63602633719526,False,False,False,False,True,True,False,False,[],True,True,False,,True,0.13220546048158666,540.196533203125,545.7800903320312,0.0,5.58355712890625,-5.58355712890625,-0.12795751208024672,10,43.636024475097656,43.636024475097656,43.636024475097656,43.636024475097656,0.0,True,0.13220546048158666,24,54,18.0,0.75,1.3845410293189304,Fluntern
73315,d451f222-4aae-4f8c-97b6-0f52da9ce9ae,a767def3-088b-449d-817a-14f2c304f2f6,fd64144e-af64-4f3b-9129-9dc3bbe7a63b,1,track,,Hüttenkopfstrasse,101.93093978715987,False,False,False,False,True,False,False,False,[],True,False,False,,False,0.11276250654516483,509.114990234375,518.2765502929688,9.16156005859375,-0.0,9.16156005859375,0.08988007148346758,22,101.93093872070312,101.93093872070312,82.5155258178711,14.561562538146973,0.0,True,0.11276250654516483,12,0,0.0,0.0,1.37927859178853,Schwamendingen-Mitte
53721,a9970719-6bbc-4829-b082-c0c8ee91e585,f9061449-1451-4fef-8c33-ce5465eb0691,6fcb05fe-de8b-4723-892c-0fb4ce3155a6,1,service,,,77.60200174352698,False,False,False,False,True,False,False,False,[],False,False,False,,False,0.09855973422094143,424.1403503417969,431.2457275390625,7.105377197265625,-0.0,7.105377197265625,0.09156177339514032,17,77.60200500488281,77.60200500488281,77.60200500488281,0.0,0.0,True,0.09855973422094143,18,0,0.0,0.0,1.3767178800339095,Enge
5108,7aa942ee-1eeb-4cc3-994d-26952dab3ec9,c0a5c445-6b20-4f93-be9b-acb61593caa4,908c43ef-59cb-4934-9b32-51b50d7fb525,2,footway,,,30.679483667950844,False,False,False,False,True,False,False,False,[],False,False,False,,False,0.12875391821648216,453.1778564453125,455.73382568359375,2.55596923828125,-0.0,2.55596923828125,0.08331200378491982,8,30.67948341369629,26.29669952392578,13.14834976196289,13.14834976196289,0.0,True,0.12875391821648216,34,33,11.0,0.3235294117647059,1.3430352685764626,Leimbach
67511,6a2258f5-2788-45b7-8ad3-61113157e6f2,515c784b-c7bd-4482-80f0-01786ddc8b20,8342a05e-24c8-4a45-a55d-836701e36bcd,0,residential,,Hinterbergstrasse,27.359520985191786,False,False,False,False,True,False,False,False,[],True,False,False,,True,0.2431276212123462,587.168212890625,593.4825439453125,6.3143310546875,-0.0,6.3143310546875,0.2307909869788415,7,27.359521865844727,27.359521865844727,27.359521865844727,27.359521865844727,27.359521865844727,True,0.2431276212123462,20,0,0.0,0.0,1.330371050927789,Fluntern
59817,3f060e65-6df4-4648-8fa4-3906b3e6c541,128efda0-3f0b-4730-815f-7587654093eb,0d380cc0-1f51-41e9-853e-149129227649,1,residential,,Dolderstrasse,61.922231350267815,False,False,False,False,True,False,False,False,[],True,False,False,,True,0.13419858295752957,519.1170043945312,527.022216796875,0.0,7.90521240234375,-7.90521240234375,-0.1276635617307235,14,61.9222297668457,61.9222297668457,61.9222297668457,61.9222297668457,0.0,True,0.13419858295752957,16,80,26.666666666666668,1.0,1.3295801121238804,Hottingen
58208,c1943f46-4940-403d-8831-c0e269ba4aa4,635fdf14-9d81-430e-ad18-fe0aa94d610d,1d6ac227-6ada-46a3-91a9-b5cc4960975f,1,residential,,Waserstrasse,25.65108171713117,False,False,False,False,True,False,False,False,[],True,False,False,,True,0.13627040735121385,546.6719970703125,550.0789794921875,3.406982421875,-0.0,3.406982421875,0.13282022736422072,7,25.651081085205078,25.651081085205078,25.651081085205078,25.651081085205078,0.0,True,0.13627040735121385,38,81,27.0,0.7105263157894737,1.3282836747452407,Witikon
5477,948a8357-6724-470b-a0a8-eb93dfe27b0f,48b9eee9-d1db-41ae-89eb-c5f35375eb35,50c4164d-89d7-4ad3-8ba3-025f1c7719b7,0,path,,,60.31818632094358,False,False,False,False,True,False,False,False,[],False,False,False,,False,0.11001786960001611,425.00799560546875,428.1908264160156,0.144775390625,3.182830810546875,-3.038055419921875,-0.05036715350842215,14,46.39860534667969,41.75874328613281,9.279720306396484,4.639860153198242,0.0,True,0.11001786960001611,20,0,0.0,0.0,1.3272156714334093,Friesenberg
63822,5d479a02-2362-40d8-9cf3-57097e5cd678,15a0f401-7694-43d1-b6bc-0de6909b5c4f,cdc8d460-ae6e-48c9-94f6-f802ba378651,0,pedestrian,,Strehlgasse,24.690241679604757,False,False,False,False,True,False,False,False,[],False,False,False,car_free_street,True,0.10334962752410766,410.96820068359375,413.2211608886719,0.0,2.252960205078125,-2.252960205078125,-0.0912490168829994,6,24.69024085998535,24.69024085998535,19.752193450927734,4.938048362731934,0.0,True,0.10334962752410766,52,9,3.0,0.057692307692307696,1.326898186155022,Lindenhof
72545,c3065f52-2e56-41e5-ac49-e9b2f531e257,cef4721c-e3f2-49e1-ac89-1fd7fbd43c9d,4e52c496-4a7b-4b9f-8594-d2b08d4b8477,1,residential,,Hubenstrasse,67.37991090263367,False,False,False,False,True,False,False,False,[],True,False,False,,True,0.1089676370556545,467.729736328125,472.763671875,0.0,5.033935546875,-5.033935546875,-0.07470973615259714,15,67.37991333007812,48.128509521484375,33.68995666503906,24.064254760742188,0.0,True,0.1089676370556545,18,0,0.0,0.0,1.321601341694494,Schwamendingen-Mitte
6590,231d9abf-41da-47f6-ae4c-0fdf06a1ec5f,8d89ed34-e932-494c-8e5b-c7c0687cf487,1baabf51-4ec3-4c75-b718-be22b39980a8,14,footway,,,26.857834276481984,True,False,False,True,True,False,False,False,[],False,False,False,,False,0.1445395639218654,462.6999206542969,466.5819396972656,0.0,3.88201904296875,-3.88201904296875,-0.14453954339248531,7,26.857833862304688,26.857833862304688,26.857833862304688,26.857833862304688,0.0,True,0.1445395639218654,34,33,11.0,0.3235294117647059,1.3198866824308682,Leimbach
53600,2d30ef71-2212-4e08-9b04-1fc8acde7af2,e2636483-d387-49e6-a496-f88d178fb097,0dfbe99e-e433-4dc7-a346-b6d314c1039c,1,residential,,Schulhausstrasse,81.75700775227784,False,False,False,False,True,False,False,False,[],True,False,False,,True,0.11485573231634187,425.66082763671875,432.87884521484375,7.218017578125,-0.0,7.218017578125,0.08828622100203853,18,81.75701141357422,72.13853454589844,52.90159225463867,43.28312301635742,0.0,True,0.11485573231634187,14,0,0.0,0.0,1.3146365396332995,Enge
72532,7455a539-368b-4569-8883-55e3e4d3af31,e02d5ae5-a7bb-4400-bd1c-597a12586ac0,e3c71f47-30ed-4688-a4a4-cd28c6ceaa2e,1,residential,,Bocklerstrasse,44.77538113841294,False,False,False,False,True,False,False,False,[],True,False,False,,True,0.14618249962811825,456.3158264160156,462.0908203125,5.774993896484375,-0.0,5.774993896484375,0.1289769848992954,10,44.77538299560547,44.77538299560547,44.77538299560547,44.77538299560547,0.0,True,0.14618249962811825,20,0,0.0,0.0,1.3090754273229805,Schwamendingen-Mitte
77280,db881759-b2f6-4b74-958f-3f66aa9a492f,01c04c40-f2f9-42ac-8c37-e775112d315c,0256941e-e7f8-45d6-9857-cb591fe97d83,2,residential,,Oetlisbergstrasse,16.596989679771347,False,False,False,False,True,False,False,False,[],True,False,False,,True,0.11741467435199303,612.1467895507812,614.0664672851562,1.919677734375,-0.0,1.919677734375,0.1156642057790961,5,16.59699058532715,16.59699058532715,16.59699058532715,16.59699058532715,0.0,True,0.11741467435199303,66,165,55.0,0.8333333333333334,1.2861618913926696,Witikon
60371,cf3a54e3-d9f8-4153-b645-66c8b2485a02,0f6a3331-583b-4ed4-a6fa-f68d0f444623,e1c06f74-8d28-4c19-80b6-8c1a4952b701,2,residential,,Susenbergstrasse,64.33302093120794,False,False,False,False,True,False,False,False,[],True,False,False,,True,0.12401418053745131,582.038330078125,589.8561401367188,0.0,7.81781005859375,-7.81781005859375,-0.12152094966733702,14,64.33302307128906,64.33302307128906,64.33302307128906,64.33302307128906,0.0,True,0.12401418053745131,16,16,5.333333333333333,0.3333333333333333,1.2765130995651928,Fluntern
59742,344bc176-1320-4690-98c0-924ba4865a66,aa1709bd-06dc-45f5-9941-efecbcb15e7b,a400449d-c9b4-434d-9323-c1b3b9510034,2,residential,,Schneckenmannstrasse,45.976501022892286,False,False,False,False,True,False,False,False,[],True,False,False,,True,0.11550832132679913,497.0059509277344,500.00006103515625,0.119964599609375,2.994110107421875,-2.8741455078125,-0.06251335826433499,11,32.18355178833008,27.585901260375977,22.988250732421875,13.79295015335083,0.0,True,0.11550832132679913,24,0,0.0,0.0,1.2745604288721963,Fluntern
80354,2b20ef93-ac64-407f-a216-163e3e03bf74,d8d94967-aa40-433b-84f6-e2d23e6ca55f,3fc2feb8-6be9-49cb-9024-ab55d734fb6c,0,path,,,80.08191801755568,False,False,False,False,True,False,False,False,[],False,False,False,,False,0.2644527979191534,507.5474853515625,515.1194458007812,7.57196044921875,0.06927490234375,7.502685546875,0.09368763693258808,18,47.10700988769531,42.39630889892578,37.68560791015625,32.97490692138672,28.264205932617188,True,0.2644527979191534,6,0,0.0,0.0,1.2706732369484917,Höngg
4859,9ccadc2e-fcd8-480d-8a00-47c30ab43534,8813939b-b5e0-43f6-b86e-800a1931513e,a2ee7a73-c313-4a6b-9357-977d410ebf1c,7,residential,,Hegianwandweg,65.58227620717055,False,False,False,False,True,True,False,False,[],True,True,False,,True,0.09664495114006515,448.8867492675781,454.7073974609375,0.0,5.820648193359375,-5.820648193359375,-0.08875337366216846,15,65.582275390625,65.582275390625,65.582275390625,0.0,0.0,True,0.09664495114006515,20,18,6.0,0.3,1.267639175939251,Friesenberg
57960,d59c35f4-0be6-4e87-b6b8-632956d0e09e,126c05f2-0f68-456f-be90-e9cd9f74bfd8,63acbb0e-8905-4245-9c3f-ace3c1d4ecb5,1,residential,,Weineggstrasse,30.278795716652205,True,False,False,True,True,False,False,False,[],True,False,False,,True,0.0871388259126182,428.84649658203125,431.4848327636719,2.638336181640625,-0.0,2.638336181640625,0.08713478064523485,8,30.27879524230957,30.27879524230957,30.27879524230957,0.0,0.0,True,0.0871388259126182,48,12,4.0,0.08333333333333333,1.2664601802226012,Weinegg
74659,f9a45faf-a44b-4f9e-82e7-90a4ea15f0ab,9a91a526-f823-4c94-aefb-10b9b925c694,75956f63-250d-46f2-a714-cf215f926959,0,track,,,50.80181458315723,False,False,False,False,True,False,False,False,[],False,False,False,,False,0.17780538411725058,562.4369506835938,566.846435546875,0.0677490234375,4.40948486328125,-4.34173583984375,-0.08546418739226024,12,36.94677448272705,32.32842826843262,27.710081100463867,23.091733932495117,9.2366943359375,True,0.17780538411725058,14,0,0.0,0.0,1.2645970618136257,Hottingen
75169,0f85afef-d63b-4752-8098-5f8545659214,d1232c67-627f-4a97-b606-5e62881923d6,71d20364-f57a-4d8c-a4e7-a86a5ee41fc0,1,residential,,Stettbachstrasse,115.99403298087682,False,False,False,False,True,False,False,False,[],True,False,False,,True,0.09018725078218481,452.7115783691406,461.5870361328125,8.875457763671875,-0.0,8.875457763671875,0.07651650237411345,25,115.99403381347656,111.16094970703125,62.83009910583496,0.0,0.0,True,0.09018725078218481,12,9,3.0,0.25,1.2553419530020025,Hirzenbach
63404,36372c57-1b60-4806-a170-73ffc5d083c2,99f21de1-b7ea-4e28-8554-e8f9a00940b6,507b9fb2-934d-422a-8540-fc7daa65e528,4,pedestrian,,Pfalzgasse,46.33942618250649,False,False,False,False,True,False,False,False,[],False,False,False,car_free_street,True,0.1931904244459811,417.8784484863281,425.7892761230469,0.0,7.91082763671875,-7.91082763671875,-0.17071483155977357,11,46.33942794799805,46.33942794799805,46.33942794799805,46.33942794799805,37.071539878845215,True,0.1931904244459811,14,0,0.0,0.0,1.2533266777894296,Lindenhof
65489,6ffbacd5-2c87-4a01-b747-df5de0db7305,34dcb2e6-d7b2-4e59-b541-84754e100b72,16325c65-4218-4929-91c2-8c116a53089e,0,footway,,Weinbergfussweg,16.282873407844306,False,False,False,False,True,False,False,False,[],False,False,False,,False,0.20184530381821816,440.3843994140625,443.22589111328125,2.84149169921875,-0.0,2.84149169921875,0.17450800435520325,5,16.282873153686523,16.282873153686523,16.282873153686523,16.282873153686523,12.212154865264893,True,0.20184530381821816,38,6,2.0,0.05263157894736842,1.2489161814151695,Oberstrass
76555,bc34a037-5816-4fcd-9f51-71c6890b3775,87ad4502-a70c-4cfd-a079-aa228410a0ec,ce86c340-ecd6-4e09-85e3-77700a21c53a,0,track,,Loorengutweg,171.20402973637215,False,False,False,False,True,False,False,False,[],True,False,False,,False,0.18188737631483723,664.142333984375,687.6478271484375,0.0,23.5054931640625,-23.5054931640625,-0.13729521328246358,36,171.2040252685547,171.2040252685547,171.2040252685547,151.63784980773926,78.26469421386719,True,0.18188737631483723,4,0,0.0,0.0,1.245594071331044,Hirslanden
4853,9ccadc2e-fcd8-480d-8a00-47c30ab43534,21ec931b-67d6-4035-82e3-f93bbd176488,c303e428-b1e2-4782-a286-6fb1adf48bb1,1,residential,,Hegianwandweg,65.87572155465492,False,False,False,False,True,True,False,False,[],True,True,False,,True,0.09412604023526645,463.47698974609375,469.3988037109375,0.0,5.92181396484375,-5.92181396484375,-0.0898937200842716,15,65.87572479248047,65.87572479248047,61.170316219329834,0.0,0.0,True,0.09412604023526645,20,18,6.0,0.3,1.2401241635161315,Friesenberg
53567,b22d19c4-31ad-4266-85cc-44f912765d1f,793a3e27-6f1e-4896-8a6e-6030b3038457,3b86a6ca-a17a-4ca1-aa70-29da27ed3c42,2,residential,,Schulhausstrasse,72.4194034261701,False,False,False,False,True,False,False,False,[],True,False,False,,True,0.12214724798912786,425.65960693359375,433.0083312988281,0.0,7.348724365234375,-7.348724365234375,-0.10147452275331337,16,72.41940307617188,67.59144306182861,57.93552207946777,53.10756301879883,0.0,True,0.12214724798912786,14,0,0.0,0.0,1.2384163161329533,Enge
77279,db881759-b2f6-4b74-958f-3f66aa9a492f,89649181-0393-4bda-bf5f-9de0c0a77e19,01c04c40-f2f9-42ac-8c37-e775112d315c,1,residential,,Oetlisbergstrasse,19.2566169392446,False,False,False,False,True,False,False,False,[],True,False,False,,True,0.09719164359154882,610.5634155273438,612.1467895507812,1.5833740234375,-0.0,1.5833740234375,0.08222493374364712,5,19.256616592407227,19.256616592407227,9.628308296203613,0.0,0.0,True,0.09719164359154882,66,165,55.0,0.8333333333333334,1.2352442852231085,Witikon
72057,3765aaa9-a933-415e-b316-9f7253abfd4e,7cf3f5e0-9b40-4e24-92a0-cae174633ff1,49b5f6f7-fb76-40f1-96c9-12e33aeba6c0,3,track,,Hubeggstrasse,74.87670664198093,False,False,False,False,True,False,False,False,[],True,False,False,,False,0.09139775907367301,531.1692504882812,535.828369140625,4.65911865234375,-0.0,4.65911865234375,0.06222387062064918,16,74.876708984375,54.90958786010742,14.975341796875,0.0,0.0,True,0.09139775907367301,18,0,0.0,0.0,1.2318413749008956,Oberstrass
80368,04f98f1b-7644-4b69-83b5-a12e889f17cd,df65a7b3-b18c-48fd-a426-4e2ddf338fa6,58ffad16-b311-491a-a568-677065d6daaf,2,path,,,129.1956780553783,False,False,False,False,True,False,False,False,[],False,False,False,,False,0.15827902574137637,513.5130615234375,521.4099731445312,7.89691162109375,1.11187744140625,6.7850341796875,0.05251750095193462,27,89.44316101074219,64.59783744812012,49.69064712524414,39.75251770019531,19.87625503540039,True,0.15827902574137637,6,0,0.0,0.0,1.2269379631561077,Affoltern
59616,57b8cbcd-dfc6-4031-a1c6-d7ae48f27341,75b95f3c-1cec-4c8e-9a54-04daab98e9e2,99058eb4-d66e-487c-806b-934c4fea742d,1,residential,,Rütistrasse,41.42123483319298,False,False,False,False,True,True,False,False,[],True,True,False,,True,0.16390146218630877,480.7815856933594,486.96734619140625,6.185760498046875,-0.0,6.185760498046875,0.14933790911455244,10,41.421234130859375,41.421234130859375,41.421234130859375,41.421234130859375,23.01179599761963,True,0.16390146218630877,18,24,8.0,0.4444444444444444,1.2220201718501031,Hottingen
57666,545218ff-6099-4871-b460-7e068e489027,d561403b-d072-4390-b1ed-ba52472416f5,be6abdaf-37ac-41dd-b1bf-5002705e3871,0,secondary,,Hofackerstrasse,47.85101055166633,False,False,False,False,True,False,False,False,[],True,False,False,,False,0.09806235802311171,440.3669128417969,444.9026184082031,0.0,4.53570556640625,-4.53570556640625,-0.09478808548089881,11,47.851009368896484,47.851009368896484,47.851009368896484,0.0,0.0,True,0.09806235802311171,26,42,14.0,0.5384615384615384,1.220019561406152,Hirslanden
67797,f436c3f7-0ca3-4127-8fda-13764c4293f3,376d02ca-a6fb-41f3-bac5-5cc8eda83df5,50137f36-2eff-467f-a01c-358479ea1cc6,0,service,,Geissbergweg,59.819793512797304,False,False,False,False,True,False,False,False,[],True,False,True,,False,0.16935635067184068,487.44146728515625,494.3363952636719,6.894927978515625,-0.0,6.894927978515625,0.11526164755697833,13,59.819793701171875,59.819793701171875,44.864845275878906,39.87986183166504,14.954948425292969,True,0.16935635067184068,12,0,0.0,0.0,1.215703431272448,Oberstrass
61953,94e4ae57-4e82-4813-b805-71eaf6cd8c16,b5b8452f-1e11-4479-bcb2-cd819b869e2a,f5a4b075-306f-48fc-b083-5d45a6f94877,3,residential,,Zürichbergstrasse,29.104401597958443,False,False,False,False,True,False,False,False,[],True,False,False,,True,0.08668197688603822,451.50677490234375,453.94384765625,0.0,2.43707275390625,-2.43707275390625,-0.08373553624334978,7,29.104402542114258,29.104402542114258,29.104402542114258,0.0,0.0,True,0.08668197688603822,48,54,18.0,0.375,1.2109569919661796,Fluntern
88100,0ad24224-fdd4-49fc-a1b8-3ea75b953316,a012a9c7-fae3-43e4-aa49-4822f45b9b99,f546ba93-36e9-4054-a858-60430b25948e,2,residential,,Waldstrasse,118.90446640916468,False,False,False,False,True,False,False,False,[],True,False,False,,True,0.12711878599003082,479.31475830078125,493.99169921875,14.67694091796875,-0.0,14.67694091796875,0.12343473352597098,25,118.90446472167969,118.90446472167969,118.90446472167969,118.90446472167969,0.0,True,0.12711878599003082,8,0,0.0,0.0,1.209199313498033,Affoltern
58184,8adfa56d-3a56-4f2c-8459-ad8074ee6537,7904d9e9-ebbb-49b4-8c28-85bd215aebd3,e8d12f77-79c0-4207-a25c-2bf48a1a7137,0,residential,,Waserstrasse,22.526272567146215,False,False,False,False,True,False,False,False,[],True,False,False,,True,0.1409487223071649,530.2078247070312,533.0713500976562,2.863525390625,-0.0,2.863525390625,0.1271193659340434,6,22.52627182006836,22.52627182006836,22.52627182006836,22.52627182006836,0.0,True,0.1409487223071649,38,81,27.0,0.7105263157894737,1.2065187479392354,Witikon
18566,973f6742-71bb-4fb8-875d-5de002c09454,ae97ea32-3709-440c-b189-5101d7fda4bc,82cc42da-64ca-4bdd-9d82-ac40a6117b1d,1,footway,,Buchenweg,84.69789103408067,False,False,False,False,True,False,False,False,[],False,False,False,,False,0.11834052224952653,468.658203125,472.0847473144531,3.426544189453125,-0.0,3.426544189453125,0.04045607440132984,18,39.85783004760742,29.89337396621704,14.946686744689941,14.946686744689941,0.0,True,0.11834052224952653,12,0,0.0,0.0,1.2027831190087916,Weinegg
76556,bc34a037-5816-4fcd-9f51-71c6890b3775,ce86c340-ecd6-4e09-85e3-77700a21c53a,cd20b18f-de82-4477-8197-b42df1d86867,1,track,,Loorengutweg,155.74581237653112,False,False,False,False,True,False,False,False,[],True,False,False,,False,0.19030159432449792,639.3239135742188,664.142333984375,0.0,24.81842041015625,-24.81842041015625,-0.1593520811979436,33,155.74581909179688,155.74581909179688,155.74581909179688,155.74581909179688,102.20819091796875,True,0.19030159432449792,4,0,0.0,0.0,1.1855470561847197,Witikon
53490,eb9f000e-8143-41a6-a18a-d9c2f18f5fb4,d4c8547d-52ac-442f-939c-815ff040f407,7c5ea2e1-e412-48b0-b172-7ef6342b0084,0,residential,,Bürglistrasse,97.75211077409942,False,False,False,False,True,False,False,False,[],True,False,False,,True,0.12069402184496235,420.56719970703125,430.9109802246094,10.343780517578125,-0.0,10.343780517578125,0.10581643878489592,21,97.75211334228516,97.75211334228516,97.75211334228516,68.42647552490234,0.0,True,0.12069402184496235,10,0,0.0,0.0,1.1798095393160333,Enge
57758,0e539013-dd39-4662-89f7-dfe8818f5a5b,df5bca9a-cff6-48c6-97cd-0a2b3db542bd,c0d7b920-0261-4f06-b717-ee811e38c630,1,residential,,Biberlinstrasse,38.52003088606904,False,False,False,False,True,False,False,False,[],True,False,False,,True,0.1175765949625423,469.75982666015625,473.55523681640625,3.79541015625,-0.0,3.79541015625,0.09853081786667288,9,38.5200309753418,38.5200309753418,28.890023231506348,24.07501983642578,0.0,True,0.1175765949625423,26,42,14.0,0.5384615384615384,1.1775540580533492,Hirslanden
59821,e60ff447-cc4d-4c53-90a9-8c8c78f66f3e,2fd7cd80-1ddc-4821-a8ea-27be9e3b2ae8,4c199d03-9918-4b48-b639-f12aa9e36285,0,residential,,Dolderstrasse,56.155820908361676,False,False,False,False,True,False,False,False,[],True,False,False,,True,0.13098750104952708,528.0751342773438,535.2425537109375,0.0,7.16741943359375,-7.16741943359375,-0.12763448351569523,13,56.15582275390625,56.15582275390625,56.15582275390625,56.15582275390625,0.0,True,0.13098750104952708,16,81,27.0,1.0,1.1769137040273727,Hottingen
62595,ae1544d2-96d3-42bc-bbb2-9cb4f14673cd,228e5ba4-ea6c-4b16-abb7-9215ac3f7138,7ffac090-2fcf-4db4-a6bc-d39177a0e611,3,residential,,Kantonsschulstrasse,20.121826834724924,False,False,False,False,True,False,False,False,[],True,False,False,,True,0.12115682702691302,428.4751892089844,430.6793212890625,0.0,2.204132080078125,-2.204132080078125,-0.10953936592290613,6,20.121826171875,20.121826171875,20.121826171875,16.097461700439453,0.0,True,0.12115682702691302,48,41,13.666666666666666,0.2847222222222222,1.170190412774527,Hochschulen
60449,a4ed9749-f09b-42c5-8222-a85d2073f46c,762c1759-62c0-4e32-8609-7726f2f46f66,041ca933-a677-4ff1-a741-0797e82cd293,0,residential,,Susenbergstrasse,88.12410162914566,False,False,False,False,True,False,False,False,[],True,False,False,,True,0.08281749984075505,548.7229614257812,554.520751953125,0.0,5.79779052734375,-5.79779052734375,-0.06579120291738907,19,88.12409973144531,88.12409973144531,4.895783424377441,0.0,0.0,True,0.08281749984075505,16,16,5.333333333333333,0.3333333333333333,1.1677148436221523,Fluntern
18581,107ca7e2-557f-4082-8d15-dd346a685b3a,b0108268-a22c-45cd-9367-0e3ef7d00788,6ae15097-0379-444e-99a6-2c08cf779fe7,11,footway,,,10.820338287797377,False,False,False,False,True,False,False,False,[],False,False,False,,False,0.29841705364957755,448.3782653808594,450.87884521484375,0.0,2.500579833984375,-2.500579833984375,-0.23109996900214677,4,10.820338249206543,10.820338249206543,10.820338249206543,10.820338249206543,7.213558673858643,False,,36,0,0.0,0.0,1.1624304496810347,Weinegg
18933,163e67b3-0a7d-4c69-8b56-f69b2a6a4b7c,6a084e06-0dd9-4ec5-876e-54f464dedba1,a95a8585-6304-4a19-875a-881efcc9ac0f,3,residential,,Russenweg,87.51534302025799,False,False,False,False,True,False,False,False,[],True,False,False,,True,0.1098503022083749,456.1679382324219,463.9050598144531,7.73712158203125,-0.0,7.73712158203125,0.08840874459530368,19,87.51534271240234,87.51534271240234,63.20552635192871,9.723926544189453,0.0,True,0.1098503022083749,12,0,0.0,0.0,1.153630425437392,Weinegg
59589,22967fe6-9417-4134-b293-5c07061d3cad,6d38ffb5-e59f-43c1-9e21-3d733e4108bd,8a2c34bd-87df-4cae-8328-83d05ec94fe4,2,residential,,Rütistrasse,60.74542725078786,False,False,False,False,True,True,False,False,[],True,True,False,,True,0.13532234982166283,465.6875305175781,473.09954833984375,7.412017822265625,-0.0,7.412017822265625,0.1220177104453773,14,60.745426177978516,60.745426177978516,60.745426177978516,56.07270050048828,0.0,True,0.13532234982166283,14,8,2.6666666666666665,0.19047619047619047,1.150829953909648,Hottingen
6588,231d9abf-41da-47f6-ae4c-0fdf06a1ec5f,c539c2d7-54ba-400c-b5ea-2940ea0c4d44,3f7a2c63-125c-41d7-8802-a0a42ebf057c,12,footway,,,26.343726289284728,True,False,False,True,True,False,False,False,[],False,False,False,,False,0.127071395990356,468.553955078125,471.9012756347656,0.0,3.347320556640625,-3.347320556640625,-0.12706328692340552,7,26.343727111816406,26.343727111816406,26.343727111816406,26.343727111816406,0.0,True,0.127071395990356,34,33,11.0,0.3235294117647059,1.1381615855568654,Leimbach
60167,5aab4c76-d18c-4b80-8694-72e0bf07a49e,b1f2042e-db96-4212-be30-01177341b22c,06d46b48-602d-4b6a-a64f-7aafd20a8b66,0,track,,,224.52699552281874,False,False,False,False,True,False,False,False,[],True,False,False,,False,0.1266211735868978,584.06884765625,593.2789306640625,0.0,9.2100830078125,-9.2100830078125,-0.04101993659223244,46,134.71620750427246,99.78976631164551,14.968466758728027,9.97897720336914,0.0,True,0.1266211735868978,4,0,0.0,0.0,1.1371948670015783,Hottingen
65510,0a88ce70-7283-4152-afaf-18d513c194d4,16325c65-4218-4929-91c2-8c116a53089e,8d9126b6-e225-40b5-be38-0665f16912d4,0,footway,,Weinbergfussweg,17.065554309086505,False,False,False,False,True,False,False,False,[],False,False,False,,False,0.17469830165978095,443.22589111328125,445.97369384765625,2.747802734375,-0.0,2.747802734375,0.1610145670213188,5,17.065553665161133,17.065553665161133,17.065553665161133,17.065553665161133,12.799165725708008,True,0.17469830165978095,38,6,2.0,0.05263157894736842,1.1329028747784642,Oberstrass
60667,c995bc85-3a4e-470b-a145-fd7da05d21f6,1e9a3bde-361c-4ddc-a3f0-b92cc66a2d05,33e01b43-2cfa-4ee2-a66d-d6d7470e4a19,2,residential,,Zürichbergstrasse,55.687912670682906,False,False,False,False,True,True,False,False,[],True,True,False,,True,0.08375358912834222,514.0997314453125,517.6595458984375,0.0,3.559814453125,-3.559814453125,-0.06392436573913096,13,55.68791198730469,41.765933990478516,9.281318664550781,0.0,0.0,True,0.08375358912834222,24,54,18.0,0.75,1.119375013736491,Fluntern
60149,41853ad3-1c4d-4ea7-a460-393b9357c5e1,9ec75cd4-5821-4d28-bd20-3c014c97df12,104a7fa6-f3a6-41e7-bc81-66b6c12ec6e9,5,residential,,Kurhausstrasse,39.680695063741794,False,False,False,False,True,False,False,False,[],True,False,False,,True,0.11740448234464418,587.8369140625,592.1646728515625,4.3277587890625,-0.0,4.3277587890625,0.10906459261515224,9,39.680694580078125,39.680694580078125,39.680694580078125,39.680694580078125,0.0,True,0.11740448234464418,24,47,15.666666666666666,0.6527777777777778,1.118085951128228,Hottingen
80045,2ad7cffd-9a94-4694-9425-0da20f45f932,cb581119-19f7-4dcf-b858-61504c8d6dd1,c31ec6c0-f085-4897-8d65-d67943829f71,4,residential,,Michelstrasse,18.503902478903594,False,False,False,False,True,False,False,False,[],True,False,False,,True,0.11599511574339882,479.9587707519531,482.0009460449219,2.04217529296875,-0.0,2.04217529296875,0.11036457310067625,5,18.503902435302734,18.503902435302734,18.503902435302734,18.503902435302734,0.0,True,0.11599511574339882,52,104,34.666666666666664,0.6666666666666666,1.116108401067393,Höngg
41527,20959872-f98a-47e9-9f12-6dade76acde1,720fe208-53d5-425d-a889-9c9a4eae6214,ebfa8432-4cbf-4b39-b17a-5abbc3f824ae,1,footway,,,21.04280771261945,False,False,False,False,True,False,False,False,[],True,False,False,shared_path,True,0.10428107069652107,406.5308837890625,407.4557800292969,0.924896240234375,0.021392822265625,0.90350341796875,0.04293644627161298,6,12.62568473815918,4.208561420440674,4.208561420440674,4.208561420440674,0.0,True,0.10428107069652107,50,0,0.0,0.0,1.0971832593664839,Wipkingen
76557,bc34a037-5816-4fcd-9f51-71c6890b3775,cd20b18f-de82-4477-8197-b42df1d86867,43ee02b1-bf3a-4521-80f9-374e9a43f0fd,2,track,,Loorengutweg,189.79464025350072,False,False,False,False,True,False,False,False,[],True,False,False,,False,0.1437833717634497,617.4158325195312,639.3239135742188,0.0,21.9080810546875,-21.9080810546875,-0.11543044746495162,39,189.79464721679688,189.79464721679688,189.79464721679688,129.8594970703125,0.0,True,0.1437833717634497,4,0,0.0,0.0,1.0915725327311716,Hirslanden
58881,2956b282-ed9c-44b0-9c91-f6684ca9a3a4,a26c104c-f360-41b6-a485-86c11a125253,1a5a59e8-30b9-4847-9bd2-30a794a09b9c,0,residential,,Klusstrasse,35.82723097525043,False,False,False,False,True,False,False,False,[],True,False,False,,True,0.11561288915739466,491.8208312988281,494.7781066894531,2.957275390625,-0.0,2.957275390625,0.082542669242221,9,35.827232360839844,31.348827362060547,17.913616180419922,8.956808090209961,0.0,True,0.11561288915739466,26,61,20.333333333333332,0.782051282051282,1.0769433177250811,Hirslanden
74662,2811cf84-9cc0-4d1d-95d0-f7708bf9a5e0,5850a855-3d41-4a1e-9cd9-efa24039499a,cd638b00-791c-424a-94f5-e5cec169c8d5,0,steps,,,15.668701418355681,False,False,False,False,True,False,False,False,[],False,False,False,,False,0.4894435874663052,578.0899047851562,584.901123046875,0.0,6.81121826171875,-6.81121826171875,-0.43470216114305305,5,15.668701171875,15.668701171875,15.668701171875,15.668701171875,15.668701171875,True,0.4894435874663052,14,0,0.0,0.0,1.0736523606393744,Hottingen
65493,719cd5ac-812e-4b0c-8593-a70b5686a9ec,99542563-77df-4314-a8c3-7e341ec4beca,15c9c936-8c86-408a-beb8-b47791514122,0,steps,,,10.27913668717804,False,False,False,False,True,False,False,False,[],False,False,False,,False,0.27452985208340946,456.27288818359375,458.3333435058594,0.0,2.060455322265625,-2.060455322265625,-0.20045023146172328,4,10.279136657714844,10.279136657714844,10.279136657714844,10.279136657714844,6.852757930755615,False,,38,6,2.0,0.05263157894736842,1.0723333522249312,Oberstrass
10331,c0ca3199-8d1c-49d6-80f8-3c695081587f,d1e46014-2cf9-4fdb-8f54-71bfb2032db6,6c7ad960-f456-4e3d-b614-5fd6db1bdd4f,1,residential,,Brunaustrasse,62.72024273333728,False,False,False,False,True,False,False,False,[],True,False,False,,True,0.09496904128803423,425.9009704589844,431.1838073730469,0.0,5.2828369140625,-5.2828369140625,-0.08422858049956407,14,62.72024154663086,62.72024154663086,48.246341705322266,0.0,0.0,True,0.09496904128803423,18,0,0.0,0.0,1.0721666379128105,Enge
40391,ca791f43-ec7b-4d24-8938-f0adf502ff86,1402957e-5c00-49e9-aa19-938140c7d56d,d6279a9f-2b36-4d33-9955-89990c69e462,1,footway,,Weihersteig,20.831080080497635,False,False,False,False,True,False,False,False,[],False,False,False,,False,0.16067412078119414,473.1288146972656,476.3050842285156,3.17626953125,-0.0,3.17626953125,0.15247743324282367,6,20.831079483032227,20.831079483032227,20.831079483032227,20.831079483032227,12.498647689819336,True,0.16067412078119414,32,23,7.666666666666667,0.23958333333333334,1.0710449525941135,Wipkingen
88090,5b7f2966-9083-4715-9c66-65cdb92c8cd8,15837772-d540-4cc1-9542-46ddca422e97,2d2fe38f-de98-4345-9af5-fdbe6133eb1c,2,residential,,Käferholzstrasse,31.393788070820822,False,False,False,False,True,False,False,False,[],True,False,False,,True,0.09467958922163991,467.38470458984375,470.2415466308594,0.0,2.856842041015625,-2.856842041015625,-0.09100023536722451,8,31.393787384033203,31.393787384033203,31.393787384033203,0.0,0.0,True,0.09467958922163991,36,0,0.0,0.0,1.0700463451163524,Affoltern
44198,ad18e883-ac90-441e-9703-5a1917fa6084,fb95adf8-b8b5-4475-9a79-1d5e9290ce25,dd828013-9cd9-4485-bc98-3160c8534545,1,tertiary,,Stauffacherbrücke,4.92078701712156,False,False,False,False,True,False,False,False,[],True,False,False,,False,0.4163370846923119,411.558349609375,413.1729431152344,0.0,1.614593505859375,-1.614593505859375,-0.3281169358847665,3,4.9207868576049805,4.9207868576049805,4.9207868576049805,4.9207868576049805,4.9207868576049805,False,,52,14,4.666666666666667,0.08974358974358974,1.0653271829720872,Werd
60509,8a77d766-925d-4e7c-89a3-31d2e6d5ab5a,f3554dc7-cb1c-4dc0-922a-0887606871f4,c0536b88-dfeb-437b-82ff-70e63c2be60b,1,residential,,Zürichbergstrasse,49.950138085021116,False,False,False,False,True,True,False,False,[],True,True,False,,True,0.08852823527188047,533.3701782226562,537.0275268554688,0.0,3.6573486328125,-3.6573486328125,-0.0732199904247163,11,49.950138092041016,44.95512390136719,24.975069046020508,0.0,0.0,True,0.08852823527188047,24,54,18.0,0.75,1.06127941830088,Fluntern
87605,f44473b6-9df9-444d-8b3b-bc9ba4ef95d0,c5ff88f9-eecf-44ec-a0d6-aa069641aac4,6b966239-6c80-49d4-81f9-0032b6001b81,1,track,,Rumpelhaldenweg,101.54059063295959,False,False,False,False,True,False,False,False,[],True,False,False,,False,0.13010439151235154,512.0272827148438,522.864990234375,0.0,10.83770751953125,-10.83770751953125,-0.10673276265732812,22,101.54058837890625,101.54058837890625,101.54058837890625,62.85845947265625,0.0,True,0.13010439151235154,8,0,0.0,0.0,1.056870140648479,Höngg
53722,a9970719-6bbc-4829-b082-c0c8ee91e585,6fcb05fe-de8b-4723-892c-0fb4ce3155a6,65cf7f00-0dad-4bf0-8364-faae2c51e624,2,service,,,55.50627111663596,False,False,False,False,True,False,False,False,[],False,False,False,,False,0.10554260308621562,431.2457275390625,436.86383056640625,5.61810302734375,-0.0,5.61810302734375,0.10121564445705329,13,55.50627136230469,55.50627136230469,55.50627136230469,37.004180908203125,0.0,True,0.10554260308621562,18,0,0.0,0.0,1.054489741426617,Enge
63083,9f809759-1438-462f-b0e9-b9ede79003ee,6ad92ff7-5999-4e14-8702-f268ef39767e,a2a40095-5811-4eca-a18a-4959d8a7726a,3,residential,,Künstlergasse,74.80228762972435,False,False,False,False,True,True,False,False,[],True,True,False,,True,0.11741775188485264,435.73809814453125,441.0499572753906,0.0,5.311859130859375,-5.311859130859375,-0.07101199094088063,16,64.82864570617676,54.85500717163086,29.920909881591797,19.94727325439453,0.0,True,0.11741775188485264,12,17,5.666666666666667,0.47222222222222227,1.0539739739191625,Hochschulen
67363,cb1588e1-9798-42cb-a75d-3d4ead2a1cb1,26e7002b-4d84-4ce1-aeb5-86d45a661673,c3c43a9f-42b6-4436-95a8-b6eaaf92ce42,2,residential,,Hinterbergstrasse,25.924953183187437,False,False,False,False,True,True,False,False,[],True,True,False,,True,0.2031432573320673,553.7549438476562,558.3049926757812,0.0,4.550048828125,-4.550048828125,-0.1755084665831184,7,25.92495346069336,25.92495346069336,25.92495346069336,25.92495346069336,21.604127883911133,True,0.2031432573320673,20,9,3.0,0.15,1.0532958871628086,Fluntern
60552,e2f52286-24c9-4480-9499-3d0feb34e617,fc58a28d-48b9-4644-9419-4982ca504023,c549042f-2e8a-4488-b30a-fc13ff6195c9,2,secondary,,Schneckenmannstrasse,41.824708331783754,False,False,False,False,True,True,False,False,[],True,True,False,,False,0.10409831288431688,518.7789916992188,522.9454956054688,0.0,4.16650390625,-4.16650390625,-0.09961824486031498,10,41.82470703125,41.82470703125,41.82470703125,18.58875846862793,0.0,True,0.10409831288431688,24,0,0.0,0.0,1.044931577812157,Fluntern
76616,a9871011-4173-4deb-9765-a97c20c6fab5,1c3a5f13-8a41-464d-8c79-e1fb454ff5f6,da181d73-50fe-42f9-b995-01241d2ad5df,0,residential,,Loorenstrasse,48.37171507052511,False,False,False,False,True,False,False,False,[],True,False,False,,True,0.09805403713066393,603.9597778320312,608.0855712890625,0.0,4.12579345703125,-4.12579345703125,-0.08529351110438155,11,48.3717155456543,48.3717155456543,33.860198974609375,0.0,0.0,True,0.09805403713066393,22,20,6.666666666666667,0.30303030303030304,1.0434692280318165,Witikon
80046,2ad7cffd-9a94-4694-9425-0da20f45f932,c31ec6c0-f085-4897-8d65-d67943829f71,35a021f1-e231-4492-8425-d984e55c74f2,5,residential,,Michelstrasse,15.233697322432686,False,False,False,False,True,False,False,False,[],True,False,False,,True,0.13147219781228994,482.0009460449219,483.8976745605469,1.896728515625,-0.0,1.896728515625,0.1245087468524021,5,15.233696937561035,15.233696937561035,15.233696937561035,15.233696937561035,0.0,True,0.13147219781228994,52,104,34.666666666666664,0.6666666666666666,1.0414599872494594,Höngg
40176,565f9441-1f51-40b7-9b05-32daeade2550,e9713ec5-e897-4d30-82b3-292ab26cfeb3,8401a045-8d61-4cc5-84d6-ccf7808f35ec,0,footway,,,34.50074461998784,False,False,False,False,True,False,False,False,[3.5],False,False,False,,False,0.11503815526575174,472.4041748046875,474.39691162109375,1.99273681640625,-0.0,1.99273681640625,0.05775924206584954,8,29.572065830230713,19.71471118927002,4.928678512573242,4.928678512573242,0.0,True,0.11503815526575174,26,153,51.0,1.0,1.0319145242583347,Unterstrass
58209,c1943f46-4940-403d-8831-c0e269ba4aa4,1d6ac227-6ada-46a3-91a9-b5cc4960975f,70fb3718-ba78-4e32-9eca-60e933a3c05c,2,residential,,Waserstrasse,17.396480425438725,False,False,False,False,True,False,False,False,[],True,False,False,,True,0.15494838920327525,550.0789794921875,552.5872192382812,2.50823974609375,-0.0,2.50823974609375,0.14418087252759254,5,17.396480560302734,17.396480560302734,17.396480560302734,17.396480560302734,4.349120140075684,True,0.15494838920327525,38,81,27.0,0.7105263157894737,1.024311515496655,Witikon
66960,7be135ef-8fe9-4078-ae0f-f997a75e21ad,413b1692-c636-45a6-8c29-9f79251c0cdc,24a2a48b-ddfb-43f5-9246-b12b3ce1a9fd,0,residential,,Sumatrastrasse,66.1954780998853,False,False,False,False,True,False,False,False,[],True,False,False,,True,0.1931774725248128,429.73486328125,439.849609375,0.0,10.11474609375,-10.11474609375,-0.15280115864069482,15,66.19548034667969,66.19548034667969,66.19548034667969,66.19548034667969,33.097740173339844,True,0.1931774725248128,8,0,0.0,0.0,1.0229980121525952,Unterstrass
39191,f0581b11-2f86-43de-ba02-7bd5b52edb16,93653535-c299-4b4d-a496-4cd0124cf89a,48414f74-4028-4694-a9f4-cd58fdaba93b,0,residential,,Lehenstrasse,17.29943790953628,False,False,False,False,True,True,False,True,[],True,True,False,,True,0.11808039966976439,441.7977600097656,443.3807067871094,0.0,1.58294677734375,-1.58294677734375,-0.09150278371684413,5,17.2994384765625,17.2994384765625,12.974578857421875,8.64971923828125,0.0,True,0.11808039966976439,50,112,37.333333333333336,0.7466666666666667,1.0213622712101587,Wipkingen
59411,e75dbf48-25d8-4854-999f-dbc3136088c0,0905346d-6bd7-4ac9-87d6-9ca4b8a391d9,6a81d8a1-dd62-4f93-90bb-689d1b2e241e,2,residential,,Rütistrasse,60.95479067704837,False,False,False,False,True,True,False,False,[],True,True,False,,True,0.11912635870214637,445.992431640625,452.9566955566406,0.0,6.964263916015625,-6.964263916015625,-0.11425293541189514,14,60.95479202270508,60.95479202270508,60.95479202270508,60.95479202270508,0.0,True,0.11912635870214637,14,8,2.6666666666666665,0.19047619047619047,1.0165851162331636,Hottingen
73724,796ae332-e395-4c89-8e93-f4e01c848ad4,bc987caa-c4c1-404d-93ae-e4cb94e0afa1,427f5470-38ed-4df4-9dd3-4baaf923582b,0,unclassified,,Hinterbergstrasse,35.06313053314784,False,False,False,False,True,False,False,False,[],True,False,False,,False,0.1448559112031663,624.321044921875,628.8115844726562,4.49053955078125,-0.0,4.49053955078125,0.12807013020273209,9,35.06312942504883,35.06312942504883,35.06312942504883,35.06312942504883,0.0,True,0.1448559112031663,20,0,0.0,0.0,1.0158203446029386,Fluntern
88059,def4175d-001e-44b4-be0f-11ec8bc21807,fa67fe11-ed8c-4deb-ab5d-07665be77b4c,20371de5-e224-49e4-9e81-70e3bd28e951,2,residential,,Althoossteig,89.70209405671241,False,False,False,False,True,True,False,False,[],True,True,False,,True,0.14104909589997414,462.1377868652344,472.40435791015625,10.266571044921875,-0.0,10.266571044921875,0.11445185356361376,19,89.70209503173828,89.70209503173828,89.70209503173828,89.70209503173828,0.0,True,0.14104909589997414,8,0,0.0,0.0,1.0121919413626983,Affoltern
59410,e75dbf48-25d8-4854-999f-dbc3136088c0,5b8e0b99-1942-438c-9ab3-f41b63fc2cf6,0905346d-6bd7-4ac9-87d6-9ca4b8a391d9,1,residential,,Rütistrasse,55.97652577244321,False,False,False,False,True,True,False,False,[],True,True,False,,True,0.1290715114006408,452.9566955566406,459.6485290527344,0.0,6.69183349609375,-6.69183349609375,-0.11954714183199978,13,55.976524353027344,55.976524353027344,55.976524353027344,51.311813831329346,0.0,True,0.1290715114006408,14,8,2.6666666666666665,0.19047619047619047,1.0114964698168634,Hottingen
80076,a2e5dfd7-4086-4c32-998f-a472c7bb80e4,09173585-103d-4a12-ae3c-b30dcde7ae4a,1d4eb9ae-04ec-48ba-812a-2f0c5859f003,0,service,,Holbrigstrasse,75.04612287875996,False,False,False,False,True,False,False,False,[],True,False,False,,False,0.13477407254988394,516.29541015625,525.18994140625,0.0,8.89453125,-8.89453125,-0.11852086805751468,17,75.0461196899414,75.0461196899414,75.0461196899414,70.35573720932007,0.0,True,0.13477407254988394,10,14,4.666666666666667,0.4666666666666667,1.01142716094495,Höngg
67362,cb1588e1-9798-42cb-a75d-3d4ead2a1cb1,9772d419-7bf9-4233-a23d-79c5e9e0237c,26e7002b-4d84-4ce1-aeb5-86d45a661673,1,residential,,Hinterbergstrasse,24.05436172523433,False,False,False,False,True,True,False,False,[],True,True,False,,True,0.20814167488012839,558.3049926757812,562.4468994140625,0.0,4.14190673828125,-4.14190673828125,-0.1721894287341157,6,24.05436134338379,24.05436134338379,24.05436134338379,24.05436134338379,14.432616233825684,True,0.20814167488012839,20,9,3.0,0.15,1.0013430275325457,Fluntern
59904,f0e09eda-cfec-4445-867d-3157561c08fe,61a91964-22db-4f37-91a6-4fb2731488e2,de7dfafd-cf9d-4433-a122-58b48d70d949,0,residential,,Dolderstrasse,47.3607905705035,False,False,False,False,True,False,False,False,[],True,False,False,,True,0.1315791063397755,539.404052734375,545.4890747070312,0.0,6.08502197265625,-6.08502197265625,-0.12848227278705943,11,47.36079025268555,47.36079025268555,47.36079025268555,47.36079025268555,0.0,True,0.1315791063397755,16,81,27.0,1.0,0.9970704798099385,Hottingen
88091,5b7f2966-9083-4715-9c66-65cdb92c8cd8,2d2fe38f-de98-4345-9af5-fdbe6133eb1c,501830d2-a173-4d9b-b116-6041779e91cb,3,residential,,Käferholzstrasse,33.73284998867794,False,False,False,False,True,False,False,False,[],True,False,False,,True,0.08182597276841157,464.82489013671875,467.38470458984375,0.0,2.559814453125,-2.559814453125,-0.07588491692284309,8,33.73284912109375,33.73284912109375,4.818978786468506,0.0,0.0,True,0.08182597276841157,36,0,0.0,0.0,0.9936803752468104,Affoltern
12459,ce4ba0ee-40e4-4794-9dae-d4b75fd85772,5a2a0c99-0c6e-4e04-8746-4a5f80a63a2b,4f8ea691-fca1-4620-a68d-7da22a267924,0,secondary,,Butzenstrasse,30.885367891684407,False,False,False,False,True,False,False,False,[],True,False,False,,False,0.08037138913421356,440.5749816894531,442.63531494140625,0.0,2.060333251953125,-2.060333251953125,-0.0667090393351921,8,30.88536834716797,30.88536834716797,4.412195205688477,0.0,0.0,True,0.08037138913421356,40,69,23.0,0.575,0.992919968550365,Wollishofen
96236,69b1befb-8c34-45db-aea0-19e8d6724865,a3833ff9-5818-4bfc-9c1f-db966fca214f,40e7a6cd-0e22-479a-b454-d9815850c638,0,residential,,Kirchenackerweg,43.53779665656655,False,False,False,False,True,True,False,False,[],True,True,False,,True,0.0941732917419169,432.8487854003906,435.7771911621094,0.0,2.92840576171875,-2.92840576171875,-0.06726123114590755,10,43.53779602050781,33.86273193359375,14.512598991394043,0.0,0.0,True,0.0941732917419169,24,0,0.0,0.0,0.984023430321383,Oerlikon
60483,ddedaf91-ee3f-4cc5-a5c4-fa28ae633bab,6c08f41e-3797-4b44-a234-2752321723e8,762c1759-62c0-4e32-8609-7726f2f46f66,3,residential,,Susenbergstrasse,46.0214609160351,False,False,False,False,True,False,False,False,[],True,False,False,,True,0.1334455104958866,554.520751953125,560.1206665039062,0.0,5.59991455078125,-5.59991455078125,-0.12168050231054563,11,46.021461486816406,46.021461486816406,46.021461486816406,46.021461486816406,0.0,True,0.1334455104958866,16,16,5.333333333333333,0.3333333333333333,0.9826171753130876,Fluntern
48634,29e3e915-22d6-4a79-a943-738c510cd141,d59d5af7-cd47-4f45-bc48-af0f267307f2,914064bc-7d8f-4875-9bf8-e019a9b62d57,0,residential,,Zweierstrasse,38.527619655935766,False,False,False,False,True,True,False,False,[],True,True,False,,True,0.11567138465535501,418.86627197265625,422.7947082519531,3.928436279296875,-0.0,3.928436279296875,0.1019641608176967,9,38.527618408203125,38.527618408203125,33.711666107177734,24.079761505126953,0.0,True,0.11567138465535501,22,0,0.0,0.0,0.9804394848769317,Alt-Wiedikon
63840,c66c6a3a-ba2f-4887-bd8c-66c2126a65ad,abffe69e-be43-4d54-890a-1e9f1c5555b4,b8fa3458-17b4-48fd-ae1e-f43e4bbd54d1,1,pedestrian,,Ankengasse,69.46622343686107,False,False,False,False,True,False,False,False,[],False,False,False,car_free_street,True,0.1737923081358473,408.40264892578125,417.2773742675781,8.874725341796875,-0.0,8.874725341796875,0.12775597614385908,15,69.46622467041016,64.50435161590576,59.54247856140137,54.58060550689697,19.847490310668945,True,0.1737923081358473,8,21,7.0,0.875,0.9658156246858062,Rathaus
4198,99e32af2-639e-4de1-a12e-42a115059fdd,f0ad1d72-e915-41cd-beae-4ce1f04b1b6b,3109f66a-8bbb-400e-b8dd-a29a13271918,1,footway,,,39.37190177749298,False,False,False,False,True,False,False,False,[],False,False,False,,False,0.12250467682345732,490.2346496582031,493.46337890625,0.0,3.228729248046875,-3.228729248046875,-0.08200592417015692,9,34.45041465759277,29.528926849365234,24.607439041137695,19.685951232910156,0.0,True,0.12250467682345732,20,0,0.0,0.0,0.9646484206353364,Friesenberg
60772,eb3281ea-7c7b-46dc-810d-fd983fca5191,e47a9925-6753-48ca-b8c0-4814ada739ae,7e6c18ca-09e9-4210-b66c-be030c4ce7f1,5,residential,,Zürichbergstrasse,22.405944961344574,False,False,False,False,True,False,False,False,[],True,False,False,,True,0.1786983968688622,552.274658203125,555.2831420898438,0.0,3.00848388671875,-3.00848388671875,-0.13427168148101737,6,22.40594482421875,22.40594482421875,22.40594482421875,17.924755096435547,8.962377548217773,True,0.1786983968688622,24,54,18.0,0.75,0.9609375467818166,Fluntern
74930,386a736e-8482-476e-bb05-e6d366d1be78,9e4b0aa1-fe7e-4a98-aaeb-166a16b0a536,b0bd34fc-82b9-4f75-b0cf-0be7adeba058,1,track,,Weibelackerweg,46.80759978385689,False,False,False,False,True,False,False,False,[3.6],True,False,False,,False,0.0853310383665313,467.2824401855469,470.88836669921875,3.605926513671875,-0.0,3.605926513671875,0.07703720461982648,11,46.80759811401367,46.80759811401367,18.723039627075195,0.0,0.0,True,0.0853310383665313,24,0,0.0,0.0,0.9585938623203681,Hirzenbach
3267,bbbac89e-93fd-45aa-8059-8a4307059507,123e52ed-6848-4d71-8ee9-b53ea582ff15,7d85b604-e097-44c8-bfa0-3363acf442d3,0,footway,,,66.3942932508774,False,False,False,False,True,False,False,False,[],False,False,False,,False,0.18024385969445697,504.3369140625,512.1444091796875,0.0,7.8074951171875,-7.8074951171875,-0.11759286167443059,15,66.39429473876953,66.39429473876953,61.6518440246582,42.682044982910156,14.227348327636719,True,0.18024385969445697,8,0,0.0,0.0,0.9573730941779022,Friesenberg
40478,a39d53a2-a53d-4641-87d9-c4d5f7c49e5e,aea1273b-024d-4eb3-ada8-227a3d358191,5d7ff05c-c11f-4278-af0b-dfe8c0f44631,2,footway,,,20.293414766659367,False,False,False,False,True,False,False,False,[],False,False,False,,False,0.1240348110095839,462.63885498046875,464.9945068359375,0.0,2.35565185546875,-2.35565185546875,-0.11607961732374375,6,20.293415069580078,20.293415069580078,20.293415069580078,16.234731674194336,0.0,True,0.1240348110095839,38,8,2.6666666666666665,0.07017543859649122,0.9564941488222435,Wipkingen
60553,e2f52286-24c9-4480-9499-3d0feb34e617,c549042f-2e8a-4488-b30a-fc13ff6195c9,02bfeb74-916d-448f-b3a6-9d9f0d85cde2,3,secondary,,Schneckenmannstrasse,34.71509857375596,False,False,False,False,True,True,False,False,[],True,True,False,,False,0.11460475677584125,515.0359497070312,518.7789916992188,0.0,3.7430419921875,-3.7430419921875,-0.1078217278336944,8,34.7150993347168,34.7150993347168,34.7150993347168,34.7150993347168,0.0,True,0.11460475677584125,24,0,0.0,0.0,0.9548437028387172,Fluntern
67508,c21213b7-dd91-4854-b9cc-25b29964fb0e,6e747f12-d658-415e-b8c2-f3c123496bc5,ddfb6ff1-d350-4223-a402-f79ba4f6ade5,1,residential,,Schlösslistrasse,62.49813500939074,False,False,False,False,True,False,False,False,[],True,False,False,,True,0.12716002777975596,578.1514282226562,584.4650268554688,6.3135986328125,-0.0,6.3135986328125,0.10102059320496076,14,62.49813461303711,57.69058609008789,43.267940521240234,38.460391998291016,0.0,True,0.12716002777975596,12,0,0.0,0.0,0.9536717500772477,Fluntern
76265,527e0f4c-0953-453e-bfa6-9ac2879a7ce5,0c447a16-d938-40d7-82ed-d9d2463d06d0,20a9734b-c6f8-484c-b092-04bb910daeec,0,track,,Forsthausweg,209.6165428879567,False,False,False,False,True,False,False,False,[],True,False,False,,False,0.11347621810143795,627.2310180664062,641.673095703125,0.0,14.44207763671875,-14.44207763671875,-0.06889760311790488,43,194.64392852783203,114.7900161743164,84.84478759765625,64.88131332397461,0.0,True,0.11347621810143795,4,0,0.0,0.0,0.9514597015369278,Hottingen
73648,492cd080-c9b6-4dd5-992c-89fc41d74781,84d28928-08d5-4115-a542-54ca9ea51e36,ec55e4ad-acd5-4a8d-b8ce-3a207e83ff12,4,track,,Hanslinweg,52.455180457532286,False,False,False,False,True,False,False,False,[],True,False,False,,False,0.09041386558193067,655.7158813476562,658.8034057617188,3.0875244140625,-0.0,3.0875244140625,0.058860237407088206,12,42.91787338256836,33.38056945800781,19.074610710144043,0.0,0.0,True,0.09041386558193067,20,0,0.0,0.0,0.9485351269926481,Fluntern
68568,92b8516d-00a0-4e83-adca-cf82353bf9ad,f8236e0e-ecaa-46dd-bcbe-657d106d8b9e,ede24060-6a04-43c3-bd7b-5603691c97da,1,residential,,Kinkelstrasse,44.244789650780916,False,False,False,False,True,False,False,False,[],True,False,False,,True,0.09729321196253966,463.8660583496094,468.0497131347656,0.0,4.18365478515625,-4.18365478515625,-0.0945570058764465,10,44.244789123535156,44.244789123535156,44.244789123535156,0.0,0.0,True,0.09729321196253966,22,37,12.333333333333334,0.5606060606060607,0.9470378935009098,Unterstrass
4286,0ea11a0f-e08b-4ac4-bb89-8b81f12ec648,efa170ce-31fb-4a83-a9bd-2446b2ab1288,3b06e8f1-67ad-46c7-b66d-3dd01b5140a3,5,residential,,Bachtobelstrasse,43.8340653078197,False,False,False,False,True,False,False,False,[],True,False,False,,True,0.08259030671386948,483.412841796875,486.9146728515625,3.5018310546875,-0.0,3.5018310546875,0.07988834929953319,10,43.83406448364258,43.83406448364258,14.611355781555176,0.0,0.0,True,0.08259030671386948,26,124,41.333333333333336,1.0,0.9412699135550398,Friesenberg
57959,d59c35f4-0be6-4e87-b6b8-632956d0e09e,9f5624ea-8f78-476a-9409-da932ac7ec94,126c05f2-0f68-456f-be90-e9cd9f74bfd8,0,residential,,Weineggstrasse,22.566485817023956,True,False,False,True,True,False,False,False,[],True,False,False,,True,0.08686760900870252,426.88641357421875,428.84649658203125,1.9600830078125,-0.0,1.9600830078125,0.0868581389526696,6,22.566486358642578,22.566486358642578,22.566486358642578,0.0,0.0,True,0.08686760900870252,48,12,4.0,0.08333333333333333,0.9409423999937607,Weinegg
80226,7d030ade-ad67-4689-9184-0b64f763d0d1,09173585-103d-4a12-ae3c-b30dcde7ae4a,bdfff780-4ec8-47a1-97e3-6beb7a1cfa65,0,track,,Kappeliholzstrasse,105.66003246761883,False,False,False,False,True,False,False,False,[],True,False,False,,False,0.08887007334751647,520.6351318359375,525.18994140625,0.0,4.5548095703125,-4.5548095703125,-0.043108159160411615,23,72.04093170166016,38.42182922363281,4.802728652954102,0.0,0.0,True,0.08887007334751647,10,14,4.666666666666667,0.4666666666666667,0.9390014835298257,Höngg
3716,d51870b2-5191-46c3-bc63-d0c0b11e24ef,572ac581-b5ce-43e1-8de8-042b04dbfd53,213c893e-852d-4e00-82f2-b6369aa95ae2,0,residential,,Stotzstrasse,13.749040237310194,False,False,False,False,True,False,False,False,[],True,False,False,,True,0.10309224290302349,476.7174072265625,478.0386657714844,1.321258544921875,-0.0,1.321258544921875,0.0960982357250657,4,13.749040603637695,13.749040603637695,13.749040603637695,4.583013534545898,0.0,False,,66,198,66.0,1.0,0.9354968012466293,Leimbach
66398,30bdecaf-3e38-4f8a-854d-952d0dbfdf6a,eaaa1f80-7940-4c42-b857-b7afcd99eb25,75c30130-ea28-4fce-acf9-a23a0a10d2a0,6,footway,,,36.679400915868186,False,False,False,False,True,False,False,False,[],False,False,False,,False,0.11485043401716101,423.2122802734375,426.27252197265625,0.0,3.06024169921875,-3.06024169921875,-0.0834321603571813,9,36.67940139770508,36.67940139770508,18.33970069885254,9.169851303100586,0.0,True,0.11485043401716101,22,35,11.666666666666666,0.5303030303030303,0.9267819252289212,Unterstrass
72527,7bb99280-b790-4746-8213-edd3240a48b0,9857d35b-271a-47fa-aa11-34a19ea3e12e,7e4bad5a-653a-425d-bf0d-df2388fadd75,0,path,,Unterholzweg,19.56499184613496,False,False,False,False,True,False,False,False,[],True,False,False,shared_path,True,0.2621658482562838,502.6407775878906,507.3766174316406,0.0,4.73583984375,-4.73583984375,-0.24205683735811864,5,19.564990997314453,19.564990997314453,19.564990997314453,19.564990997314453,19.564990997314453,True,0.2621658482562838,18,0,0.0,0.0,0.9232690830244645,Schwamendingen-Mitte
90346,7baf9167-d7f9-4b8c-8991-fca3f13d6f35,0cc8ec31-8cde-45b3-9612-236bccb9972f,fd931bbb-577d-4f1d-985b-c8588c3cd32e,1,residential,,Venusstrasse,74.430054408753,False,False,False,False,True,True,False,False,[],True,True,False,,True,0.12373698740504582,451.031005859375,458.5851135253906,0.0,7.554107666015625,-7.554107666015625,-0.10149270743983822,16,74.4300537109375,74.4300537109375,64.50604438781738,44.65803337097168,0.0,True,0.12373698740504582,10,0,0.0,0.0,0.9209750704932744,Oerlikon
61048,37a19e48-ed02-430f-9c70-fb3c6262e30c,3aa3c733-d382-4933-a3cd-974d728713ce,f8fda546-4787-4b13-adaf-3ab12c80aefc,1,residential,,Haldenbachstrasse,51.85382220988565,False,False,False,False,True,True,False,False,[],True,True,False,,True,0.14749348114726954,484.9857177734375,491.90545654296875,0.0,6.91973876953125,-6.91973876953125,-0.13344703751178533,12,51.85382080078125,51.85382080078125,51.85382080078125,51.85382080078125,0.0,True,0.14749348114726954,12,2,0.6666666666666666,0.05555555555555555,0.9177720898233162,Oberstrass
59591,22967fe6-9417-4134-b293-5c07061d3cad,4db3148a-19d3-4a1e-9595-250ffa6e0799,1930a935-0c74-4f29-8d25-c32c62fa4d04,4,residential,,Rütistrasse,44.7964441606625,False,False,False,False,True,True,False,False,[],True,True,False,,True,0.14624257831330842,474.0447998046875,479.3466491699219,5.301849365234375,-0.0,5.301849365234375,0.11835424643146339,10,44.796443939208984,44.796443939208984,44.796443939208984,39.819061279296875,0.0,True,0.14624257831330842,14,8,2.6666666666666665,0.19047619047619047,0.9171606490652807,Hottingen
72234,8b235d57-2c70-49af-9ce7-51bcc13ac33f,ac155c4b-3ce5-4087-9a12-3fcf76bbc8ae,290d0de2-4a35-46ac-bcaa-f5e0ced159e2,2,service,,Strickhofstrasse,50.5336830643679,False,False,False,False,True,False,False,False,[],True,False,False,,False,0.10042830499833096,518.901123046875,521.9210205078125,3.0198974609375,-0.0,3.0198974609375,0.0597600894142734,12,41.345741271972656,32.157798767089844,9.187942504882812,4.593971252441406,0.0,True,0.10042830499833096,18,0,0.0,0.0,0.9135021843859197,Oberstrass
67509,b17bf6d6-0dc3-47cb-8da7-e9cd43aeccc8,ddfb6ff1-d350-4223-a402-f79ba4f6ade5,515c784b-c7bd-4482-80f0-01786ddc8b20,0,residential,,Hinterbergstrasse,13.768133783630423,False,False,False,False,True,False,False,False,[],True,False,False,,True,0.20668321242296972,584.4650268554688,587.168212890625,2.70318603515625,-0.0,2.70318603515625,0.1963364107409225,4,13.768134117126465,13.768134117126465,13.768134117126465,13.768134117126465,13.768134117126465,False,,32,9,3.0,0.09375,0.910605478230385,Fluntern
65242,6be3210e-7486-4b38-843d-e2eb8ef447fc,479b3300-bc62-48be-a163-c873cf65eed1,0b57e4ce-54e7-476f-a6b2-e8fd1cc86665,0,tertiary,,Bahnhofbrücke,11.462258558743734,True,False,False,True,True,True,False,False,[],True,True,False,,False,0.22044207575999047,406.47283935546875,408.99957275390625,0.0,2.5267333984375,-2.5267333984375,-0.22043940414919683,4,11.462258338928223,11.462258338928223,11.462258338928223,11.462258338928223,11.462258338928223,False,,36,8,2.6666666666666665,0.07407407407407407,0.9096350650513868,Hochschulen
68879,47a06bae-f0b4-4607-b960-b94f8208a0d2,52ae8e01-0b06-46e1-abfd-fbaa37b48f7f,7226806e-4acb-454c-9dc4-14ee1a1db038,1,residential,,Kronenstrasse,42.4238490219294,False,False,False,False,True,True,False,False,[],True,True,False,,True,0.0973128658650327,440.7052001953125,444.2828674316406,0.0,3.577667236328125,-3.577667236328125,-0.08433151334883592,10,42.42384719848633,42.42384719848633,28.282564163208008,0.0,0.0,True,0.0973128658650327,22,35,11.666666666666666,0.5303030303030303,0.9082449924568711,Unterstrass
85951,47dff3a7-dd9c-4029-b418-5cc5a302b26f,09e90a6f-9d01-4eff-a083-7963ff1f039f,9465fa96-f3b2-429b-b34d-5192770cb716,2,footway,,,131.89393199772886,False,False,False,False,True,False,False,False,[],False,False,False,,False,0.11430588396987577,491.35211181640625,501.567138671875,10.21502685546875,-0.0,10.21502685546875,0.07744879827751704,28,131.89393615722656,117.23905372619629,53.73456573486328,34.194725036621094,0.0,True,0.11430588396987577,6,0,0.0,0.0,0.9045751492357847,Affoltern
72636,738d2282-82f1-4731-86f6-4c87dd64fe7f,82107632-b8f6-4afc-83d1-fd8e006d3ffa,ce2e2de7-60f9-4dc7-90f2-aaeeb7195ed1,0,footway,,,106.10979428093879,False,False,False,False,True,False,False,False,[],False,False,False,,False,0.14128820294123695,446.6488342285156,458.9256896972656,12.27685546875,-0.0,12.27685546875,0.11569954982099181,23,106.10979461669922,106.10979461669922,106.10979461669922,91.6402759552002,0.0,True,0.14128820294123695,6,0,0.0,0.0,0.8995237289050909,Schwamendingen-Mitte
60454,91bcef5c-9b1a-4d47-b0e1-a0eed8659250,9e07d19c-5818-44e5-bb05-a94b00bbc4c3,acb2cf0c-9b02-4c43-a9e5-ba2c97e98bc9,1,footway,,,60.782884121775645,True,False,False,True,True,False,False,False,[],False,False,False,,False,0.09238285297491519,534.546630859375,540.1607666015625,5.6141357421875,-0.0,5.6141357421875,0.09236376252144175,14,60.78288269042969,60.78288269042969,60.78288269042969,0.0,0.0,True,0.09238285297491519,16,16,5.333333333333333,0.3333333333333333,0.898447399554129,Hottingen
80079,a2e5dfd7-4086-4c32-998f-a472c7bb80e4,78276951-486f-4481-a88a-d8a395741332,8140fcab-9106-4d99-8172-ae9156bcbab7,3,service,,Holbrigstrasse,47.80110196763222,False,False,False,False,True,False,False,False,[],True,False,False,,False,0.1555530905123947,502.4624328613281,509.1950378417969,0.0,6.73260498046875,-6.73260498046875,-0.14084623038389016,11,47.80110168457031,47.80110168457031,47.80110168457031,47.80110168457031,19.120441436767578,True,0.1555530905123947,12,0,0.0,0.0,0.8922730969155963,Höngg
67842,e3d6b631-7775-49e6-9c6a-07e92bc5a168,bf31bb81-db12-461f-abfd-53b2a0a26fcd,16ee0962-7e73-48b3-a26f-6cc37059e2f5,0,path,,,109.98561006203633,False,False,False,False,True,True,False,False,[],True,True,False,shared_path,True,0.10086162429762206,481.3379211425781,487.5641174316406,6.2261962890625,-0.0,6.2261962890625,0.05660918946223351,23,84.98888397216797,69.9908447265625,24.996734619140625,4.9993438720703125,0.0,True,0.10086162429762206,8,0,0.0,0.0,0.8874661824177495,Oberstrass
39201,20f880a1-b246-40ac-b491-43a7d190b22b,dd5208ec-5ef8-4bd2-8912-3f58f98c5920,91e3bd29-6371-4eb0-b163-b50fbb9915aa,0,steps,,Corrodisteig,25.297968966256263,False,False,False,False,True,False,False,False,[],False,False,False,,False,0.2923262813092183,463.76031494140625,469.121337890625,5.36102294921875,-0.0,5.36102294921875,0.2119151452769881,7,25.297969818115234,25.297969818115234,25.297969818115234,25.297969818115234,21.081641674041748,True,0.2923262813092183,12,31,10.333333333333334,0.8611111111111112,0.8874313431098044,Wipkingen
80309,ca83def6-4d26-4b53-999f-a330e8f50821,f2341f41-ecc3-4064-969b-6d3cee9ea38a,dd4a2153-c002-4817-945d-41c2167a237a,2,track,,Tobelholzweg,111.25319766587403,False,False,False,False,True,False,False,False,[],True,False,False,,False,0.132635602640504,509.073486328125,516.5924072265625,7.5189208984375,0.54412841796875,6.97479248046875,0.0626929624166594,24,72.55643463134766,62.882240295410156,58.04514694213867,43.53386068344116,0.0,True,0.132635602640504,6,0,0.0,0.0,0.8853680950857789,Höngg
87398,48ec04bc-eb24-4e8f-b9ab-bdd23cae93c5,e123b4c6-d84d-45ba-a5b2-802ac4757f4d,09a503f0-e031-4c32-a124-7e3822c834ba,1,tertiary,,Gsteigstrasse,66.2956262926134,False,False,False,False,True,False,False,False,[46.9],True,False,False,,False,0.13310594776522788,512.5548706054688,519.2184448242188,0.0,6.66357421875,-6.66357421875,-0.10051303297082687,15,66.29562377929688,56.824819564819336,47.3540153503418,42.618614196777344,0.0,True,0.13310594776522788,10,1,0.3333333333333333,0.03333333333333333,0.8824342170367668,Höngg
73470,16c37ca0-665f-4aec-b9be-3782d3fc6e45,80854d95-ee82-479f-a5b7-55715d6ec345,09339272-237b-47ba-998d-712a078d991e,1,path,,,112.29760771673163,False,False,False,False,True,False,False,False,[],False,False,False,,False,0.1303332476508279,573.6748046875,585.6707763671875,0.0,11.9959716796875,-11.9959716796875,-0.10682303884375319,24,112.297607421875,112.297607421875,97.65009307861328,68.35506820678711,0.0,True,0.1303332476508279,6,0,0.0,0.0,0.8781667150284185,Fluntern
62593,ae1544d2-96d3-42bc-bbb2-9cb4f14673cd,11aa2df9-45d0-498d-a809-c2775c4b66ab,c13680c8-3925-49f1-aa86-0c63514ec444,1,residential,,Kantonsschulstrasse,22.463614722243214,False,False,False,False,True,False,False,False,[],True,False,False,,True,0.0811995511744735,434.3505859375,435.9241638183594,0.0,1.573577880859375,-1.573577880859375,-0.07005007215512009,6,22.46361541748047,22.46361541748047,4.49272346496582,0.0,0.0,True,0.0811995511744735,48,41,13.666666666666666,0.2847222222222222,0.8755370079371733,Hochschulen
80030,fcb83640-bd44-4bc1-8a3c-c51b57c45a67,6ef9208a-16c2-4bd0-8e5a-fc196374a3ae,e9d9a4b3-fee2-4ea0-a429-e880439c4c6f,0,residential,,Michelstrasse,12.745108259725724,False,False,False,False,True,False,False,False,[],True,False,False,,True,0.13057914279602015,486.2198181152344,487.8566589355469,1.6368408203125,-0.0,1.6368408203125,0.12842894251551626,4,12.745108604431152,12.745108604431152,12.745108604431152,12.745108604431152,0.0,False,,52,104,34.666666666666664,0.6666666666666666,0.8654075619266799,Höngg
60190,dea2661e-c654-4da2-8599-f2fbcbf5cf1d,5a8ab881-059a-4cad-8e5f-1a4d72bd2785,de697b97-e718-4c69-b8d9-0297ae855bd1,1,secondary,,Tobelhofstrasse,105.36032408431932,False,False,False,False,True,False,False,False,[],True,False,False,,False,0.10250466869863087,599.1385498046875,607.1416625976562,8.00311279296875,-0.0,8.00311279296875,0.07595945716183333,23,105.36032104492188,81.414794921875,52.68016052246094,23.945526123046875,0.0,True,0.10250466869863087,8,0,0.0,0.0,0.8639940091394824,Hottingen
59661,8635e804-446b-4773-9b6a-0bb19c4f094d,9859885f-da29-4218-acb8-9b70bf22eabb,b193702f-a443-49e2-ad96-275cab7ac52e,1,residential,,Rütistrasse,37.69100414491875,False,False,False,False,True,True,False,False,[],True,True,False,,True,0.12687976849688962,491.40985107421875,496.09234619140625,0.0,4.6824951171875,-4.6824951171875,-0.12423375363380956,9,37.69100570678711,37.69100570678711,37.69100570678711,37.69100570678711,0.0,True,0.12687976849688962,18,24,8.0,0.4444444444444444,0.8608006584580677,Hottingen
21716,425fbad0-d4fb-4f8c-ab19-b7a5e398898c,fcab8bd3-27af-4adc-937d-73654f99cf24,b5287d05-3729-4a24-8747-ac3d0b7662b0,2,track,,Zielweg,91.33693699447349,False,False,False,False,True,False,False,False,[],True,False,False,,False,0.15705692837531146,534.437255859375,542.1593017578125,0.0,7.7220458984375,-7.7220458984375,-0.08454461202927066,20,76.91531562805176,72.10810852050781,48.072072982788086,33.65045166015625,14.421623229980469,True,0.15705692837531146,6,0,0.0,0.0,0.8607059262936815,Friesenberg
76338,8da0e56c-3ab5-4099-aaf9-e899173ab449,71ef3e94-af4e-41c6-96d4-dfc2ee159658,1fd5b4ca-53fc-4858-abc9-1ebf69ed5f7f,0,track,,Känzeliweg,121.20869488287482,False,False,False,False,True,False,False,False,[],True,False,False,,False,0.1771880601054631,682.7796630859375,697.9202880859375,15.140625,-0.0,15.140625,0.12491368765006704,26,121.20869445800781,116.36034393310547,106.66365051269531,96.96695232391357,33.93843460083008,True,0.1771880601054631,4,0,0.0,0.0,0.8590693405684624,Hottingen
61085,345fa6d3-57cd-4c0a-99c4-bdf9f3734816,0265fb14-922c-4914-b376-0c14773cb74e,f8184108-0986-4473-930a-4125be1b36fc,1,residential,,Haldenbachstrasse,66.1684568934463,False,False,False,False,True,True,False,False,[],True,True,False,,True,0.12972002686089157,461.7090148925781,469.00213623046875,0.0,7.293121337890625,-7.293121337890625,-0.11022051389903552,15,66.16845703125,66.16845703125,61.442138671875,47.26318359375,0.0,True,0.12972002686089157,10,6,2.0,0.2,0.85833740055616,Oberstrass
24032,faf2f2ef-b201-411a-92b9-33b40041848b,4bc60e9a-e55f-45d0-99c9-ef1b4074d39b,f2be86f7-9612-4023-af03-020ea5790416,0,footway,,,45.63254831394144,False,False,False,False,True,False,False,False,[],False,False,False,,False,0.0854885855446471,430.4808654785156,432.27130126953125,0.0,1.790435791015625,-1.790435791015625,-0.03923593616912602,11,22.816274642944336,18.253019332885742,4.5632548332214355,0.0,0.0,True,0.0854885855446471,22,120,40.0,1.0,0.8582336422344575,Albisrieden
53360,64390355-2a43-4842-8ce9-621c284411d2,7125f945-5e37-4171-b024-0b80ed5451c3,12d5dc05-b6a5-405d-b325-2bf4f1b2f157,0,residential,,Schulhausstrasse,15.35621676203855,False,False,False,False,True,False,False,False,[],True,False,False,,True,0.09598712222459596,416.9136962890625,418.0143127441406,0.0,1.100616455078125,-1.100616455078125,-0.07167237190538413,5,15.356216430664062,11.517162322998047,3.8390541076660156,0.0,0.0,True,0.09598712222459596,58,107,35.666666666666664,0.6149425287356322,0.8549194520422064,Enge
58409,6e0fa1e5-e2bc-46e3-842f-c6fcd14b1caa,fde8cb43-fecf-4af4-ac01-388a13336ce8,e6fcef2c-e450-4b71-b360-058649a5ea3c,0,path,,,213.82716142145287,False,False,False,False,True,False,False,False,[],False,False,False,,False,0.09954202689537194,487.6048278808594,492.2473449707031,5.580902099609375,4.488739013671875,1.0921630859375,0.005107691029792462,44,139.23630905151367,99.45449638366699,39.781798362731934,0.0,0.0,True,0.09954202689537194,4,0,0.0,0.0,0.851391562127012,Hirslanden
60153,02c1d048-8f64-4852-8aa6-94e97b3fb0b2,4f9504c7-1446-4f91-87d2-f5c09faa7dc2,018e0327-c8ea-411e-89c8-308588b52504,0,path,,,83.48068880286534,False,False,False,False,True,False,False,False,[],False,False,False,,False,0.2541149382249475,564.7957763671875,583.1195068359375,0.0,18.32373046875,-18.32373046875,-0.21949663411040468,18,83.4806900024414,83.4806900024414,83.4806900024414,83.4806900024414,83.4806900024414,True,0.2541149382249475,4,0,0.0,0.0,0.8485476031246477,Hottingen
71328,cad7417d-dfdc-4d10-8803-ee69e98895f0,77674d08-cd9f-496e-820e-6c9c847dccc2,19354ddc-13fd-4fb8-a52b-4810bef197b9,6,unclassified,,,33.213042496849326,False,False,False,False,True,True,False,False,[],True,True,False,,False,0.10643511818620358,468.3959655761719,471.3133239746094,0.0,2.9173583984375,-2.9173583984375,-0.08783773229504055,8,33.213043212890625,33.213043212890625,23.723602294921875,9.48944091796875,0.0,True,0.10643511818620358,24,49,16.333333333333332,0.6805555555555555,0.8484081848341344,Oberstrass
74921,d81d7e9a-3d94-4fa9-81e8-df20b0e6989a,c948cbf1-29d2-49d9-9ffb-c98c56d819cb,57e28529-31eb-4232-8442-d42cf04e662c,1,track,,Chüeweidweg,187.84334100660917,False,False,False,False,True,False,False,False,[],True,False,False,,False,0.22562627233875734,475.6723327636719,507.28985595703125,0.0,31.617523193359375,-31.617523193359375,-0.16831857614893173,39,187.8433380126953,187.8433380126953,187.8433380126953,187.8433380126953,123.5811414718628,True,0.22562627233875734,2,5,1.6666666666666667,0.8333333333333334,0.8476478562995853,
73728,796ae332-e395-4c89-8e93-f4e01c848ad4,3acc2608-a8c2-40ed-877d-08a66176b935,e9a88aad-ea8a-4145-8ba1-7917e2799017,4,unclassified,,Hinterbergstrasse,24.468726496641846,False,False,False,False,True,False,False,False,[],True,False,False,,False,0.1726883400136881,637.3084106445312,641.287353515625,3.97894287109375,-0.0,3.97894287109375,0.1626133984375609,6,24.468727111816406,24.468727111816406,24.468727111816406,24.468727111816406,24.468727111816406,True,0.1726883400136881,20,0,0.0,0.0,0.8450927521908053,Fluntern
3235,0dffa100-c7e1-448a-8a0c-af658213387c,765f2197-f3d9-4e6c-89a5-9bc672cd699e,abcf5b0e-cbef-463e-a8cd-adfe1aaf3272,2,residential,,Bachtobelstrasse,34.36776419758407,False,False,False,False,True,False,False,False,[],True,False,False,,True,0.09410718989186842,492.1275939941406,495.2667541503906,3.13916015625,-0.0,3.13916015625,0.09134025129357953,8,34.36776351928711,34.36776351928711,34.36776351928711,0.0,0.0,True,0.09410718989186842,26,108,36.0,1.0,0.8409059649902604,Friesenberg
76581,747a1135-e201-42f2-b577-1aefc1793ffe,55e2492c-3800-4a7a-9c0e-8aba4415d64f,1ef7c1e8-f2c0-4c1d-b921-e2bbb7ce6008,6,track,,Eschenhaustrasse,41.880325991691265,False,False,False,False,True,False,False,False,[],True,False,False,,False,0.11150195966235275,602.5225830078125,606.8056640625,0.0,4.2830810546875,-4.2830810546875,-0.10226952685369346,10,41.88032531738281,41.88032531738281,41.88032531738281,32.57358646392822,0.0,True,0.11150195966235275,18,20,6.666666666666667,0.3703703703703704,0.8405529154869137,Hirslanden
68824,4078fefe-753d-4a7f-8cf1-9b72985ec3c8,7b7fc8bc-dd65-4810-b309-bae581421acf,3b22993e-a539-49cd-9e48-d056e249cb33,1,residential,,Röslistrasse,32.62765952985267,False,False,False,False,True,False,False,False,[],True,False,False,,True,0.11643718039713875,445.2074890136719,448.4707336425781,3.26324462890625,-0.0,3.26324462890625,0.10001467296532444,8,32.62765884399414,32.62765884399414,32.62765884399414,18.644375801086426,0.0,True,0.11643718039713875,22,35,11.666666666666666,0.5303030303030303,0.8357959892950533,Unterstrass
4284,0ea11a0f-e08b-4ac4-bb89-8b81f12ec648,977ce72c-2b57-41f8-934a-6202e84f7876,dbae3fac-973b-480c-a937-94b75207a2a0,3,residential,,Bachtobelstrasse,33.71691119291688,False,False,False,False,True,False,False,False,[],True,False,False,,True,0.09496071616523563,478.0030517578125,480.734619140625,2.7315673828125,-0.0,2.7315673828125,0.08101475717091884,8,33.71691131591797,33.71691131591797,19.266806602478027,0.0,0.0,True,0.09496071616523563,26,124,41.333333333333336,1.0,0.8324633287773494,Friesenberg
40393,a1e81966-264a-401b-9c07-2fbf453d78a1,d6279a9f-2b36-4d33-9955-89990c69e462,9b84b96a-612d-4ab8-a77a-1114a8828a6b,1,residential,,Obere Weiherstrasse,18.353520560546322,False,False,False,False,True,False,False,False,[],True,False,False,,True,0.14122853955991413,476.3050842285156,478.67254638671875,2.367462158203125,-0.0,2.367462158203125,0.12899225785814564,5,18.3535213470459,18.3535213470459,18.3535213470459,18.3535213470459,0.0,True,0.14122853955991413,32,23,7.666666666666667,0.23958333333333334,0.8294530894556204,Wipkingen
73938,47ea99a5-14c4-4527-b8e1-3b0477724f81,4e4aeb06-0e47-42cb-9fe5-5123df5715a6,0da684a1-de38-4e86-825b-18f77d176f24,0,unclassified,,Heubeeriweg,67.83447824233605,False,False,False,False,True,False,False,False,[],True,False,False,,False,0.12217567555864525,620.4317626953125,628.5438842773438,8.11212158203125,-0.0,8.11212158203125,0.1195869939280419,15,67.83448028564453,67.83448028564453,67.83448028564453,67.83448028564453,0.0,True,0.12217567555864525,10,0,0.0,0.0,0.828772320542563,Fluntern
53362,930ba837-6966-4055-9850-83f616ff0820,41b0ba32-e0be-49e1-b988-802b48eb7af4,d3e48641-9e23-4dc9-9bd5-134b3e3ed3d7,0,residential,,Schulhausstrasse,10.822713349370169,False,False,False,False,True,False,False,False,[],True,False,False,,True,0.11239890954151177,418.54638671875,419.6746520996094,0.0,1.128265380859375,-1.128265380859375,-0.10424977466059863,4,10.822712898254395,10.822712898254395,10.822712898254395,7.215142250061035,0.0,False,,68,129,43.0,0.6323529411764706,0.8271936015497071,Enge
73343,723d171e-7d6e-49ae-854a-3612bbc6b238,c738c28c-e4bb-47b1-9e29-e8b6f2b4eb5a,1eddb2e3-7c4e-4907-977c-a948d55fca22,1,track,,Hüttenkopfstrasse,121.22688218366555,False,False,False,False,True,False,False,False,[],True,False,False,,False,0.08527670875958576,543.0277709960938,548.7627563476562,5.7349853515625,-0.0,5.7349853515625,0.04730786779907423,26,77.585205078125,53.33982849121094,14.547225952148438,0.0,0.0,True,0.08527670875958576,8,0,0.0,0.0,0.827026362064725,Schwamendingen-Mitte
92365,192c8b4c-eadc-4eb9-b2ba-4e3cf60dc679,e4637648-1ad6-433b-9523-34d143634d21,42de5a06-b86c-46f3-8e10-177491392082,0,tertiary,,Seebacherstrasse,52.28709831016739,False,False,False,False,True,False,False,False,[],True,False,False,,False,0.09854353913930093,446.0688171386719,450.6926574707031,4.62384033203125,-0.0,4.62384033203125,0.08843176452709538,12,52.2870979309082,52.2870979309082,42.78035259246826,0.0,0.0,True,0.09854353913930093,16,8,2.6666666666666665,0.16666666666666666,0.824408915009353,Seebach
3234,0dffa100-c7e1-448a-8a0c-af658213387c,f8d960ba-c958-42cc-82a1-7414e9703398,765f2197-f3d9-4e6c-89a5-9bc672cd699e,1,residential,,Bachtobelstrasse,33.455247489339285,False,False,False,False,True,False,False,False,[],True,False,False,,True,0.0945030210636379,489.0948486328125,492.1275939941406,3.032745361328125,-0.0,3.032745361328125,0.09065081643385269,8,33.45524597167969,33.45524597167969,33.45524597167969,0.0,0.0,True,0.0945030210636379,26,124,41.333333333333336,1.0,0.8220217091253049,Friesenberg
60551,e2f52286-24c9-4480-9499-3d0feb34e617,9e158f96-b580-484b-8f19-bc382027725f,fc58a28d-48b9-4644-9419-4982ca504023,1,secondary,,Schneckenmannstrasse,32.53696394803555,False,False,False,False,True,True,False,False,[],True,True,False,,False,0.10515384365230859,522.9454956054688,526.2597045898438,0.0,3.314208984375,-3.314208984375,-0.10185980910665149,8,32.536964416503906,32.536964416503906,32.536964416503906,18.59255027770996,0.0,True,0.10515384365230859,24,0,0.0,0.0,0.8211328367790075,Fluntern
68275,531ae96f-339f-4356-9e27-d2707a77febd,7c7be985-a88e-486c-9e57-b2148ddb549f,6dbd42df-a434-45e7-9278-97fc9f1ced61,2,residential,,Im Eisernen Zeit,42.94602359845462,False,False,False,False,True,False,False,False,[],True,False,False,,True,0.10594026330576271,464.7495422363281,468.92559814453125,0.0,4.176055908203125,-4.176055908203125,-0.0972396443360222,10,42.946022033691406,42.946022033691406,38.17424392700195,28.63068199157715,0.0,True,0.10594026330576271,18,0,0.0,0.0,0.8189483486320407,Unterstrass
41110,56809d83-abaf-497f-9a88-ad111b470279,7bc7621b-5983-458c-82b2-89e1918ea192,faba7d31-add4-4369-b955-bd8c5f0017d2,2,footway,,Lettenviadukt,20.278546724578014,True,False,False,True,True,False,False,False,[],True,False,False,shared_path,True,0.25077227063438706,404.22381591796875,409.3089294433594,0.0,5.085113525390625,-5.085113525390625,-0.25076320573780597,6,20.278547286987305,20.278547286987305,20.278547286987305,20.278547286987305,20.278547286987305,True,0.25077227063438706,16,0,0.0,0.0,0.8136475531660706,Gewerbeschule
68434,0bddfe07-356a-46b1-9071-8b182b93adbb,d9ca78db-2a60-4185-b6db-27cd7e913198,c5eddb8e-b753-400e-944f-8824e97922f4,0,residential,,Kinkelstrasse,53.89776040599667,False,False,False,False,True,True,False,False,[],True,True,False,,True,0.08370881757013202,485.0356140136719,488.841796875,3.806182861328125,-0.0,3.806182861328125,0.07061856928758102,12,53.897762298583984,53.897762298583984,9.799592971801758,0.0,0.0,True,0.08370881757013202,18,61,20.333333333333332,1.0,0.8121092027875667,Oberstrass
5427,354b25db-d4c9-47fc-a1d2-4bcc06cdf1a1,98c5ddf5-191e-4904-8c23-c296a8b01c2b,4f4553e3-8547-4db0-b8e7-dc8022bac9cb,13,track,,Albisgütliweg,213.7190434400552,False,False,False,False,True,False,False,False,[],True,False,False,,False,0.09455742214362904,457.8851013183594,474.1520080566406,16.26690673828125,-0.0,16.26690673828125,0.07611351213536831,44,213.7190399169922,203.77862548828125,84.49357223510742,0.0,0.0,True,0.09455742214362904,4,2,0.6666666666666666,0.16666666666666666,0.8083488724277557,Friesenberg
10449,23c4e876-a82a-4f84-a8c3-1802bb084f83,11375ae8-648b-421f-8a62-ce3f44538cbb,2176f42f-0621-42f4-8c0f-a8a246471192,1,footway,,,33.695734189824265,False,False,False,False,True,False,False,False,[],False,False,False,,False,0.13249474096712316,439.9292907714844,443.21490478515625,0.0,3.285614013671875,-3.285614013671875,-0.0975083025449062,8,33.695735931396484,28.882059574127197,24.06838321685791,19.254704475402832,0.0,True,0.13249474096712316,18,0,0.0,0.0,0.8036113631720042,Enge
39664,ed9ae408-e1c9-42e8-a720-65dd3fa96dfc,dc3f7595-dbcf-4d79-b2eb-4955580d03eb,10f7267f-cf0d-4769-9a8f-81decba28e9c,1,track,,Eichhörnliweg,91.6077430543713,False,False,False,False,True,False,False,False,[],True,False,False,,False,0.08760069763290407,483.02362060546875,486.41070556640625,3.3870849609375,-0.0,3.3870849609375,0.03697378491756203,20,33.750221252441406,24.107301712036133,9.64292049407959,0.0,0.0,True,0.08760069763290407,10,0,0.0,0.0,0.8024902200138747,Wipkingen
57759,0e539013-dd39-4662-89f7-dfe8818f5a5b,c0d7b920-0261-4f06-b717-ee811e38c630,06f47719-15e2-40d0-a119-3c55e98ad9e0,2,residential,,Biberlinstrasse,24.927197408591507,False,False,False,False,True,False,False,False,[],True,False,False,,True,0.12333889291345783,473.55523681640625,476.43731689453125,2.882080078125,-0.0,2.882080078125,0.11561990446115741,6,24.927196502685547,24.927196502685547,24.927196502685547,19.941757202148438,0.0,True,0.12333889291345783,26,42,14.0,0.5384615384615384,0.7993681622708317,Hirslanden
80032,fcb83640-bd44-4bc1-8a3c-c51b57c45a67,9477467f-c38d-44d0-acf1-165d40b7e601,ae19b274-3f15-4fb7-bd86-b8d9045fd6a5,2,residential,,Michelstrasse,13.59145608575157,False,False,False,False,True,False,False,False,[],True,False,False,,True,0.11307134867104032,495.06195068359375,496.4913024902344,1.429351806640625,-0.0,1.429351806640625,0.10516546300697988,4,13.591456413269043,13.591456413269043,13.591456413269043,9.060970306396484,0.0,False,,52,104,34.666666666666664,0.6666666666666666,0.7991382204099573,Höngg
60460,cae6076a-bf9c-4a98-aa2a-47efebf00ba3,e80b77f0-83d2-43a0-a249-2fcaf8dc213e,46c1a269-ec53-481e-8dac-619495df2205,1,secondary,,Hofstrasse,46.75785955048933,False,False,False,False,True,False,False,False,[],True,False,False,,False,0.10669895221537551,540.1737060546875,544.9222412109375,0.0,4.74853515625,-4.74853515625,-0.10155587384228099,11,46.75785827636719,46.75785827636719,46.75785827636719,28.054715156555176,0.0,True,0.10669895221537551,16,16,5.333333333333333,0.3333333333333333,0.7982423394993441,Hottingen
61664,74a2a34c-f99a-4e9f-a1dd-e10dacdbc4fa,d5dcdcdf-85f7-44a5-9010-382a5499104b,fdb2f175-d1e9-4ddc-a9e6-f480b7e237d9,1,service,,Häldeliweg,40.04133354281687,False,False,False,False,True,False,False,False,[],True,False,False,,False,0.16588012566364396,467.7262268066406,473.7600402832031,6.0338134765625,-0.0,6.0338134765625,0.15068962839854258,10,40.04133224487305,40.04133224487305,40.04133224487305,40.04133224487305,26.69422149658203,True,0.16588012566364396,12,0,0.0,0.0,0.7970473727786813,Fluntern
76276,a924e6dd-5b84-4c8b-bf22-4344a99e982f,5c3ae58c-1867-4cba-babb-c3282b29a633,2a7692b4-896f-440a-b087-8d7122ece382,0,track,,,176.4506585899158,False,False,False,False,True,False,False,False,[],True,False,False,,False,0.11238456066509245,655.8992309570312,670.8119506835938,0.0,14.9127197265625,-14.9127197265625,-0.08451495909241456,37,176.45065307617188,156.84503173828125,112.73236083984375,49.01407432556152,0.0,True,0.11238456066509245,4,0,0.0,0.0,0.7932131897877563,Hottingen
74937,a1ab771a-fa7c-4074-9b2c-2992f28e20cd,e5de1b7c-b36b-4322-a053-53a178539a6c,7148e912-61a5-4d97-92e7-9615e2c0f3a4,1,residential,,Franzosenweg,90.93939748289955,False,False,False,False,True,False,False,False,[],True,False,False,,True,0.08691826546031868,467.5828552246094,472.66241455078125,5.079559326171875,-0.0,5.079559326171875,0.05585653019323033,20,90.93939971923828,43.07655715942383,23.931419372558594,0.0,0.0,True,0.08691826546031868,10,4,1.3333333333333333,0.13333333333333333,0.7904294691220098,Hirzenbach
63525,e085c120-9985-46a8-ae05-9a8d498c43ec,5d6af535-5280-403e-9e89-ff3aaf3d8df8,b568c355-9f6f-406a-a51f-e5920f85a2cf,1,footway,,Spiegelgasse,33.18515893518598,False,False,False,False,True,False,False,False,[],False,False,False,,False,0.17008651941461547,413.3397216796875,416.85693359375,0.0,3.5172119140625,-3.5172119140625,-0.1059875001293209,8,33.185157775878906,28.444421768188477,23.703685760498047,14.222210884094238,9.481473922729492,True,0.17008651941461547,14,6,2.0,0.14285714285714285,0.7902087451309255,Rathaus
95117,5b766aef-baf6-44e0-a2db-9b3b17ddc6e2,1032fcda-d337-4fdf-a079-4d640df4ca93,e353eda8-5aa1-4f7a-b895-914d089be03f,0,path,,Saatlenfussweg,32.410049433743964,False,False,False,False,True,False,False,False,[],True,False,False,shared_path,True,0.4054679444373268,429.10693359375,433.05755615234375,1.1539306640625,3.95062255859375,-2.79669189453125,-0.08629088640670425,8,23.15003490447998,23.15003490447998,18.52002763748169,18.52002763748169,13.890020370483398,True,0.4054679444373268,6,0,0.0,0.0,0.7884741673807387,Saatlen
5501,79cddc31-1f6d-49b2-8db0-877731daac88,80fedb29-6ce0-4b66-b7a3-abdc0402ca52,81b04859-a54d-4735-b935-7a2f31af7fda,2,path,,,32.687874494124706,False,False,False,False,True,False,False,False,[],False,False,False,,False,0.12016346269705282,425.8194885253906,428.44970703125,2.630218505859375,-0.0,2.630218505859375,0.08046465544706281,8,32.68787384033203,28.01817750930786,14.009088516235352,9.339391708374023,0.0,True,0.12016346269705282,20,0,0.0,0.0,0.7855776374841398,Friesenberg
68257,b0e44fdd-6921-4875-942d-df18b323e1b0,6f1b8b2b-c662-4cb2-ba23-176f1d27ee91,54cb143c-6b0c-475a-b5b4-cde5fca18f28,2,residential,,Im Eisernen Zeit,42.58844337053555,False,False,False,False,True,False,False,False,[],True,False,False,,True,0.10212192396801878,471.68121337890625,475.7919921875,0.0,4.11077880859375,-4.11077880859375,-0.09652333933908111,10,42.588443756103516,42.588443756103516,42.588443756103516,14.196147918701172,0.0,True,0.10212192396801878,18,0,0.0,0.0,0.7828584796443789,Unterstrass
73323,34df2d83-b808-4ee3-baff-e5982a54feca,6faf3585-0bd2-46d5-af90-ccf6a3a0c89c,99d3f867-f0f6-413d-b247-b3ff381599d9,0,path,,,25.208143584835522,False,False,False,False,True,False,False,False,[],False,False,False,,False,0.1409456758254904,556.8497314453125,560.141357421875,3.2916259765625,-0.0,3.2916259765625,0.13057788294735745,7,25.20814323425293,25.20814323425293,25.20814323425293,25.20814323425293,0.0,True,0.1409456758254904,22,0,0.0,0.0,0.7816553434515414,Schwamendingen-Mitte
37688,13fe9572-ade6-44e8-927f-ddad262050ec,152501a7-b2b1-4e7e-bcad-b31c548463f6,9601aa85-a016-4d44-a3dd-2edd90dc0f58,2,residential,,Bäulistrasse,193.86583149145918,False,False,False,False,True,False,False,False,[],True,False,False,,True,0.10048070134510427,402.76934814453125,420.0673522949219,17.298004150390625,-0.0,17.298004150390625,0.08922667907944083,40,193.86582946777344,193.86582946777344,159.06939125061035,14.912757873535156,0.0,True,0.10048070134510427,4,2,0.6666666666666666,0.16666666666666666,0.7791909886045448,Höngg
63368,887cc937-9ebe-4221-baf4-6428b4816292,bead7603-4072-4e1c-babb-464f59b3dec6,c0cd8629-a878-4301-8ce4-ffb3f95eb69c,1,pedestrian,,Lindenhofstrasse,49.705463874140634,False,False,False,False,True,False,False,False,[],False,False,False,car_free_street,True,0.111705381201367,417.7325744628906,422.55517578125,4.822601318359375,-0.0,4.822601318359375,0.09702356617492155,11,49.70546340942383,49.70546340942383,39.764370918273926,24.852730751037598,0.0,True,0.111705381201367,14,0,0.0,0.0,0.7773314905792319,Lindenhof
4854,9ccadc2e-fcd8-480d-8a00-47c30ab43534,c303e428-b1e2-4782-a286-6fb1adf48bb1,17e6ada9-cd3d-4a00-b2bd-f22657e5e6fa,2,residential,,Hegianwandweg,42.81095552730101,False,False,False,False,True,True,False,False,[],True,True,False,,True,0.09040229454124211,459.6902160644531,463.47698974609375,0.0,3.786773681640625,-3.786773681640625,-0.08845338015537349,10,42.81095504760742,42.81095504760742,42.81095504760742,0.0,0.0,True,0.09040229454124211,20,18,6.0,0.3,0.7740417222342166,Friesenberg
46052,538882ef-5ce0-421b-a751-a766b2b8aedf,82cbf7ef-14d3-41a9-aee3-308c8ece122f,c20a9bff-960e-40a8-8fed-85472b99efcf,0,tertiary,,Hohlstrasse,13.886477857568963,True,False,False,True,True,True,False,False,[],True,True,False,,False,0.2525623877654792,405.9252624511719,409.432373046875,0.0,3.507110595703125,-3.507110595703125,-0.252555812169018,4,13.88647747039795,13.88647747039795,13.88647747039795,13.88647747039795,13.88647747039795,False,,22,0,0.0,0.0,0.7715844411792161,Hard
63789,bc801cbb-61d9-41f5-ae9b-656fb58fca84,1ca3388e-21ad-4d1e-b06e-212c1b41bf97,3dde39da-accd-475a-986f-4d6ff89082bb,0,pedestrian,,Schlüsselgasse,41.607525877478814,False,False,False,False,True,False,False,False,[],False,False,False,car_free_street,True,0.1323665924860571,413.29583740234375,416.6359558105469,0.0,3.340118408203125,-3.340118408203125,-0.08027678691516758,10,36.984466552734375,27.73834991455078,23.115291595458984,18.492233276367188,0.0,True,0.1323665924860571,14,0,0.0,0.0,0.7710424991048238,Lindenhof
59545,774f4964-dc15-4a41-a42a-a1b43eb4e22d,85050613-f0f0-44ce-aadb-02abc799b46c,29b6b2f0-73b5-4a08-9aec-6ffe1b3bd983,1,residential,,Dolderstrasse,59.39671894943892,False,False,False,False,True,False,False,False,[],True,False,False,,True,0.16185073114245888,458.8919982910156,467.75146484375,0.0,8.859466552734375,-8.859466552734375,-0.149157512225207,13,59.3967170715332,59.3967170715332,59.3967170715332,59.3967170715332,34.648085594177246,True,0.16185073114245888,8,68,22.666666666666668,1.0,0.7690721911543865,Hottingen
73653,d3a38eb3-d17a-4608-98d5-8191754225f0,72de0bc4-3b34-495e-817a-23be71075bd3,d56f4cec-5950-4bf0-83ee-47b2c7c13437,0,track,,Heubeeriweg,284.58118073840734,False,False,False,False,True,False,False,False,[],True,False,False,,False,0.13509843175267,646.6612548828125,667.4749755859375,20.813720703125,-0.0,20.813720703125,0.0731380794058566,58,239.64730834960938,204.69873046875,99.85304260253906,79.88243865966797,0.0,True,0.13509843175267,2,0,0.0,0.0,0.7689294244816394,Fluntern
63081,9f809759-1438-462f-b0e9-b9ede79003ee,e06591a8-89a7-4904-91a6-3a1610a4060f,af751943-60af-44e7-b0d9-71e3a54cf025,1,residential,,Künstlergasse,65.7746989044385,False,False,False,False,True,True,False,False,[],True,True,False,,True,0.09691434658733375,441.95758056640625,447.713134765625,0.0,5.75555419921875,-5.75555419921875,-0.08750407859861149,15,65.77469635009766,65.77469635009766,51.6801176071167,0.0,0.0,True,0.09691434658733375,12,17,5.666666666666667,0.47222222222222227,0.7649414359562727,Hochschulen
39667,ed9ae408-e1c9-42e8-a720-65dd3fa96dfc,5bdda9cf-d5d0-4672-9d82-cc6ab07b0f23,d4ce084d-f4d8-446b-9a49-5b05f48353e8,4,track,,Eichhörnliweg,87.7937969628706,False,False,False,False,True,False,False,False,[],True,False,False,,False,0.08707717094612033,489.51025390625,493.7381286621094,4.227874755859375,0.300140380859375,3.927734375,0.04473817466794365,19,73.1614990234375,48.77433204650879,14.63229751586914,0.0,0.0,True,0.08707717094612033,10,0,0.0,0.0,0.7644835466144864,Wipkingen
66978,3215079d-6b77-473d-829a-7cc58125432d,ca86a9c9-1ab3-4887-9a66-073ced1ed0fd,477ee939-8363-4acd-948c-23a6ed44c2c6,2,footway,,Sumatrastrasse,42.70451038481528,False,False,False,False,True,False,False,False,[],False,False,False,,False,0.22336293743905056,441.224365234375,448.9919738769531,7.767608642578125,-0.0,7.767608642578125,0.18189199901274983,10,42.70450973510742,42.70450973510742,42.70450973510742,37.959564208984375,33.21461868286133,True,0.22336293743905056,8,0,0.0,0.0,0.7630883905159024,Unterstrass
87555,fdcdf5bd-9566-4c3b-8e77-1822a4723074,48cae389-11ad-479e-8b07-6eaa2437ef85,38869aea-0310-4ffd-abe4-4627902fbd0c,5,track,,Wannenweg,115.6422285499317,False,False,False,False,True,False,False,False,[],True,False,False,,False,0.08171502108071156,524.1456298828125,532.581787109375,0.0,8.4361572265625,-8.4361572265625,-0.07295049077490434,25,115.64222717285156,115.64222717285156,19.273704528808594,0.0,0.0,True,0.08171502108071156,8,0,0.0,0.0,0.7559765715022506,Höngg
74711,085be71e-e872-40db-901a-d0f2bb3d6d02,99dabfa8-74f6-438c-aaee-de561ac965b2,1d2dbf25-ef32-4b30-90d8-e3316b0092c4,1,unclassified,,Tobelhofstrasse,142.72339693910848,False,False,False,False,True,False,False,False,[],True,False,False,,False,0.13230171562510173,602.128173828125,616.9013671875,14.773193359375,-0.0,14.773193359375,0.1035092560331024,30,142.72340393066406,142.72340393066406,123.0374059677124,83.66543579101562,0.0,True,0.13230171562510173,4,0,0.0,0.0,0.7553020109954578,Hottingen
63827,2f4727a7-eaf4-44e6-857b-8ae7c92ad526,bee328d4-8325-40ed-905e-927cbaa7abf0,4a12a310-f2d4-4ce0-90af-687f9f83d73f,0,steps,,Weggengasse,13.268838758018118,False,False,False,False,True,False,False,False,[],False,False,False,,False,0.3159018115395558,411.3900146484375,415.2513732910156,3.861358642578125,-0.0,3.861358642578125,0.29100953570899274,4,13.268838882446289,13.268838882446289,13.268838882446289,13.268838882446289,13.268838882446289,False,,18,73,24.333333333333332,1.0,0.7544970361231549,Lindenhof
76283,5c822d27-4d3f-446c-91bc-4f11b1baa533,20d3b8cd-17ca-4a70-b2fe-5b3a1f4c4a37,08b56bba-c137-4e9c-86f7-47c47ceb62e8,0,track,,Forsthausweg,195.18111279563564,False,False,False,False,True,False,False,False,[],True,False,False,,False,0.0964898291039292,643.5202026367188,654.3507690429688,0.0,10.77203369140625,-10.77203369140625,-0.05518994067024308,41,141.5063018798828,117.10865783691406,68.31339263916016,0.0,0.0,True,0.0964898291039292,4,0,0.0,0.0,0.7533196887186244,Hottingen
23594,8063882d-aca7-4ed8-8119-2bb07fa22720,88cbf5c8-cbe5-4cce-98b0-b4157245c3c3,32abcf85-5ac2-49d1-a1c1-faea4872429d,0,track,,Hohensteinweg,89.5437041514,False,False,False,False,True,False,False,False,[],True,False,False,,False,0.1400410789414255,496.8460693359375,508.6817321777344,0.0,11.835662841796875,-11.835662841796875,-0.1321775031286552,19,89.543701171875,89.543701171875,89.543701171875,89.543701171875,0.0,True,0.1400410789414255,6,0,0.0,0.0,0.7523878165064315,Friesenberg
40399,bbb75260-6183-4322-baf5-86e78a489a9b,19d68f22-77d0-48bd-a4a6-3c9fc8b4e31c,8da20dee-1ff2-4a5e-a28a-c746750c6020,0,footway,,,24.87420933852303,False,False,False,False,True,False,False,False,[],False,False,False,,False,0.11627719735454807,463.61248779296875,465.5127868652344,1.900299072265625,-0.0,1.900299072265625,0.07639636356916427,6,24.874208450317383,19.899368286132812,9.949684143066406,4.974842071533203,0.0,True,0.11627719735454807,26,0,0.0,0.0,0.7519988705563841,Wipkingen
2604,8863139f-7d8c-49fd-8d25-699397650d7a,bae53deb-857b-457c-877b-1dcb2528ae9e,9ac0892d-96e1-4902-a36b-f9399be02ddb,2,track,,Zielweg,142.21403854324834,False,False,False,False,True,False,False,False,[],True,False,False,,False,0.08790730092350584,527.9797973632812,539.53125,11.55145263671875,-0.0,11.55145263671875,0.08122582721137528,30,142.2140350341797,142.2140350341797,98.07864952087402,0.0,0.0,True,0.08790730092350584,6,0,0.0,0.0,0.7500991369061033,Friesenberg
35897,72b25d53-45c8-4cb4-9afa-b63aa4a836f3,9478dd53-2655-4c6c-a768-30a8f34274d2,5bdf76da-39eb-4c97-a439-05a010eb9279,0,steps,,,20.856162247318522,False,False,False,False,True,False,False,False,[],False,False,False,,False,0.16343660226504994,404.493896484375,407.16552734375,2.671630859375,-0.0,2.671630859375,0.12809790833458012,6,20.856163024902344,20.856163024902344,20.856163024902344,20.856163024902344,4.171233177185059,True,0.16343660226504994,22,0,0.0,0.0,0.7499052646778764,Hard
4285,0ea11a0f-e08b-4ac4-bb89-8b81f12ec648,dbae3fac-973b-480c-a937-94b75207a2a0,efa170ce-31fb-4a83-a9bd-2446b2ab1288,4,residential,,Bachtobelstrasse,33.62066172330186,False,False,False,False,True,False,False,False,[],True,False,False,,True,0.08558096682855929,480.734619140625,483.412841796875,2.67822265625,-0.0,2.67822265625,0.0796600198219654,8,33.620662689208984,33.620662689208984,19.211807250976562,0.0,0.0,True,0.08558096682855929,26,124,41.333333333333336,1.0,0.7480950712809884,Friesenberg
67316,d91ae310-eef2-49f8-9a3b-36d38619c283,8e69988f-1f21-4127-a212-3047e43aa2fa,047de558-77c5-41bf-abf4-27bd31519253,2,residential,,Im Schilf,95.01720326716853,False,False,False,False,True,True,False,False,[],True,True,False,,True,0.09801113609619969,529.6820678710938,535.6116943359375,5.92962646484375,-0.0,5.92962646484375,0.06240581913017365,21,95.01720428466797,61.76118087768555,19.003440856933594,0.0,0.0,True,0.09801113609619969,8,4,1.3333333333333333,0.16666666666666666,0.7450195232718978,Fluntern
67592,46833813-c591-44c0-a7d8-6e14e25cf4c5,932dda18-cf75-4baf-97ee-18f640435faf,be35bec4-5e36-472b-986f-f91ab08e3dcf,0,footway,,Geissbergweg,29.17049478384902,False,False,False,False,True,False,False,False,[],False,False,False,,False,0.2083550456475968,509.7222900390625,515.2018432617188,5.47955322265625,-0.0,5.47955322265625,0.18784574603726753,7,29.170494079589844,29.170494079589844,29.170494079589844,29.170494079589844,29.170494079589844,True,0.2083550456475968,12,0,0.0,0.0,0.7293383726702217,Oberstrass
