{
"type": "FeatureCollection",
"name": "flat_corridors",
"crs": { "type": "name", "properties": { "name": "urn:ogc:def:crs:OGC:1.3:CRS84" } },
"features": [
{ "type": "Feature", "properties": { "corridor_id": 0, "corridor_name": "Stampfenbachstrasse - Hofwiesenstrasse - Limmatquai - Schaffhauserstrasse", "street_names": "Central; Fraumünsterstrasse; Hofwiesenstrasse; Im Stadtgraben; Limmatquai; Münsterbrücke; Münsterhof; Neumühlequai; Poststrasse; Rathausbrücke; Rotbuchstrasse; Rothstrasse; Schaffhauserplatz; Schaffhauserstrasse; Stampfenbachplatz; Stampfenbachstrasse; Walchestrasse; Weinbergstrasse", "n_edges": 142, "length_m": 4645.6138478774155, "length_km": 4.6456138478774154, "mean_score": 58.172706676473574, "total_score": 8260.5243480592471, "pair_count_max": 288, "neighborhood_span": 34, "climb_saved_m": 5330.9856169550412, "mean_abs_grade": 0.020679355079280624, "max_grade": 0.064838938280638067, "elev_min_m": 406.84909057617188, "elev_max_m": 471.30496215820312, "elev_range_m": 64.45587158203125, "gain_per_km": 14.023559190407219, "low_stress_share": 0.1920877673957711, "mode": "walk", "n_pieces": 1, "neighborhoods": "Hochschulen; Lindenhof; Rathaus; Unterstrass", "end_a_lon": 8.533699, "end_a_lat": 47.3977, "end_b_lon": 8.543507, "end_b_lat": 47.369128, "corridor_uid": "walk-0" }, "geometry": { "type": "MultiLineString", "coordinates": [ [ [ 8.537635108263876, 47.393404285988886 ], [ 8.537594208382544, 47.393476110170702 ], [ 8.53759404978625, 47.393476378541038 ], [ 8.537541908382458, 47.393564610170721 ], [ 8.537447008382324, 47.393704510170771 ], [ 8.537417308382285, 47.393750610170827 ], [ 8.537431608382276, 47.393812110170799 ], [ 8.537317608382105, 47.39398901017092 ], [ 8.537173408381904, 47.39421201017101 ], [ 8.537035508381711, 47.394386910171114 ], [ 8.536923108381567, 47.394511010171207 ], [ 8.536750008381347, 47.394666810171309 ], [ 8.53663920838121, 47.394755410171349 ], [ 8.536597108381169, 47.394760610171375 ], [ 8.536550108381116, 47.394793610171391 ], [ 8.536076014345609, 47.395123693095194 ], [ 8.536068808380545, 47.395128710171633 ], [ 8.536039108380507, 47.395148310171635 ], [ 8.535989208380441, 47.395217110171714 ], [ 8.535669608380063, 47.395428510171861 ], [ 8.535553571620712, 47.395506448042539 ], [ 8.535542908379915, 47.395513610171896 ], [ 8.535357908379698, 47.395637810172026 ], [ 8.53512130837942, 47.395795910172126 ], [ 8.535120080263933, 47.395796757344378 ], [ 8.535099708379393, 47.395810810172108 ], [ 8.534905708379162, 47.395945010172234 ], [ 8.534685414019636, 47.396093256356409 ], [ 8.534656208378872, 47.396112910172313 ], [ 8.534646508378858, 47.396119410172368 ], [ 8.534514908378696, 47.396215810172478 ], [ 8.534395808378557, 47.396307510172498 ], [ 8.534298435944864, 47.396394522114434 ], [ 8.534275508378407, 47.396415010172575 ], [ 8.534237808378359, 47.396448710172564 ], [ 8.534130408378218, 47.396559910172627 ], [ 8.534086244459379, 47.396610073718165 ], [ 8.534077408378147, 47.396620110172691 ], [ 8.534022208378078, 47.396683210172753 ], [ 8.533988108378026, 47.396730610172753 ], [ 8.533965408377993, 47.396762210172767 ], [ 8.533931308377946, 47.396814210172785 ], [ 8.533909308377909, 47.396845510172795 ], [ 8.533849408377829, 47.396946610172868 ], [ 8.533793408377736, 47.397050410172902 ], [ 8.533749808377671, 47.397152110172954 ], [ 8.533715508377606, 47.397233810172978 ], [ 8.533608908377415, 47.397516210173073 ], [ 8.533654808377438, 47.397592610173106 ], [ 8.533683808377443, 47.397671910173109 ], [ 8.533693108377442, 47.397693710173122 ], [ 8.533699013499865, 47.397700132532549 ] ], [ [ 8.537635208382598, 47.393404110170671 ], [ 8.537721208382695, 47.393361810170603 ], [ 8.537822208382817, 47.393306410170545 ] ], [ [ 8.537726353360451, 47.393375547791599 ], [ 8.537721208382695, 47.393361810170603 ], [ 8.537706508382707, 47.393278810170585 ], [ 8.538028008383193, 47.392736810170298 ], [ 8.538169808383422, 47.392434010170135 ], [ 8.538172101275427, 47.39242858365909 ], [ 8.538172808383429, 47.392426910170165 ], [ 8.538182408383443, 47.39240421017017 ], [ 8.538192857579837, 47.392379503191783 ], [ 8.538193108383458, 47.39237891017013 ], [ 8.538286708383611, 47.392180010170065 ], [ 8.538345108383705, 47.39206371016995 ], [ 8.53840560838379, 47.391966310169913 ], [ 8.538418008383807, 47.391946410169957 ], [ 8.538428208383822, 47.391929910169907 ], [ 8.538428626954193, 47.391929270815197 ], [ 8.538446408383852, 47.391902110169923 ], [ 8.538465908383884, 47.3918722101699 ], [ 8.538543608383995, 47.391753310169818 ], [ 8.538586508384103, 47.391534710169744 ], [ 8.538587908384109, 47.391521110169734 ], [ 8.538590408384122, 47.391497010169758 ], [ 8.538591856289319, 47.391483212484943 ], [ 8.538592108384126, 47.391480810169739 ], [ 8.538622008384189, 47.391356210169711 ] ], [ [ 8.537823456711257, 47.393304564050972 ], [ 8.53790740838293, 47.393180410170451 ], [ 8.538220808383393, 47.392680410170271 ], [ 8.53831770838355, 47.392491410170187 ], [ 8.538366508383602, 47.392455010170124 ] ], [ [ 8.538290689165011, 47.392403219250355 ], [ 8.538292208383551, 47.392400210170095 ], [ 8.53839050838371, 47.392177610170044 ], [ 8.538427008383772, 47.392110210169982 ], [ 8.538481408383845, 47.392045310169976 ], [ 8.538541829766377, 47.391972501931285 ] ], [ [ 8.538293179068672, 47.392400418942742 ], [ 8.538337308383589, 47.392409910170088 ], [ 8.53835840838361, 47.392410310170099 ], [ 8.538359297079371, 47.392410156449749 ] ], [ [ 8.53835840838361, 47.392410310170099 ], [ 8.538361508383607, 47.392427310170113 ], [ 8.538366494092815, 47.392454930999122 ] ], [ [ 8.538428210648512, 47.391929910911315 ], [ 8.538478608383873, 47.391946410169965 ], [ 8.538495695802434, 47.391952006049685 ], [ 8.538495708383891, 47.391952010169959 ], [ 8.5385173083839, 47.391959110169921 ], [ 8.538545301884318, 47.391968308034329 ] ], [ [ 8.538942208384494, 47.391381210169612 ], [ 8.538832308384391, 47.391372610169618 ], [ 8.538832306661723, 47.39137261003529 ], [ 8.538622008384189, 47.391356210169711 ] ], [ [ 8.538622008384189, 47.391356210169711 ], [ 8.538669108384305, 47.391152410169646 ], [ 8.538669596242784, 47.391150671161121 ], [ 8.538723308384412, 47.390959210169527 ], [ 8.538778308384515, 47.390809010169441 ], [ 8.538825508384607, 47.390664110169404 ], [ 8.538882808384722, 47.390457910169324 ], [ 8.538961908384826, 47.39038871016929 ] ], [ [ 8.538961908384826, 47.39038871016929 ], [ 8.539003108384842, 47.390452710169271 ], [ 8.538958008384732, 47.390672010169382 ], [ 8.538917408384645, 47.390824510169452 ], [ 8.538896608384587, 47.390948410169472 ], [ 8.538893908384548, 47.391055310169477 ], [ 8.538893708384546, 47.391064610169515 ], [ 8.538895508384545, 47.391075110169496 ], [ 8.538901693025069, 47.391112119843768 ] ], [ [ 8.538926608132046, 47.391274308445006 ], [ 8.538926608384513, 47.391274310169592 ], [ 8.538942208384494, 47.391381210169612 ] ], [ [ 8.538942208384494, 47.391381210169612 ], [ 8.538958708384477, 47.391494210169633 ], [ 8.538958683710328, 47.391494381121852 ], [ 8.538918208384349, 47.391774810169792 ], [ 8.538909608384305, 47.391897110169801 ], [ 8.538911108384296, 47.391929110169755 ], [ 8.538911908384291, 47.391948610169777 ], [ 8.538913208384278, 47.391976310169824 ], [ 8.538913479825698, 47.391978172257915 ], [ 8.538928208384268, 47.392079210169847 ], [ 8.538968708384262, 47.39221911016984 ], [ 8.539013208384253, 47.392383710169938 ], [ 8.539025105617291, 47.392434029614606 ] ], [ [ 8.539641764472066, 47.390762990703351 ], [ 8.539524508385226, 47.390867610169302 ], [ 8.539279808384906, 47.391110410169404 ], [ 8.53914670838474, 47.391238410169528 ], [ 8.539130908384715, 47.39125351016947 ], [ 8.539082208384652, 47.391300310169548 ], [ 8.539071216010928, 47.391306753974852 ], [ 8.539064808384634, 47.391310510169561 ], [ 8.538942208384494, 47.391381210169612 ] ], [ [ 8.540030408387693, 47.38446831016708 ], [ 8.540007608387652, 47.3845205101671 ], [ 8.539988408387615, 47.384600810167157 ], [ 8.539977408387584, 47.384680310167134 ], [ 8.539961808387522, 47.384795310167235 ], [ 8.539940212305229, 47.384953281509517 ], [ 8.539940208387456, 47.384953310167262 ], [ 8.539897908387317, 47.385263010167385 ], [ 8.539891318737713, 47.385311134577961 ], [ 8.539891308387302, 47.385311210167401 ], [ 8.539880608387264, 47.38539891016741 ], [ 8.539868608387222, 47.385484410167443 ], [ 8.539816108387054, 47.385857510167554 ], [ 8.539794808386981, 47.386043610167619 ], [ 8.539740408386812, 47.386416810167773 ], [ 8.539736011022626, 47.386445492974936 ], [ 8.539736008386797, 47.386445510167761 ], [ 8.539726717199375, 47.386505753028004 ], [ 8.53972670838677, 47.386505810167819 ], [ 8.539719621147936, 47.386552126770752 ], [ 8.539719608386752, 47.386552210167842 ], [ 8.539682113219319, 47.386813976429316 ], [ 8.539682108386629, 47.386814010167932 ], [ 8.539656508386546, 47.386992710167995 ], [ 8.539619808386428, 47.387275310168093 ], [ 8.539619672919541, 47.387275983442208 ], [ 8.53958310838633, 47.38745771016815 ], [ 8.539566208386299, 47.387529410168199 ], [ 8.53952390838622, 47.387640810168229 ], [ 8.539394335026691, 47.38786788822987 ], [ 8.53939420838603, 47.387868110168377 ], [ 8.539320808385908, 47.387999810168409 ], [ 8.539227408385772, 47.388173810168524 ], [ 8.53912147436775, 47.388409883294372 ], [ 8.539119308385585, 47.388414710168583 ], [ 8.53908168097392, 47.388531101695712 ], [ 8.539080708385509, 47.388534110168642 ], [ 8.539065108385467, 47.388622210168691 ], [ 8.539059708385448, 47.388682210168682 ], [ 8.539054013542229, 47.388780221417186 ], [ 8.539054008385408, 47.388780310168706 ], [ 8.539054508385407, 47.388801910168716 ], [ 8.539057808385381, 47.388906710168783 ], [ 8.539072108385309, 47.389174310168855 ], [ 8.539087708385225, 47.389477110168912 ], [ 8.539095108385188, 47.389629210169019 ], [ 8.539095127861374, 47.389630590056981 ], [ 8.53909710838515, 47.389770910169027 ], [ 8.539085108385093, 47.389890810169071 ], [ 8.53907080838505, 47.390000010169146 ], [ 8.538961908384826, 47.39038871016929 ] ], [ [ 8.539569105838073, 47.369632785209355 ], [ 8.54050278409691, 47.369755589377327 ] ], [ [ 8.540030408387693, 47.38446831016708 ], [ 8.540035308387715, 47.384404010167067 ], [ 8.54005690838776, 47.384339410167037 ], [ 8.540080408387789, 47.384304710166994 ], [ 8.540089137880386, 47.384292649128966 ] ], [ [ 8.540536508388392, 47.383793410166668 ], [ 8.540564508388405, 47.383849610166735 ], [ 8.540568908388396, 47.383878010166704 ], [ 8.540570308388395, 47.383909410166751 ], [ 8.540561379180323, 47.383919416549134 ], [ 8.540381308388147, 47.384121210166853 ], [ 8.540215908387921, 47.384314810166998 ], [ 8.540206865846351, 47.384325314676346 ], [ 8.540199208387897, 47.384334210166962 ], [ 8.540109808387786, 47.384421210167041 ], [ 8.540030408387693, 47.38446831016708 ] ], [ [ 8.540110917782346, 47.384264321822712 ], [ 8.540411408388241, 47.383903210166764 ], [ 8.54044840838829, 47.383863510166755 ], [ 8.540455599705114, 47.383857788131479 ], [ 8.540536508388392, 47.383793410166668 ] ], [ [ 8.542791508391634, 47.380402210164966 ], [ 8.542777608391608, 47.380432910165013 ], [ 8.542758508391582, 47.380466710165031 ], [ 8.542757520255158, 47.380468369424797 ], [ 8.54272920839154, 47.380515910164995 ], [ 8.542666108391451, 47.380613610165121 ], [ 8.542606308391358, 47.380705010165144 ], [ 8.54252220839124, 47.380825710165198 ], [ 8.542433208391119, 47.38094721016526 ], [ 8.542122295559881, 47.381333562954929 ], [ 8.542110508390678, 47.38134821016547 ], [ 8.541951708390467, 47.381546810165602 ], [ 8.541866408390332, 47.381699010165647 ], [ 8.541811308390237, 47.381850010165707 ], [ 8.541790208390188, 47.381921310165758 ], [ 8.541775808390149, 47.382005410165803 ], [ 8.541771508390134, 47.382042210165771 ], [ 8.541739708390038, 47.382274610165865 ], [ 8.541736504115923, 47.382285504697869 ], [ 8.541726708390005, 47.382318810165891 ], [ 8.54169930838995, 47.382411810165927 ], [ 8.541615508389828, 47.382554310165993 ], [ 8.541528108389706, 47.382675210166063 ], [ 8.54151810838969, 47.382686710166091 ], [ 8.541486408389648, 47.382723310166092 ], [ 8.541407808389542, 47.382818010166169 ], [ 8.541407135413676, 47.382818766493877 ], [ 8.541222108389301, 47.383026710166284 ], [ 8.540928510397364, 47.38336380786042 ], [ 8.540928508388911, 47.383363810166443 ], [ 8.540861708388823, 47.383440510166501 ], [ 8.540536508388392, 47.383793410166668 ] ], [ [ 8.540799708392935, 47.369944010162193 ], [ 8.540764008392912, 47.36990091016218 ], [ 8.540673208392862, 47.369787910162138 ], [ 8.540670057986286, 47.36978486547391 ], [ 8.540658308392848, 47.369773510162162 ], [ 8.540636608392838, 47.369756210162173 ], [ 8.540611308392819, 47.369738210162161 ] ], [ [ 8.541907308394039, 47.369879310161835 ], [ 8.541545608393678, 47.369895110161963 ], [ 8.54141237804407, 47.369898247164649 ], [ 8.54140120839353, 47.369898510162002 ], [ 8.541261708393398, 47.369892210162035 ], [ 8.541202408393344, 47.369891810162045 ], [ 8.54113440839328, 47.369894010162056 ], [ 8.541063708393203, 47.369898810162084 ], [ 8.540993008393132, 47.369906610162133 ], [ 8.540927108393067, 47.369916510162149 ], [ 8.540865108393003, 47.369929010162124 ], [ 8.540819280038477, 47.369939521252654 ] ], [ [ 8.542124574222782, 47.37159848554554 ], [ 8.542514508394047, 47.371735610162268 ], [ 8.542725308394248, 47.371752010162197 ], [ 8.54276410839428, 47.371755010162211 ], [ 8.54276430100817, 47.37175501202708 ], [ 8.542836408394352, 47.371755710162148 ] ], [ [ 8.54209520196296, 47.369901838802633 ], [ 8.542951808395015, 47.369985410161576 ], [ 8.543009008395062, 47.369993310161512 ], [ 8.543060708395114, 47.370002610161578 ], [ 8.543190208395227, 47.370034910161529 ], [ 8.543206566184738, 47.370039166962975 ], [ 8.54328550839532, 47.370059710161527 ], [ 8.543334808395358, 47.370070310161481 ] ], [ [ 8.542615953400388, 47.378538092875949 ], [ 8.542616208392037, 47.37853761016445 ], [ 8.542635708392071, 47.378500910164377 ], [ 8.543079508392779, 47.377632610163992 ] ], [ [ 8.542913308392151, 47.379107410164515 ], [ 8.542634815641531, 47.37973364413152 ], [ 8.542634608391687, 47.379734110164783 ], [ 8.542601108391633, 47.379816110164832 ], [ 8.542587308391601, 47.379853910164854 ], [ 8.542577908391582, 47.379890810164873 ], [ 8.542574208391576, 47.379916510164861 ], [ 8.542574108391559, 47.379949210164888 ], [ 8.54258210839156, 47.379988710164902 ], [ 8.542598008391561, 47.380029210164935 ], [ 8.542614708391572, 47.380054610164883 ], [ 8.542634808391586, 47.380082610164941 ], [ 8.542691008391618, 47.380149610164871 ], [ 8.542743622387841, 47.380213587256478 ], [ 8.542746108391649, 47.380216610164958 ], [ 8.542769808391663, 47.380245810164908 ], [ 8.542780708391668, 47.380263810164934 ], [ 8.542790308391666, 47.380286210164954 ], [ 8.542798708391665, 47.380316210164914 ], [ 8.542800208391665, 47.38034451016496 ], [ 8.542798508391655, 47.380370410164964 ], [ 8.542791508391634, 47.380402210164966 ] ], [ [ 8.543079508392779, 47.377632610163992 ], [ 8.543237908392918, 47.377668710163981 ], [ 8.54323863787277, 47.377668875033827 ], [ 8.54339630839306, 47.377704510163923 ], [ 8.543397699647228, 47.377704819981034 ], [ 8.543420108393079, 47.377709810163893 ], [ 8.543589608393232, 47.377748110163914 ], [ 8.543591826756517, 47.377748352257001 ], [ 8.543724308393358, 47.37776281016383 ], [ 8.543713608393324, 47.377834810163918 ], [ 8.5437134791879, 47.377835826323647 ], [ 8.543609408392967, 47.378654310164201 ], [ 8.543606312349127, 47.378667911405053 ], [ 8.543536908392802, 47.378972810164299 ], [ 8.54324930839231, 47.379663110164635 ], [ 8.543091408392058, 47.379973610164754 ], [ 8.542986008391901, 47.380159210164834 ], [ 8.542985657242747, 47.380159819203989 ], [ 8.542949108391843, 47.380223210164893 ], [ 8.542939812182937, 47.380239403561035 ], [ 8.542939808391829, 47.380239410164869 ], [ 8.54290000839177, 47.380313510164939 ], [ 8.542894108391755, 47.380323810164931 ], [ 8.542881208391739, 47.380340210164924 ], [ 8.54286270839172, 47.380358510164953 ], [ 8.542791508391634, 47.380402210164966 ] ], [ [ 8.543079508392779, 47.377632610163992 ], [ 8.543292408393112, 47.377217110163834 ], [ 8.543327508393165, 47.377155010163769 ], [ 8.543344708393194, 47.377108410163785 ], [ 8.543344708393208, 47.377064010163757 ], [ 8.543339044185702, 47.37702737553122 ], [ 8.543338508393212, 47.377023910163743 ], [ 8.543333908393217, 47.37698721016374 ], [ 8.543328308393228, 47.376942510163708 ], [ 8.543319010360753, 47.37683963193313 ], [ 8.543319008393247, 47.376839610163678 ], [ 8.543315808393272, 47.376756210163663 ], [ 8.543320808393286, 47.376719610163626 ], [ 8.54337500839336, 47.376671510163618 ], [ 8.543415508393418, 47.37661721016358 ], [ 8.543438273226792, 47.376567942986895 ], [ 8.543442308393461, 47.376559210163563 ], [ 8.543483508393525, 47.376461010163503 ], [ 8.543508108393588, 47.376336610163449 ], [ 8.543562108393655, 47.376300210163429 ], [ 8.543609208393702, 47.376286110163441 ], [ 8.543614466175912, 47.376285832725735 ] ], [ [ 8.543334808395358, 47.370070310161481 ], [ 8.543197754794614, 47.370303973695549 ], [ 8.54319620839515, 47.370306610161606 ], [ 8.543153308395084, 47.37038481016166 ], [ 8.543077808394964, 47.37055751016171 ], [ 8.543023908394851, 47.37073511016176 ], [ 8.542976110663975, 47.370964599266664 ], [ 8.542976108394736, 47.370964610161863 ], [ 8.542931508394627, 47.371179710161961 ], [ 8.542873908394476, 47.371484010162092 ], [ 8.542836440356888, 47.371755478582998 ], [ 8.542836408394352, 47.371755710162148 ], [ 8.542832408394334, 47.371802310162202 ], [ 8.542825008394303, 47.37188271016224 ], [ 8.542803508394208, 47.37211751016229 ], [ 8.542792708394161, 47.372231710162346 ], [ 8.542773308394077, 47.372479410162434 ], [ 8.542769808393965, 47.372804510162524 ], [ 8.54276970839393, 47.372919710162563 ], [ 8.54277510839386, 47.373158410162617 ], [ 8.5427949083938, 47.373423810162741 ], [ 8.542815908393777, 47.373576310162747 ], [ 8.542858108393748, 47.373782010162849 ], [ 8.542886808393742, 47.373906910162837 ], [ 8.542938408393727, 47.374103610162869 ], [ 8.542977308393725, 47.374235010162948 ], [ 8.542990408393726, 47.374272110162956 ], [ 8.542990476130875, 47.374272354754673 ], [ 8.54301610839372, 47.374364910162953 ], [ 8.543044608393723, 47.374460110162978 ], [ 8.543044679324678, 47.374460348446654 ], [ 8.543051008393723, 47.374481610163009 ], [ 8.543053008393718, 47.374488010162999 ], [ 8.543054908393719, 47.374494510162954 ], [ 8.54308110839372, 47.374582510163016 ], [ 8.543131508393717, 47.374751110163054 ], [ 8.543131827243975, 47.374752100297997 ], [ 8.543371708393714, 47.375497010163244 ], [ 8.543371808432527, 47.375497402315347 ], [ 8.543384208393714, 47.375546010163255 ], [ 8.543537708393718, 47.376014210163348 ] ], [ [ 8.543506708395817, 47.369128410161125 ], [ 8.543495508395779, 47.369209710161165 ], [ 8.543498408395772, 47.369256910161191 ], [ 8.543503308395763, 47.369305110161214 ], [ 8.543509608395746, 47.369368210161213 ], [ 8.543516308395725, 47.369473110161252 ], [ 8.543516301596044, 47.369473227202477 ], [ 8.543511608395688, 47.369554010161288 ], [ 8.543497508395651, 47.369649810161306 ], [ 8.543463708395587, 47.369764510161367 ], [ 8.543442608395544, 47.369820510161382 ], [ 8.543421808395502, 47.369872810161411 ], [ 8.543396908395462, 47.369937910161489 ], [ 8.54336980839542, 47.369998310161456 ], [ 8.54336921324038, 47.369999534480371 ], [ 8.543334808395358, 47.370070310161481 ] ], [ [ 8.543491324691662, 47.376218157891635 ], [ 8.543492708393632, 47.376137310163408 ], [ 8.543537708393718, 47.376014210163348 ] ], [ [ 8.543537708393718, 47.376014210163348 ], [ 8.543573308393723, 47.376123210163392 ], [ 8.543595808393714, 47.376206510163357 ], [ 8.543597404782922, 47.376215993191835 ], [ 8.543609208393702, 47.376286110163441 ], [ 8.5436094985614, 47.376300928060658 ] ] ] } },
{ "type": "Feature", "properties": { "corridor_id": 1, "corridor_name": "Schaffhauserstrasse - Oerlikonerstrasse - Bucheggstrasse - Berninastrasse", "street_names": "Baumackerstrasse; Berninaplatz; Berninastrasse; Bucheggstrasse; Buchmattweg; Guggachstrasse; Hirschwiesenstrasse; Langackerstrasse; Oerlikonerstrasse; Schaffhauserstrasse; Wehntalerstrasse", "n_edges": 109, "length_m": 3428.1119842871685, "length_km": 3.4281119842871686, "mean_score": 51.521452922706409, "total_score": 5676.031469720514, "pair_count_max": 198, "neighborhood_span": 34, "climb_saved_m": 3739.3291578622157, "mean_abs_grade": 0.017498223746243324, "max_grade": 0.054496066205964727, "elev_min_m": 444.3260498046875, "elev_max_m": 478.39761352539062, "elev_range_m": 34.071563720703125, "gain_per_km": 13.197023741203099, "low_stress_share": 0.16405692863632446, "mode": "walk", "n_pieces": 2, "neighborhoods": "Oerlikon; Unterstrass", "end_a_lon": 8.539036, "end_a_lat": 47.39248, "end_b_lon": 8.544934, "end_b_lat": 47.408625, "corridor_uid": "walk-1" }, "geometry": { "type": "MultiLineString", "coordinates": [ [ [ 8.533952394947553, 47.397785807029557 ], [ 8.534117208377811, 47.397821510173067 ], [ 8.534367383927416, 47.397860928394053 ], [ 8.534386308378062, 47.397863910173008 ], [ 8.534640208378303, 47.397890210172932 ], [ 8.534923374791523, 47.397898664126608 ], [ 8.534985208378632, 47.397900510172846 ], [ 8.535122008378767, 47.397892610172789 ], [ 8.535206108378857, 47.397871110172751 ], [ 8.535257271046728, 47.397859362085008 ] ], [ [ 8.535335608378988, 47.397839010172746 ], [ 8.535384008379031, 47.397869710172714 ], [ 8.53540920837905, 47.397879710172688 ], [ 8.535415681507162, 47.397882258966874 ], [ 8.535441208379076, 47.397892310172722 ], [ 8.535517308379156, 47.397899810172667 ], [ 8.535564908379195, 47.397898410172637 ] ], [ [ 8.535564908379195, 47.397898410172637 ], [ 8.535568081479486, 47.397898315766376 ] ], [ [ 8.535569978511786, 47.397871734361502 ], [ 8.535564908379195, 47.397898410172637 ] ], [ [ 8.535564908379195, 47.397898410172637 ], [ 8.535546808379152, 47.397997410172692 ], [ 8.535715308379302, 47.398008310172614 ], [ 8.535766792174316, 47.398017819306411 ], [ 8.535768908379358, 47.398018210172658 ], [ 8.535959408379531, 47.398053510172609 ], [ 8.536082508379637, 47.3980819101726 ], [ 8.536288512469651, 47.398109770153674 ], [ 8.536288808379831, 47.398109810172514 ], [ 8.536381408379917, 47.398121810172526 ], [ 8.536861508380365, 47.3981961101724 ], [ 8.536861803983971, 47.398196150439823 ], [ 8.537020808380511, 47.398217810172362 ], [ 8.537428908380887, 47.398273410172244 ], [ 8.537979408381396, 47.398355710172083 ], [ 8.538005108381435, 47.398307410172038 ] ], [ [ 8.538005108381435, 47.398307410172038 ], [ 8.538007066972016, 47.398303749855287 ] ], [ [ 8.538000656298047, 47.39830521723141 ], [ 8.538005108381435, 47.398307410172038 ] ], [ [ 8.538005108381435, 47.398307410172038 ], [ 8.5380796083815, 47.398332710172077 ], [ 8.538114008381534, 47.398342710172066 ], [ 8.538631508382011, 47.398425410171924 ], [ 8.538866203259021, 47.398462101330132 ], [ 8.539018233189605, 47.398485869016511 ] ], [ [ 8.539036445780855, 47.392479847033449 ], [ 8.539036808384246, 47.392481310169963 ], [ 8.539105742873559, 47.392768752112595 ], [ 8.539106308384223, 47.392771110169981 ], [ 8.539137245608952, 47.393018907360769 ], [ 8.539137308384181, 47.393019410170105 ], [ 8.539217408384125, 47.393417610170175 ], [ 8.539220608384129, 47.393433510170148 ], [ 8.539250408384149, 47.393465910170207 ], [ 8.539307308384137, 47.393673110170219 ], [ 8.539307724728976, 47.393675049535979 ], [ 8.539365508384115, 47.393944210170282 ], [ 8.539368229581481, 47.393955661362838 ], [ 8.539409708384099, 47.394130210170353 ], [ 8.539490308384106, 47.394356410170367 ], [ 8.539600208384137, 47.394591510170393 ], [ 8.539674908384171, 47.394730710170457 ], [ 8.539829708384225, 47.395042010170513 ], [ 8.539918508384257, 47.39520751017055 ], [ 8.540009308384301, 47.395332210170551 ], [ 8.540038208384324, 47.395371310170553 ], [ 8.540075208384343, 47.395416910170546 ], [ 8.540137884709553, 47.395490647023699 ], [ 8.540141508384389, 47.395494910170548 ], [ 8.540155419470841, 47.395517401148666 ], [ 8.540158208384392, 47.395521910170558 ], [ 8.540380808384498, 47.395869910170639 ], [ 8.540425656450873, 47.395939985274282 ], [ 8.540427208384525, 47.395942410170647 ], [ 8.540446955132072, 47.395973241177444 ], [ 8.540448408384529, 47.395975510170636 ], [ 8.540474408384547, 47.396018510170627 ], [ 8.540495908384546, 47.396075810170686 ], [ 8.540496661052487, 47.396077000378519 ], [ 8.540586908384588, 47.396219710170683 ] ], [ [ 8.540586908384588, 47.396219710170683 ], [ 8.540588245508522, 47.39622181373997 ], [ 8.540731708384659, 47.396447510170709 ], [ 8.540734444953152, 47.396450467750675 ], [ 8.540841908384735, 47.396566610170694 ], [ 8.540904008384757, 47.396670110170746 ], [ 8.540925808384769, 47.396706310170742 ], [ 8.540939679354802, 47.396729647140553 ] ], [ [ 8.53919520838255, 47.39845451017181 ], [ 8.539217508382562, 47.398461010171779 ], [ 8.539304908382643, 47.398486510171765 ], [ 8.539323708382662, 47.398492010171793 ] ], [ [ 8.539323708382662, 47.398492010171793 ], [ 8.539323711106677, 47.398492010970173 ] ], [ [ 8.539323740120288, 47.398491976695105 ], [ 8.539323708382662, 47.398492010171793 ] ], [ [ 8.539323708382662, 47.398492010171793 ], [ 8.539260008382579, 47.398559510171793 ], [ 8.539416708382715, 47.398599710171801 ] ], [ [ 8.539416708382715, 47.398599710171801 ], [ 8.539418987253901, 47.398600156334865 ] ], [ [ 8.539419005339489, 47.398597413215043 ], [ 8.539416708382715, 47.398599710171801 ] ], [ [ 8.539416708382715, 47.398599710171801 ], [ 8.53937890838267, 47.398637510171817 ], [ 8.539364208382645, 47.398660710171825 ], [ 8.539359503992008, 47.398681182982884 ], [ 8.539358808382634, 47.39868421017183 ], [ 8.539354608382625, 47.398702310171842 ], [ 8.539351508382614, 47.398716010171832 ] ], [ [ 8.542047833164844, 47.399095495655736 ], [ 8.542037008385101, 47.399119310171187 ], [ 8.542032008385087, 47.399130310171174 ], [ 8.540546482977373, 47.39892009855869 ], [ 8.540492872332393, 47.39891251229993 ], [ 8.540381908383562, 47.398896810171578 ], [ 8.540356408383536, 47.398893010171605 ], [ 8.540296108383481, 47.398883910171591 ], [ 8.5402093083834, 47.398870610171628 ], [ 8.540171608383377, 47.398841810171582 ], [ 8.53969430838294, 47.39876241017177 ], [ 8.539647843323703, 47.398755499841698 ] ], [ [ 8.542576008385497, 47.399532210171138 ], [ 8.542520608385473, 47.399411310171132 ], [ 8.542444908385443, 47.399294310171122 ], [ 8.542374808385402, 47.399188710171138 ], [ 8.542271408385357, 47.39903081017107 ], [ 8.542146408385291, 47.398838710171042 ], [ 8.541816308385132, 47.398326710170998 ], [ 8.541816021271867, 47.398326264629652 ], [ 8.541529608384989, 47.397881810170936 ], [ 8.541226208384838, 47.397410410170878 ], [ 8.541034008384747, 47.397111810170813 ], [ 8.541022508384749, 47.397094010170839 ], [ 8.541003308384733, 47.397064010170823 ], [ 8.541002085510089, 47.397062291536209 ], [ 8.540944108384702, 47.39698081017081 ], [ 8.54089470838468, 47.396909610170809 ], [ 8.540794126481021, 47.396778510245689 ], [ 8.540792208384619, 47.396776010170775 ], [ 8.540456208384454, 47.396257910170725 ], [ 8.540456043484578, 47.396257659160355 ] ], [ [ 8.540456256244687, 47.396257896182505 ], [ 8.540586908384588, 47.396219710170683 ] ], [ [ 8.542576008385497, 47.399532210171138 ], [ 8.542476708385429, 47.399428010171171 ], [ 8.542397608385389, 47.399302910171158 ], [ 8.542334808385355, 47.399223310171131 ], [ 8.54230560838533, 47.399203910171146 ], [ 8.542280008385308, 47.399186810171116 ], [ 8.542243408385287, 47.399162410171151 ], [ 8.542168908385225, 47.399128010171133 ], [ 8.542073887133135, 47.399102152444186 ], [ 8.542048008385112, 47.39909511017121 ], [ 8.541999708385076, 47.399082510171219 ], [ 8.541955757813515, 47.399075454828598 ] ], [ [ 8.542576008385497, 47.399532210171138 ], [ 8.542655308385561, 47.399569710171136 ], [ 8.542703108385604, 47.399582110171117 ], [ 8.54275030838564, 47.399593310171113 ], [ 8.54279180838568, 47.399599410171113 ], [ 8.542818008385705, 47.39959921017109 ], [ 8.542941308385783, 47.399742410171108 ], [ 8.542949706393523, 47.399750609088166 ], [ 8.542987708385812, 47.399787710171061 ], [ 8.543108108385892, 47.399904110171128 ], [ 8.54320140838596, 47.399977210171123 ], [ 8.543214987912293, 47.399987109482772 ], [ 8.543259708386005, 47.400019710171101 ] ], [ [ 8.543259708386005, 47.400019710171101 ], [ 8.543272262444619, 47.400027794021213 ], [ 8.543306608386038, 47.40004991017112 ], [ 8.543317160408051, 47.400056134938481 ], [ 8.543352208386075, 47.4000768101711 ], [ 8.543359743282089, 47.400081611261413 ], [ 8.543563608386238, 47.400211510171083 ], [ 8.543656581148344, 47.400272044126481 ], [ 8.543664208386318, 47.400277010171052 ], [ 8.543799496717307, 47.400368202507039 ], [ 8.543813008386426, 47.400377310171088 ], [ 8.54400680838655, 47.40059491017108 ] ], [ [ 8.545177212027784, 47.402883314034312 ], [ 8.544956508386857, 47.402578410171444 ], [ 8.544867210169015, 47.402540656028563 ], [ 8.544850308386764, 47.40253351017143 ], [ 8.544432294576144, 47.401988490975384 ], [ 8.544430008386529, 47.4019855101714 ], [ 8.5443752083865, 47.401905410171402 ], [ 8.544309108386463, 47.401817410171383 ], [ 8.544308867782046, 47.401817098209008 ], [ 8.544282808386448, 47.401783310171382 ], [ 8.544249608386428, 47.401740210171354 ], [ 8.543734308386135, 47.401071510171327 ], [ 8.543708823012549, 47.40103712990269 ], [ 8.543708808386121, 47.401037110171309 ], [ 8.543650408386094, 47.400950110171323 ], [ 8.543649530060733, 47.400948969533907 ], [ 8.54347260838599, 47.400719210171282 ], [ 8.543380724214554, 47.40059864940644 ], [ 8.543380008385945, 47.400597710171283 ], [ 8.543301012114053, 47.400494058383828 ], [ 8.543299908385894, 47.400492610171234 ], [ 8.543063427321622, 47.400192279219745 ], [ 8.543059908385759, 47.400187810171239 ], [ 8.542982008385719, 47.400063110171182 ], [ 8.5429276083857, 47.399977410171168 ], [ 8.542861208385652, 47.399911910171184 ], [ 8.542806008385618, 47.399850710171215 ], [ 8.542755308385587, 47.399792110171184 ], [ 8.542726708385571, 47.399752610171191 ], [ 8.542712708385563, 47.399733310171172 ], [ 8.542700638314148, 47.399716555006243 ], [ 8.542697508385555, 47.399712210171153 ], [ 8.542576008385497, 47.399532210171138 ] ], [ [ 8.543260414489716, 47.400019211230038 ], [ 8.543259708386005, 47.400019710171101 ] ], [ [ 8.543259708386005, 47.400019710171101 ], [ 8.543202766762024, 47.40005987606412 ] ], [ [ 8.543232490404318, 47.400084552583273 ], [ 8.54324140838596, 47.400090910171144 ], [ 8.5432729211914, 47.400112389956028 ], [ 8.543379608386068, 47.400185110171122 ], [ 8.543694308386312, 47.400390310171126 ], [ 8.54374680838635, 47.400423810171105 ], [ 8.543757532056381, 47.400431122327099 ], [ 8.543920008386483, 47.4005419101711 ], [ 8.54400680838655, 47.40059491017108 ] ], [ [ 8.547374908389008, 47.403196810170911 ], [ 8.546416008388327, 47.402397410170927 ], [ 8.54635930838829, 47.40235011017095 ], [ 8.546359286069332, 47.40235009159678 ], [ 8.546061308388071, 47.402102110170972 ], [ 8.546061305376448, 47.402102107664199 ], [ 8.546026708388052, 47.402073310170969 ], [ 8.546026706349146, 47.402073308473817 ], [ 8.545958108387996, 47.402016210170949 ], [ 8.545497408387671, 47.401636610170939 ], [ 8.545497306538129, 47.401636525976393 ], [ 8.545367608387579, 47.401529310170979 ], [ 8.545319208387543, 47.401489410170981 ], [ 8.545318981418882, 47.401489221781958 ], [ 8.545273908387513, 47.40145181017099 ], [ 8.545227008387482, 47.401414510170945 ], [ 8.545141508387415, 47.401348810170973 ], [ 8.545073008387362, 47.401298810170999 ], [ 8.544856408387204, 47.401150010171001 ], [ 8.544596708386999, 47.400983710171047 ], [ 8.544295646951886, 47.400785929672544 ], [ 8.54429500838677, 47.40078551017104 ], [ 8.54400680838655, 47.40059491017108 ] ], [ [ 8.547374908389008, 47.403196810170911 ], [ 8.547518808389139, 47.403232310170885 ], [ 8.547638608389228, 47.403303910170884 ], [ 8.547795608389357, 47.403381410170851 ], [ 8.547830608389388, 47.403396910170841 ], [ 8.547853811361, 47.403407254829048 ] ], [ [ 8.547374908389008, 47.403196810170911 ], [ 8.547705744405178, 47.403444546069352 ], [ 8.547734408389273, 47.403466010170902 ], [ 8.547756526329403, 47.403482558557307 ], [ 8.547789608389316, 47.403507310170916 ], [ 8.547844522127207, 47.403552725316302 ], [ 8.547882108389381, 47.403583810170893 ], [ 8.548007008389456, 47.403723910170925 ], [ 8.548090008389503, 47.403842910170923 ], [ 8.548150108389519, 47.403952910170936 ], [ 8.548206908389535, 47.404104410170987 ], [ 8.548210798694829, 47.404119686735676 ] ], [ [ 8.547981523055588, 47.403346966951283 ], [ 8.547980508389546, 47.403347410170824 ], [ 8.547969008389533, 47.403352410170825 ], [ 8.547901699879194, 47.403381869561329 ], [ 8.54789840838945, 47.403383310170845 ], [ 8.547889608389445, 47.403387110170826 ], [ 8.547857367664765, 47.403405994023878 ], [ 8.547854608389409, 47.403407610170859 ], [ 8.547782008389332, 47.403434110170892 ], [ 8.547764708389307, 47.403441710170895 ], [ 8.547737891319935, 47.403463216929488 ] ], [ [ 8.54809018578316, 47.406619103105605 ], [ 8.54808000838862, 47.406629310171802 ], [ 8.54799620838852, 47.406706310171849 ], [ 8.547824408388303, 47.406854010171962 ], [ 8.547477708387875, 47.407155310172122 ], [ 8.547265208387616, 47.407337210172294 ], [ 8.547140468389495, 47.407451473085025 ], [ 8.547125908387439, 47.4074648101723 ], [ 8.547046008387333, 47.407547910172376 ], [ 8.546979408387244, 47.407626110172458 ], [ 8.546919408387163, 47.407704410172485 ], [ 8.546846608387062, 47.407816010172539 ], [ 8.546793308386976, 47.407915710172588 ], [ 8.546761108386924, 47.407982210172626 ], [ 8.546737308386881, 47.408040310172652 ], [ 8.546712308386834, 47.408107710172651 ], [ 8.546681908386773, 47.408222910172746 ], [ 8.546592695942925, 47.408209661743605 ], [ 8.546588308386687, 47.408209010172747 ], [ 8.546307108386424, 47.408166710172807 ], [ 8.546250040061903, 47.408164191394334 ], [ 8.546227808386348, 47.408163210172859 ], [ 8.546175108386297, 47.408161410172845 ], [ 8.546094308386218, 47.408165410172884 ], [ 8.54595420838608, 47.408192910172929 ], [ 8.54580485190524, 47.408256716201812 ], [ 8.545776308385879, 47.408268910172978 ], [ 8.545375384163291, 47.4084402028749 ], [ 8.545356408385418, 47.408448310173178 ], [ 8.545253708385303, 47.408492210173215 ], [ 8.544933801341726, 47.408624762456107 ] ], [ [ 8.54833720838942, 47.404858810171127 ], [ 8.548362408389403, 47.405017710171272 ], [ 8.548369608389372, 47.405137310171305 ], [ 8.548372308389283, 47.405427710171317 ], [ 8.548372908111155, 47.405769651654715 ], [ 8.548372908389176, 47.405769810171456 ], [ 8.548372808389129, 47.405909810171529 ], [ 8.548398508389138, 47.405965110171515 ], [ 8.548409608389127, 47.406033710171528 ], [ 8.54840370838911, 47.406081210171571 ], [ 8.548401613656392, 47.406088707109696 ], [ 8.548384708389063, 47.406149210171563 ], [ 8.548362908389024, 47.406210210171587 ], [ 8.548328908388971, 47.406290610171645 ], [ 8.548256008388854, 47.406439110171682 ], [ 8.548235308388822, 47.406474910171752 ], [ 8.548226744419205, 47.406488269964299 ], [ 8.548217808388799, 47.406502210171737 ], [ 8.548189708388758, 47.40653731017175 ], [ 8.548114308388666, 47.406594910171805 ] ] ] } },
{ "type": "Feature", "properties": { "corridor_id": 2, "corridor_name": "Winterthurerstrasse - Berninastrasse - Stettbachstrasse - Binzwiesenstrasse", "street_names": "Berninastrasse; Binzwiesenstrasse; Heinrich-Bosshardt-Strasse; Hüttenkopfstrasse; Regensbergstrasse; Schwamendingenstrasse; Stettbachstrasse; Winterthurerstrasse", "n_edges": 90, "length_m": 3615.1660181407042, "length_km": 3.6151660181407044, "mean_score": 54.395157994885842, "total_score": 4895.5642195397259, "pair_count_max": 132, "neighborhood_span": 34, "climb_saved_m": 5617.2724768956878, "mean_abs_grade": 0.019193240182004297, "max_grade": 0.072200287201926797, "elev_min_m": 435.19622802734375, "elev_max_m": 468.39596557617188, "elev_range_m": 33.199737548828125, "gain_per_km": 8.3742719955340039, "low_stress_share": 0.33416807796173748, "mode": "walk", "n_pieces": 1, "neighborhoods": "Oerlikon; Schwamendingen-Mitte", "end_a_lon": 8.548017, "end_a_lat": 47.403332, "end_b_lon": 8.57623, "end_b_lat": 47.402773, "corridor_uid": "walk-2" }, "geometry": { "type": "MultiLineString", "coordinates": [ [ [ 8.553223708394896, 47.402508210169003 ], [ 8.553061662983083, 47.402521464806057 ], [ 8.553061108394729, 47.402521510169052 ], [ 8.55267056701063, 47.402551651289727 ], [ 8.552668508394335, 47.402551810169172 ], [ 8.552498608394165, 47.402574410169215 ], [ 8.552394568697455, 47.402589654806064 ], [ 8.552393508394065, 47.402589810169296 ], [ 8.552285208393947, 47.402608710169332 ], [ 8.55218310839385, 47.40262701016934 ], [ 8.55218307986458, 47.402627015601432 ], [ 8.552118508393784, 47.402639310169356 ], [ 8.551776508393422, 47.402723710169511 ], [ 8.551534608393167, 47.402783510169606 ], [ 8.551525639401659, 47.402785726344838 ], [ 8.551431408393062, 47.402809010169626 ], [ 8.551091408392715, 47.402862610169734 ], [ 8.550801508392425, 47.40288541016983 ], [ 8.550604008392236, 47.402888310169899 ], [ 8.550601881326928, 47.402888372880177 ], [ 8.550478508392105, 47.402892010169921 ], [ 8.550360685844671, 47.402883504522535 ], [ 8.550356608391994, 47.402883210169954 ], [ 8.550116524420178, 47.40286265601312 ], [ 8.550104308391756, 47.402861610170042 ], [ 8.549902908391571, 47.402847210170087 ], [ 8.549721108391392, 47.402838510170135 ], [ 8.549472408391148, 47.402850810170243 ], [ 8.549235308390905, 47.402880710170251 ], [ 8.548934508390593, 47.402950210170431 ], [ 8.548660808390302, 47.40305121017051 ], [ 8.548180608389767, 47.403260110170706 ], [ 8.548153208389742, 47.403272010170731 ], [ 8.548129464484687, 47.40328237263104 ], [ 8.548124108389709, 47.403284710170745 ], [ 8.548016908389586, 47.40333151017078 ] ], [ [ 8.549792802807969, 47.402887162803033 ], [ 8.549786708391444, 47.402886810170131 ], [ 8.549601608391264, 47.402888110170203 ], [ 8.549438108391099, 47.40290021017023 ], [ 8.549267508390926, 47.402917910170302 ], [ 8.54910490839076, 47.40295561017038 ], [ 8.548975508390624, 47.402986610170409 ], [ 8.548838108390481, 47.403032810170465 ], [ 8.54870510839033, 47.403085710170487 ], [ 8.548412308390004, 47.403214010170643 ], [ 8.548184108389759, 47.403312210170704 ], [ 8.548158008389727, 47.403326210170746 ], [ 8.548144108389712, 47.403340110170738 ], [ 8.548140893465945, 47.403346571231118 ] ], [ [ 8.55010486342429, 47.402858764750121 ], [ 8.550104308391756, 47.402861610170042 ], [ 8.550096608391735, 47.40290751017001 ] ], [ [ 8.551972008393937, 47.401670610169099 ], [ 8.552327408394229, 47.401846410169099 ], [ 8.552473508394346, 47.401932910169052 ], [ 8.552698708394514, 47.402081110168986 ], [ 8.552857908394639, 47.402171510168991 ], [ 8.553276108394989, 47.402357410168968 ], [ 8.553410008395096, 47.402416910168931 ], [ 8.553458208395135, 47.402438410168941 ], [ 8.553461873928379, 47.402440015751139 ], [ 8.554129408395699, 47.402732410168831 ], [ 8.554328708395872, 47.402793110168773 ], [ 8.554698708396197, 47.402904310168715 ], [ 8.554858008396339, 47.402946710168656 ], [ 8.554860645437493, 47.402947413379636 ], [ 8.5550425083965, 47.402995910168642 ], [ 8.555292208396727, 47.403049110168588 ], [ 8.555362894182782, 47.403057381909484 ], [ 8.555367408396792, 47.403057910168584 ], [ 8.55552310839694, 47.403078710168522 ], [ 8.555601108397012, 47.40309071016852 ], [ 8.555664754270556, 47.403105236205604 ], [ 8.555676908397084, 47.403108010168488 ], [ 8.555751808397142, 47.403125110168432 ], [ 8.556989708398248, 47.403450810168223 ], [ 8.557145308398388, 47.403495110168208 ], [ 8.557297808398515, 47.403547510168139 ], [ 8.557604516279987, 47.403676504100687 ], [ 8.557606908398773, 47.403677510168102 ], [ 8.557682308398833, 47.403707110168078 ], [ 8.558243308399337, 47.403848310168009 ], [ 8.558308508399399, 47.403865910167987 ], [ 8.558308513909921, 47.403865911564637 ], [ 8.558446208399518, 47.403900810167961 ], [ 8.558563008399624, 47.40393051016791 ], [ 8.558565149617145, 47.403931070196045 ], [ 8.55894190839996, 47.404029610167846 ], [ 8.559258808400241, 47.404109610167801 ], [ 8.559606508400563, 47.404160010167729 ], [ 8.559939808400882, 47.404180510167592 ], [ 8.560680908401588, 47.404192610167364 ], [ 8.560735048574738, 47.40419346651457 ], [ 8.560737808401642, 47.404193510167353 ], [ 8.560894608401794, 47.40419701016733 ], [ 8.560968708401868, 47.404206810167288 ], [ 8.561024508401909, 47.404234410167284 ], [ 8.561742308402625, 47.404171410167081 ], [ 8.561958108402839, 47.404148310166988 ], [ 8.562031308402918, 47.404139310166997 ], [ 8.562042508402929, 47.404138310166942 ], [ 8.562043121017027, 47.404138308854641 ], [ 8.562556008403424, 47.404137210166823 ], [ 8.56271630840358, 47.404136010166795 ] ], [ [ 8.553223708394896, 47.402508210169003 ], [ 8.552837108394577, 47.402324510169073 ], [ 8.552575308394344, 47.402234310169106 ] ], [ [ 8.553139150824734, 47.40315447709856 ], [ 8.553315808394757, 47.403223910169217 ], [ 8.553535908394945, 47.40330381016917 ], [ 8.553799608395185, 47.40337491016912 ], [ 8.553801121215702, 47.403375358576682 ], [ 8.553935908395299, 47.403415310169109 ], [ 8.554045708395391, 47.403440010169064 ], [ 8.554265208395595, 47.403495310169042 ], [ 8.554318590219426, 47.40351416089333 ], [ 8.554327508395646, 47.403517310169015 ], [ 8.55435649211298, 47.403527481236004 ], [ 8.554365408395673, 47.403530610169014 ], [ 8.554889508396142, 47.403675110168884 ], [ 8.555029508396263, 47.403723110168897 ], [ 8.555155808396371, 47.403779910168844 ], [ 8.55519489663755, 47.403801188420019 ], [ 8.555197508396402, 47.403802610168846 ], [ 8.555206908396407, 47.40380701016884 ], [ 8.555356508396523, 47.403896310168847 ], [ 8.5554595083966, 47.403966410168827 ], [ 8.555558608396668, 47.404053910168827 ], [ 8.555655338870791, 47.40415471350493 ], [ 8.555672608396746, 47.404172710168822 ], [ 8.555731208396773, 47.404260210168857 ], [ 8.555772308396785, 47.404334510168844 ], [ 8.555803808396796, 47.404413410168878 ], [ 8.555812999070735, 47.404445792262997 ], [ 8.555814508396798, 47.404451110168893 ], [ 8.555828608396792, 47.404501110168873 ], [ 8.555885729096234, 47.404497079276169 ], [ 8.555886708396848, 47.404497010168861 ], [ 8.555961534356346, 47.404491672389639 ], [ 8.55596380839693, 47.404491510168867 ], [ 8.556422408397387, 47.404459110168709 ], [ 8.556600408397561, 47.404449310168651 ], [ 8.556652508397594, 47.404493110168666 ], [ 8.556744096559823, 47.404535604676219 ], [ 8.556744108397666, 47.404535610168644 ], [ 8.556993808397879, 47.404651610168564 ], [ 8.557336108398214, 47.404617910168461 ], [ 8.557412308398289, 47.404610510168467 ], [ 8.557720608398597, 47.404585210168392 ], [ 8.558178108399058, 47.404544010168195 ], [ 8.55826230839914, 47.404538010168153 ], [ 8.558263805817282, 47.404537866230363 ], [ 8.558326808399206, 47.40453181016818 ], [ 8.559060208399933, 47.404463010167923 ], [ 8.55906299193204, 47.404462726105649 ], [ 8.559260108400135, 47.404442610167877 ], [ 8.559377508400255, 47.404434010167847 ], [ 8.55938076317792, 47.404433838288824 ], [ 8.559824408400692, 47.404410410167706 ], [ 8.560767408401619, 47.404370210167379 ], [ 8.560767554300226, 47.404370199801235 ], [ 8.561032008401886, 47.404351410167365 ], [ 8.561787508402638, 47.404265410167078 ], [ 8.561938908402789, 47.404248210167033 ], [ 8.562064121962354, 47.404233367827828 ], [ 8.562064608402917, 47.404233310166951 ], [ 8.562127408402977, 47.404225910166936 ], [ 8.562282708403135, 47.404203510166894 ], [ 8.56271630840358, 47.404136010166795 ] ], [ [ 8.555231839901499, 47.403222024934102 ], [ 8.555187308396576, 47.40321041016864 ], [ 8.554642108396093, 47.403059510168774 ], [ 8.554412508395894, 47.402989110168811 ], [ 8.554079008395613, 47.402868310168898 ], [ 8.553409208395049, 47.402586810168977 ], [ 8.553380908395024, 47.402575010168988 ], [ 8.553349108394992, 47.402561610168988 ], [ 8.553348928692463, 47.402561533644942 ], [ 8.553223708394896, 47.402508210169003 ] ], [ [ 8.555277228615257, 47.403234242527667 ], [ 8.555277408396652, 47.403233910168666 ], [ 8.55529380839668, 47.403203710168633 ], [ 8.555309508396705, 47.403175810168641 ], [ 8.55532161995191, 47.403155248691206 ], [ 8.555322408396727, 47.403153910168626 ], [ 8.555334608396741, 47.403133510168622 ], [ 8.555356308396769, 47.403089210168588 ], [ 8.555367041755309, 47.403058944031528 ] ], [ [ 8.568181526803688, 47.403865319276278 ], [ 8.568181408408952, 47.403865310165124 ], [ 8.568022608408807, 47.403854210165115 ], [ 8.567668898907723, 47.403826325183402 ], [ 8.567668708408478, 47.403826310165257 ], [ 8.567538208408349, 47.403814210165287 ], [ 8.567131708407963, 47.403782310165383 ], [ 8.567082821698344, 47.403778692548904 ], [ 8.567081708407919, 47.403778610165418 ], [ 8.566806519351449, 47.403758549469167 ], [ 8.56680460840766, 47.403758410165473 ], [ 8.566470408407335, 47.40373391016557 ], [ 8.566257537899393, 47.40373067296435 ], [ 8.566253408407132, 47.40373061016561 ], [ 8.565999148715985, 47.403738145961015 ], [ 8.565993608406881, 47.403738310165693 ], [ 8.565807608406686, 47.403750310165755 ], [ 8.563506508404382, 47.40403331016654 ], [ 8.563115008403978, 47.404087010166634 ], [ 8.56271630840358, 47.404136010166795 ] ], [ [ 8.568181408408952, 47.403865310165124 ], [ 8.568192908408983, 47.403804310165086 ], [ 8.568192945775927, 47.403804140345272 ] ], [ [ 8.568519674826931, 47.403827744780337 ], [ 8.568639108409405, 47.403836310164998 ], [ 8.568925721162865, 47.403854702893241 ], [ 8.56896790840972, 47.403857410164861 ], [ 8.569223908409965, 47.403865310164768 ], [ 8.569365608410108, 47.403857510164755 ], [ 8.569585874406348, 47.403845463298538 ], [ 8.56968740841042, 47.403839910164677 ], [ 8.569746208410479, 47.403836710164654 ], [ 8.569877573729929, 47.403821558177924 ], [ 8.57001930841075, 47.403805210164535 ], [ 8.57007450841081, 47.403798710164558 ], [ 8.570121708410854, 47.403792910164547 ], [ 8.570230628398933, 47.403779471445503 ], [ 8.570273805660637, 47.403774144167159 ], [ 8.570384308411123, 47.403760510164453 ], [ 8.570976408411713, 47.403691210164254 ], [ 8.571219908411953, 47.403666110164146 ], [ 8.571277603624456, 47.403659098266395 ], [ 8.571465108412205, 47.403636310164082 ], [ 8.571501952413831, 47.403640124820804 ] ], [ [ 8.570074669256755, 47.403796385209517 ], [ 8.570075608410809, 47.403782810164543 ], [ 8.570077408410823, 47.403768110164542 ], [ 8.570082108410832, 47.403752710164476 ], [ 8.570106708410872, 47.403704210164477 ], [ 8.570108409643707, 47.403701004137488 ], [ 8.570152608410943, 47.40361771016444 ], [ 8.570153607029164, 47.403615746971823 ], [ 8.570249408411085, 47.403427410164355 ] ], [ [ 8.576230308417079, 47.402772510162421 ], [ 8.576124608416965, 47.40283201016247 ], [ 8.576014908416843, 47.402882710162515 ], [ 8.576001716081498, 47.402887552260644 ], [ 8.57586260841668, 47.402938610162593 ], [ 8.575620808416415, 47.403018210162642 ], [ 8.575605141196615, 47.403023402568692 ], [ 8.574941908415695, 47.403243210162955 ], [ 8.574860408415605, 47.403267210162944 ], [ 8.574843541116421, 47.403271650548852 ], [ 8.57469630841543, 47.403310410163016 ], [ 8.574288508415009, 47.40341591016319 ], [ 8.574152508414864, 47.403440910163226 ], [ 8.574149513388603, 47.403441192538196 ], [ 8.574087808414799, 47.403447010163262 ], [ 8.573952808414672, 47.403444910163259 ], [ 8.573838708414566, 47.403430010163341 ], [ 8.573729708414469, 47.403402510163332 ], [ 8.573648369660937, 47.403378969771218 ], [ 8.573644708414392, 47.403377910163364 ], [ 8.572735608413597, 47.403118510163544 ], [ 8.572726203081713, 47.403116435286805 ], [ 8.572412408413307, 47.403047210163635 ], [ 8.572248008413156, 47.403021510163697 ], [ 8.572241365588365, 47.403020472450642 ], [ 8.572157108413071, 47.403007310163652 ], [ 8.571911008412842, 47.40298231016375 ], [ 8.571898508412808, 47.403044110163762 ], [ 8.571891779927071, 47.403049930133136 ], [ 8.571701508412566, 47.403214510163885 ], [ 8.571654808412498, 47.403272310163892 ], [ 8.571593508412404, 47.403405210163989 ], [ 8.571529808412304, 47.403510810163993 ], [ 8.571465155884775, 47.403636218080486 ] ] ] } },
{ "type": "Feature", "properties": { "corridor_id": 3, "corridor_name": "Winterthurerstrasse - Universitätstrasse", "street_names": "Universitätstrasse; Winterthurerstrasse", "n_edges": 45, "length_m": 2469.9775048435404, "length_km": 2.4699775048435404, "mean_score": 52.901241673126606, "total_score": 2389.3788580946693, "pair_count_max": 151, "neighborhood_span": 34, "climb_saved_m": 2427.2580660932858, "mean_abs_grade": 0.011063118036754806, "max_grade": 0.053305295613773056, "elev_min_m": 467.3880615234375, "elev_max_m": 489.24032592773438, "elev_range_m": 21.852264404296875, "gain_per_km": 8.3679837767439, "low_stress_share": 0.014821462118488548, "mode": "walk", "n_pieces": 2, "neighborhoods": "Oberstrass; Oerlikon; Unterstrass", "end_a_lon": 8.548178, "end_a_lat": 47.382809, "end_b_lon": 8.552195, "end_b_lat": 47.402132, "corridor_uid": "walk-3" }, "geometry": { "type": "MultiLineString", "coordinates": [ [ [ 8.548178109200753, 47.382808642488705 ], [ 8.548189108395997, 47.383250510164331 ], [ 8.548194808395968, 47.383325410164332 ], [ 8.548194815958945, 47.383325572012033 ], [ 8.548196308395966, 47.383357510164323 ], [ 8.548202608395956, 47.383411610164387 ], [ 8.548220808395902, 47.383648510164448 ], [ 8.548266008395851, 47.383936210164521 ], [ 8.548298708395826, 47.384119610164582 ], [ 8.548306908395814, 47.384185410164562 ], [ 8.548315808395794, 47.384272410164634 ], [ 8.548316569006408, 47.384281259643366 ], [ 8.54833770839574, 47.384527210164691 ], [ 8.548340949734595, 47.384551023200849 ], [ 8.54835270839572, 47.384637410164736 ], [ 8.548438008395625, 47.385210410164859 ], [ 8.548459408395594, 47.38538611016493 ], [ 8.548466708395567, 47.385483710164976 ], [ 8.548467708395547, 47.385565410164965 ], [ 8.548466308395534, 47.385606210164966 ], [ 8.548462108395508, 47.385659110165037 ], [ 8.548458480279221, 47.38569151299658 ], [ 8.548456308395489, 47.385710910165031 ], [ 8.548450208395469, 47.385746410165027 ], [ 8.548443008395454, 47.385774610165065 ], [ 8.548430008395428, 47.385812810165056 ], [ 8.548417808395412, 47.385844910165069 ], [ 8.548405108395388, 47.385873910165131 ], [ 8.548387908395361, 47.38590651016515 ], [ 8.548368408395326, 47.385940510165142 ], [ 8.548348808395296, 47.385970110165154 ], [ 8.548320508395262, 47.386008610165163 ], [ 8.548290808395222, 47.386044510165178 ], [ 8.548257308395179, 47.386081910165181 ], [ 8.548219408395134, 47.386120710165251 ], [ 8.548179808395084, 47.386159710165252 ], [ 8.548123867084659, 47.386212750815119 ], [ 8.548112308394989, 47.386223710165318 ], [ 8.548041208394908, 47.386291410165356 ], [ 8.547977808394828, 47.386353010165372 ], [ 8.547918108394747, 47.386412410165406 ], [ 8.547866608394681, 47.386463510165456 ], [ 8.547655008394409, 47.386683010165576 ], [ 8.547577608394299, 47.386774010165645 ], [ 8.547477124356792, 47.386921320754496 ], [ 8.547476108394161, 47.386922810165707 ], [ 8.547381908394019, 47.387083510165759 ], [ 8.547273608393855, 47.387280710165889 ], [ 8.547056408393525, 47.387674510166029 ], [ 8.5468436083932, 47.388063310166267 ], [ 8.54667410839293, 47.388367110166392 ], [ 8.546533908392725, 47.388592510166497 ], [ 8.546464308392618, 47.388727610166612 ], [ 8.546463984723838, 47.388728194787433 ], [ 8.546361608392463, 47.388913110166691 ], [ 8.546252108392288, 47.389117610166785 ], [ 8.546252071349342, 47.38911767870227 ], [ 8.546190708392203, 47.389231210166827 ], [ 8.546107608392065, 47.389394910166907 ], [ 8.546107027520353, 47.389395989084313 ], [ 8.545894408391732, 47.389790910167086 ], [ 8.545850808391672, 47.389869810167149 ], [ 8.545850180092364, 47.389870948709479 ], [ 8.545693808391427, 47.390154310167269 ], [ 8.545693491784609, 47.390154852921803 ], [ 8.545656008391372, 47.390219110167301 ], [ 8.545593108391266, 47.390346110167336 ], [ 8.545563008391223, 47.39041521016734 ], [ 8.545519541472418, 47.390540327100943 ], [ 8.545519408391138, 47.390540710167443 ], [ 8.545470708391044, 47.390693610167503 ], [ 8.545414908390931, 47.390879210167562 ], [ 8.545414711447274, 47.390879766958918 ], [ 8.545366308390843, 47.39101661016764 ], [ 8.545327504710482, 47.391151287572008 ], [ 8.545327008390762, 47.391153010167692 ], [ 8.545315808390743, 47.391185110167726 ], [ 8.545315208390736, 47.39118691016769 ], [ 8.545270308390647, 47.391337710167782 ], [ 8.545215308390542, 47.391512610167865 ], [ 8.545196708390499, 47.391596910167841 ], [ 8.545178008390451, 47.391693210167929 ], [ 8.545149208390344, 47.391951210167996 ], [ 8.54513938039571, 47.392044435716791 ], [ 8.545138708390303, 47.392050810168023 ], [ 8.545079256567918, 47.392614409465509 ], [ 8.545078908390071, 47.392617710168217 ], [ 8.54503320838989, 47.393050910168391 ], [ 8.545011808389807, 47.393240910168423 ], [ 8.545002726202597, 47.393311471776556 ], [ 8.545002708389772, 47.393311610168489 ], [ 8.544994008389738, 47.393401110168526 ], [ 8.544984908389702, 47.393495810168524 ], [ 8.544961708389611, 47.393734710168609 ], [ 8.544953322619453, 47.39382485719743 ], [ 8.544953308389571, 47.393825010168626 ], [ 8.544949208389541, 47.393909410168682 ], [ 8.544949008389526, 47.3939517101687 ], [ 8.544952108389493, 47.394073410168751 ], [ 8.544965108389473, 47.394184210168788 ], [ 8.545008508389452, 47.394377810168855 ], [ 8.545311708389381, 47.395558110169119 ], [ 8.545322208389377, 47.395599110169115 ], [ 8.545345208389373, 47.395696810169127 ], [ 8.545363808389357, 47.395798110169174 ], [ 8.545370308389343, 47.395849610169158 ], [ 8.545375408389329, 47.395917610169228 ], [ 8.545375124652484, 47.395919512256917 ] ], [ [ 8.547497411706507, 47.399354831034337 ], [ 8.547430508390329, 47.399124110169637 ], [ 8.547348808390305, 47.398928910169573 ], [ 8.54732931052637, 47.39889506026973 ], [ 8.547203308390246, 47.398676310169563 ], [ 8.547016908390136, 47.398433510169511 ], [ 8.546640308389907, 47.398007110169466 ], [ 8.546216308389651, 47.397509810169467 ], [ 8.546016208389544, 47.397247010169416 ], [ 8.545851808389456, 47.397013910169385 ], [ 8.545593707591042, 47.396617339583734 ], [ 8.545581908389318, 47.39659921016937 ], [ 8.545514808389292, 47.396474710169308 ], [ 8.545429508389264, 47.396306410169274 ], [ 8.545357808389232, 47.396181610169293 ], [ 8.54530369912113, 47.39605996163489 ] ], [ [ 8.547496817440797, 47.399366126261398 ], [ 8.547500508390323, 47.399365510169659 ], [ 8.547592608390415, 47.39934841016963 ], [ 8.54767913015502, 47.399308145712098 ], [ 8.54768500839052, 47.399305410169625 ], [ 8.54774230839058, 47.399278810169577 ], [ 8.547910853432603, 47.399200500326948 ] ], [ [ 8.547920844060016, 47.399206757142444 ], [ 8.548010708390841, 47.399274610169485 ], [ 8.548198108390977, 47.399420910169496 ], [ 8.548612908391288, 47.399715710169467 ], [ 8.548716808391376, 47.399757010169452 ], [ 8.548977108391581, 47.399917110169405 ], [ 8.549027544488043, 47.399948079702312 ] ], [ [ 8.549032540393419, 47.399945197389776 ], [ 8.549028408391626, 47.399948610169425 ], [ 8.549001808391584, 47.399970610169419 ], [ 8.54893410839151, 47.400027410169471 ], [ 8.548955408391507, 47.400086810169483 ], [ 8.548962608391506, 47.400111110169483 ], [ 8.548973708391491, 47.400191210169474 ], [ 8.548971108391472, 47.400254810169507 ], [ 8.548949408391424, 47.400338110169592 ], [ 8.548906108391357, 47.400426010169589 ], [ 8.548810108391216, 47.400577910169687 ], [ 8.548759308391135, 47.400667710169721 ], [ 8.548763508391133, 47.400689510169734 ], [ 8.548783308391151, 47.400703110169736 ], [ 8.548768508391131, 47.400719210169747 ], [ 8.548742408391096, 47.400747510169758 ], [ 8.54873957518439, 47.400750591282041 ] ], [ [ 8.552194908394011, 47.402131710169158 ], [ 8.551958608393811, 47.402047410169224 ], [ 8.55167270839357, 47.401920310169281 ], [ 8.551145408393136, 47.401674210169361 ], [ 8.550774908392832, 47.401500810169395 ], [ 8.55053180839263, 47.401394610169476 ], [ 8.55048000839259, 47.401370210169475 ], [ 8.55009010839226, 47.401191510169504 ], [ 8.549855308392065, 47.401117910169546 ], [ 8.549196208391484, 47.400904710169641 ], [ 8.549036908391347, 47.400855010169728 ], [ 8.548812508391155, 47.40077311016973 ], [ 8.548743769253468, 47.400748007146596 ] ] ] } },
{ "type": "Feature", "properties": { "corridor_id": 4, "corridor_name": "Altwiesenstrasse - Roswiesenstrasse - Winterthurerstrasse", "street_names": "Altwiesenstrasse; Roswiesenstrasse; Winterthurerstrasse", "n_edges": 31, "length_m": 1197.9950292028425, "length_km": 1.1979950292028425, "mean_score": 50.013588346882202, "total_score": 1550.4212387533482, "pair_count_max": 66, "neighborhood_span": 34, "climb_saved_m": 1757.2558713727601, "mean_abs_grade": 0.008919142998360283, "max_grade": 0.041886455272481561, "elev_min_m": 428.1219482421875, "elev_max_m": 432.96188354492188, "elev_range_m": 4.839935302734375, "gain_per_km": 7.1463650564142185, "low_stress_share": 0.83753033377663, "mode": "walk", "n_pieces": 1, "neighborhoods": "Hirzenbach; Schwamendingen-Mitte", "end_a_lon": 8.574391, "end_a_lat": 47.404367, "end_b_lon": 8.586978, "end_b_lat": 47.401531, "corridor_uid": "walk-4" }, "geometry": { "type": "MultiLineString", "coordinates": [ [ [ 8.576870408417362, 47.403868510162575 ], [ 8.576881368648811, 47.403945331421291 ], [ 8.576881408417346, 47.403945610162609 ], [ 8.57689750841728, 47.404204810162689 ], [ 8.576887809612714, 47.40434499288363 ], [ 8.576887808417233, 47.404345010162743 ], [ 8.576854708417049, 47.404820710162916 ], [ 8.576854681595961, 47.404820921999786 ], [ 8.576843908417015, 47.404906010162925 ], [ 8.576676800559998, 47.404866241468227 ], [ 8.576675408416857, 47.404865910162961 ], [ 8.576598108416791, 47.404847610162975 ], [ 8.576561108416762, 47.404839610163002 ], [ 8.576019729908509, 47.404716524834875 ], [ 8.57601130841627, 47.404714610163097 ], [ 8.575218908415557, 47.404535810163253 ], [ 8.574996035140833, 47.404484914947325 ], [ 8.574976308415337, 47.40448041016333 ], [ 8.574893545373852, 47.404464411948645 ], [ 8.574871808415244, 47.404460210163336 ], [ 8.574763817468373, 47.404439364068431 ], [ 8.574739708415121, 47.4044347101634 ], [ 8.574390952283055, 47.404367475639283 ] ], [ [ 8.576870408417362, 47.403868510162575 ], [ 8.576850208417365, 47.403795810162556 ], [ 8.57684950381827, 47.403793279374447 ], [ 8.576764708417375, 47.403488710162478 ], [ 8.576696308417365, 47.403316410162439 ], [ 8.576670308417363, 47.403236010162445 ], [ 8.57665360841737, 47.403184310162381 ], [ 8.576638769130637, 47.403170075019702 ] ], [ [ 8.576870408417362, 47.403868510162575 ], [ 8.577004545912224, 47.403849333394874 ], [ 8.577004708417498, 47.403849310162549 ], [ 8.578125608418633, 47.40368891016216 ], [ 8.578301074729742, 47.403658238411971 ], [ 8.578301808418811, 47.403658110162091 ], [ 8.578470108418987, 47.403628610162016 ], [ 8.578715394841145, 47.4035702274494 ], [ 8.578718408419238, 47.403569510161937 ], [ 8.578953008419489, 47.403503710161843 ], [ 8.580249437365252, 47.403125297922678 ], [ 8.58025110842086, 47.40312481016138 ], [ 8.581164611151623, 47.402861284395399 ], [ 8.581165908421834, 47.402860910161024 ], [ 8.581539308422226, 47.40274941016088 ], [ 8.581613779261758, 47.402728801252074 ], [ 8.581614108422306, 47.402728710160844 ], [ 8.581776408422478, 47.40268091016079 ], [ 8.581917408422624, 47.402641110160722 ], [ 8.581919774556141, 47.402640474483029 ], [ 8.581997808422706, 47.402619510160683 ], [ 8.582135908422854, 47.402589810160606 ], [ 8.582314608423038, 47.402546510160576 ], [ 8.582718108423466, 47.402431810160436 ], [ 8.583022208423779, 47.402369110160301 ], [ 8.583388008424151, 47.40230831016018 ], [ 8.583396056282766, 47.402307003151591 ], [ 8.583689108424462, 47.40225941016007 ], [ 8.584099208424881, 47.402179110159935 ], [ 8.584102731300364, 47.402178400741441 ], [ 8.585088408425902, 47.401979910159568 ], [ 8.585171708425987, 47.401964010159539 ], [ 8.585265608426079, 47.401945810159539 ], [ 8.585265886767431, 47.401945762141565 ], [ 8.585299808426113, 47.401939910159513 ], [ 8.585446908426265, 47.401905110159483 ], [ 8.585573352977883, 47.401875270442851 ], [ 8.585573608426399, 47.401875210159417 ], [ 8.586196908427052, 47.401721410159197 ], [ 8.586196984847742, 47.401721391694032 ], [ 8.586617594595571, 47.40161976182619 ], [ 8.586617808427492, 47.401619710159025 ], [ 8.586847611029233, 47.401563034180249 ], [ 8.586847708427729, 47.401563010158938 ], [ 8.586978086548866, 47.401530815561522 ] ] ] } },
{ "type": "Feature", "properties": { "corridor_id": 5, "corridor_name": "Manessestrasse - Uetlibergstrasse - Binzstrasse - Haldenstrasse", "street_names": "Binzstrasse; Haldenstrasse; Manessestrasse; Uetlibergstrasse", "n_edges": 36, "length_m": 1076.3107089650152, "length_km": 1.0763107089650152, "mean_score": 40.969374736053503, "total_score": 1474.8974904979261, "pair_count_max": 123, "neighborhood_span": 34, "climb_saved_m": 704.754981647862, "mean_abs_grade": 0.011551963576474759, "max_grade": 0.041691556004840022, "elev_min_m": 413.56317138671875, "elev_max_m": 425.85452270507812, "elev_range_m": 12.291351318359375, "gain_per_km": 6.146836323946486, "low_stress_share": 0.12985701548882556, "mode": "walk", "n_pieces": 1, "neighborhoods": "Alt-Wiedikon; Sihlfeld", "end_a_lon": 8.516202, "end_a_lat": 47.362879, "end_b_lon": 8.525105, "end_b_lat": 47.36908, "corridor_uid": "walk-5" }, "geometry": { "type": "LineString", "coordinates": [ [ 8.516202266272535, 47.362878524642348 ], [ 8.516203808371195, 47.362878910167012 ], [ 8.51694930837186, 47.363065510166841 ], [ 8.51694950043221, 47.363065558209733 ], [ 8.517122008372018, 47.363108710166792 ], [ 8.51712259380645, 47.363108862547797 ], [ 8.51722650837211, 47.363135910166797 ], [ 8.517227609030543, 47.363136121912476 ], [ 8.517331508372207, 47.363156110166763 ], [ 8.517414308372285, 47.363165610166696 ], [ 8.517529608372396, 47.363171610166695 ], [ 8.517667308372534, 47.36316861016666 ], [ 8.517808312643766, 47.363158431514385 ], [ 8.51780860837267, 47.363158410166633 ], [ 8.517914608372777, 47.363147510166556 ], [ 8.517987408372854, 47.363129810166534 ], [ 8.518061708372931, 47.363105310166553 ], [ 8.518187708373073, 47.363056610166467 ], [ 8.518282208373174, 47.363019610166447 ], [ 8.518485708373399, 47.362938210166355 ], [ 8.518658208373592, 47.362875510166305 ], [ 8.518841508373781, 47.362809910166213 ], [ 8.518843424323547, 47.36280926889674 ], [ 8.518963408373917, 47.362769110166177 ], [ 8.519031708373989, 47.362748510166121 ], [ 8.519207708374108, 47.36290641016614 ], [ 8.519208210070346, 47.362906850052262 ], [ 8.519416308374252, 47.363089310166131 ], [ 8.519953708374638, 47.363563510166102 ], [ 8.520015908374679, 47.363620610166144 ], [ 8.520016356860033, 47.36362100447667 ], [ 8.520342908374912, 47.363908110166108 ], [ 8.52034298533804, 47.363908177800397 ], [ 8.520405608374951, 47.363963210166112 ], [ 8.520712732215779, 47.364242142501325 ], [ 8.520724808375173, 47.36425311016616 ], [ 8.520784396310658, 47.364307179218955 ], [ 8.520799308375224, 47.364320710166147 ], [ 8.520901391824697, 47.364413391192585 ], [ 8.520920908375309, 47.36443111016613 ], [ 8.520950708375329, 47.36446171016614 ], [ 8.521016408375369, 47.36454351016615 ], [ 8.521065973620862, 47.36461736890363 ], [ 8.521077208375397, 47.364634110166143 ], [ 8.52108478904438, 47.36464539693997 ], [ 8.521095208375408, 47.364660910166151 ], [ 8.521208708375466, 47.364830010166173 ], [ 8.521241637980177, 47.364875721072991 ], [ 8.521245808375491, 47.364881510166185 ], [ 8.521364408375552, 47.365046110166226 ], [ 8.521456908375605, 47.365161610166219 ], [ 8.521476954130796, 47.365186579440198 ], [ 8.521479708375622, 47.365190010166245 ], [ 8.521500808375626, 47.36522581016623 ], [ 8.52159490837567, 47.365385310166239 ], [ 8.5216669083757, 47.365520910166239 ], [ 8.521696408375712, 47.365558710166269 ], [ 8.521702475291525, 47.365566421943328 ], [ 8.521747308375744, 47.365623410166307 ], [ 8.521848308375803, 47.365745910166282 ], [ 8.521883408375828, 47.365785610166292 ], [ 8.521889834148613, 47.365792870455039 ], [ 8.521960408375879, 47.365872610166292 ], [ 8.522186708376019, 47.366121910166299 ], [ 8.522288108376085, 47.366233210166335 ], [ 8.522347008376133, 47.366280610166356 ], [ 8.52238139387444, 47.366312533276023 ], [ 8.522386108376155, 47.36631691016634 ], [ 8.522427808376181, 47.366356110166279 ], [ 8.52246790837621, 47.36639511016633 ], [ 8.52293670837649, 47.366966010166365 ], [ 8.523197199926551, 47.367282956540123 ], [ 8.523197408376642, 47.36728321016642 ], [ 8.523218708376657, 47.367310810166408 ], [ 8.523292008376687, 47.367445710166407 ], [ 8.523393108376746, 47.367571110166431 ], [ 8.523394578113232, 47.367572968722094 ], [ 8.523412008376761, 47.367595010166433 ], [ 8.523429908376775, 47.367617710166456 ], [ 8.523478908376804, 47.367671910166486 ], [ 8.523912208377075, 47.368151310166482 ], [ 8.524238508377325, 47.368358810166463 ], [ 8.524660608377607, 47.368792810166497 ], [ 8.524801608377702, 47.368908210166481 ], [ 8.52487480837776, 47.368952710166475 ], [ 8.524876649513358, 47.368953748550958 ], [ 8.525013108377875, 47.369030710166442 ], [ 8.525100908377942, 47.369078010166433 ], [ 8.525104747909857, 47.369080084130445 ] ] } },
{ "type": "Feature", "properties": { "corridor_id": 6, "corridor_name": "Wehntalerstrasse", "street_names": "Wehntalerstrasse", "n_edges": 32, "length_m": 1355.6898567350966, "length_km": 1.3556898567350966, "mean_score": 40.676079860664032, "total_score": 1317.8131819594664, "pair_count_max": 64, "neighborhood_span": 32, "climb_saved_m": 821.80927745486247, "mean_abs_grade": 0.0081168991225720397, "max_grade": 0.022155874852273435, "elev_min_m": 457.8026123046875, "elev_max_m": 464.65386962890625, "elev_range_m": 6.85125732421875, "gain_per_km": 2.948636447767274, "low_stress_share": 0.0, "mode": "walk", "n_pieces": 2, "neighborhoods": "Affoltern; Oerlikon; Unterstrass", "end_a_lon": 8.519243, "end_a_lat": 47.414086, "end_b_lon": 8.533912, "end_b_lat": 47.404133, "corridor_uid": "walk-6" }, "geometry": { "type": "MultiLineString", "coordinates": [ [ [ 8.524697480625374, 47.411949011881966 ], [ 8.524696708364283, 47.411949310180269 ], [ 8.524205508363742, 47.412152510180476 ], [ 8.524075208363604, 47.412206710180492 ], [ 8.523891608363401, 47.412285910180572 ], [ 8.523890756037424, 47.412286264086532 ], [ 8.523614408363095, 47.412401010180744 ], [ 8.523613626884069, 47.412401332978661 ], [ 8.522838008362239, 47.412721710181053 ], [ 8.522837935383341, 47.412721740281761 ], [ 8.522778608362175, 47.412746210181098 ], [ 8.522778600510568, 47.412746213446837 ], [ 8.522619208361998, 47.412812510181119 ], [ 8.522382908361742, 47.412912010181259 ], [ 8.522381070953131, 47.412912783393125 ], [ 8.522160008361491, 47.413005810181318 ], [ 8.522156455800241, 47.413007305332791 ], [ 8.521427708360685, 47.413314010181629 ], [ 8.521418512031902, 47.413317881277941 ], [ 8.520684608359863, 47.413626810181967 ], [ 8.520669358211615, 47.413632294912844 ], [ 8.520214708359358, 47.413795810182101 ], [ 8.520204258107407, 47.413799149483019 ], [ 8.51973370835884, 47.413949510182348 ], [ 8.51961700835872, 47.413988210182374 ], [ 8.519614874066873, 47.413988765808526 ], [ 8.519244408358322, 47.414085210182506 ], [ 8.519242728331756, 47.414085598516529 ] ], [ [ 8.533912412847698, 47.404132705227703 ], [ 8.533912408375658, 47.404132710175126 ], [ 8.533609808375259, 47.404467410175315 ], [ 8.533522333283111, 47.404559084071835 ], [ 8.533522308375151, 47.404559110175342 ], [ 8.533477408375088, 47.404606910175417 ], [ 8.53347731784657, 47.404607005052199 ], [ 8.533154708374667, 47.404945110175625 ], [ 8.532360608373644, 47.405776910176122 ], [ 8.530950350849407, 47.407245287645431 ], [ 8.530948408371811, 47.407247310176977 ], [ 8.530734608371532, 47.40748351017708 ], [ 8.530734482962986, 47.407483640064527 ], [ 8.530678608371463, 47.407541510177175 ], [ 8.530599408371359, 47.407616810177196 ], [ 8.530598846287898, 47.407617340861826 ], [ 8.530345208371036, 47.407856810177336 ], [ 8.530343142805142, 47.407858676947029 ], [ 8.529525408370018, 47.408597710177787 ], [ 8.528928293680385, 47.40912385386337 ], [ 8.528927208369264, 47.409124810178149 ], [ 8.528816108369128, 47.409228710178219 ], [ 8.528705508368986, 47.409326310178287 ], [ 8.528701622669361, 47.409329716554105 ], [ 8.528424208368639, 47.409572910178454 ], [ 8.528410630890381, 47.409584396683492 ], [ 8.528228108368396, 47.409738810178524 ], [ 8.528207754332046, 47.40975271399212 ], [ 8.527674308367741, 47.410117110178845 ], [ 8.527661615061943, 47.410125531304018 ], [ 8.527612508367669, 47.410158110178834 ], [ 8.52760096903153, 47.410165677518002 ], [ 8.52707330836704, 47.410511710179087 ] ] ] } },
{ "type": "Feature", "properties": { "corridor_id": 7, "corridor_name": "Allmendstrasse - Maneggbrücke", "street_names": "Allmendstrasse; Maneggbrücke", "n_edges": 24, "length_m": 3124.0603267865554, "length_km": 3.1240603267865552, "mean_score": 52.096481734325017, "total_score": 1250.3155616238005, "pair_count_max": 64, "neighborhood_span": 34, "climb_saved_m": 1270.0455186948961, "mean_abs_grade": 0.006362382000399478, "max_grade": 0.059393784217261672, "elev_min_m": 421.24801635742188, "elev_max_m": 433.49154663085938, "elev_range_m": 12.2435302734375, "gain_per_km": 3.4770123185833488, "low_stress_share": 0.40095591101388095, "mode": "walk", "n_pieces": 1, "neighborhoods": "Wollishofen", "end_a_lon": 8.518641, "end_a_lat": 47.336795, "end_b_lon": 8.524969, "end_b_lat": 47.352926, "corridor_uid": "walk-7" }, "geometry": { "type": "MultiLineString", "coordinates": [ [ [ 8.518640708381579, 47.33679521015781 ], [ 8.51903640838187, 47.33709241015778 ], [ 8.519048408381881, 47.337102010157764 ], [ 8.519067008381892, 47.337117610157797 ], [ 8.519191808381985, 47.337222710157732 ], [ 8.519226508382005, 47.33728241015779 ], [ 8.519237888975404, 47.337321175304083 ], [ 8.519239308382003, 47.337326010157788 ], [ 8.519247408381997, 47.337356210157807 ], [ 8.519254208381998, 47.337381710157835 ], [ 8.51925950838198, 47.337460710157799 ], [ 8.519251208381947, 47.337537410157871 ], [ 8.519221808381843, 47.337780410157933 ], [ 8.519147208381638, 47.338212210158126 ], [ 8.519136022387178, 47.338277728125504 ], [ 8.519135308381607, 47.338281910158138 ], [ 8.519127908381579, 47.338349510158189 ], [ 8.519107008381491, 47.338567110158245 ], [ 8.519062608381329, 47.338952410158392 ], [ 8.51906060838132, 47.338969510158385 ], [ 8.519058546393453, 47.338988161775902 ], [ 8.519058408381316, 47.338989410158391 ], [ 8.519057008381257, 47.339159910158415 ], [ 8.519063008381208, 47.339355110158529 ], [ 8.519063608381201, 47.339372710158536 ], [ 8.519075108381099, 47.339745210158654 ], [ 8.519090708381018, 47.340049710158702 ], [ 8.519090854216838, 47.340051409283618 ], [ 8.519122508380939, 47.340420210158882 ], [ 8.519127608380924, 47.340477510158841 ], [ 8.519135708380905, 47.340571110158898 ], [ 8.51913621130605, 47.340572920095994 ], [ 8.519169528634176, 47.340692823164801 ], [ 8.519169608380901, 47.340693110158938 ], [ 8.519200008380874, 47.340885410158961 ], [ 8.519213808380808, 47.341139710159062 ], [ 8.519231308380688, 47.341586810159228 ], [ 8.519268908380571, 47.342080110159344 ], [ 8.51927340838054, 47.342194610159382 ], [ 8.519273501223353, 47.342195321455137 ], [ 8.519298208380503, 47.342384610159442 ], [ 8.51934570838038, 47.342938810159609 ], [ 8.519346408380381, 47.342950510159653 ], [ 8.519348408380376, 47.342965210159626 ], [ 8.519374208380343, 47.34315791015969 ], [ 8.519394226147829, 47.343276024947038 ], [ 8.519394308380329, 47.34327651015969 ], [ 8.519394908380315, 47.343309510159699 ], [ 8.519395108380312, 47.343324310159737 ], [ 8.519396808380284, 47.34342151015975 ] ], [ [ 8.519396808380284, 47.34342151015975 ], [ 8.519499508380353, 47.343532110159742 ], [ 8.519544608380258, 47.343979710159893 ], [ 8.51960690838013, 47.344588910160056 ], [ 8.519703808380035, 47.345204810160219 ], [ 8.519755508380038, 47.345372110160262 ], [ 8.519805608380022, 47.345570710160324 ], [ 8.519824808380021, 47.345650110160356 ], [ 8.519859308380031, 47.345718710160384 ], [ 8.519873108380029, 47.345772810160376 ], [ 8.519871808380012, 47.345815510160399 ], [ 8.519909108380018, 47.345922410160441 ], [ 8.519947608380026, 47.346008610160439 ], [ 8.51995174312162, 47.346016936439554 ], [ 8.52002040838005, 47.34615521016044 ], [ 8.520094308380081, 47.346286010160505 ], [ 8.520183208380132, 47.346420910160525 ], [ 8.520279508380179, 47.346550210160544 ], [ 8.520375708380245, 47.346665110160551 ], [ 8.520500008380324, 47.34679711016053 ], [ 8.520607308380395, 47.346900310160542 ], [ 8.521018308380683, 47.347260810160527 ], [ 8.521871708381324, 47.347882010160468 ], [ 8.522710208381959, 47.348477810160432 ], [ 8.522883096417408, 47.348605071417346 ], [ 8.522913308382106, 47.348627310160424 ], [ 8.523919108382868, 47.349348910160387 ], [ 8.524711208383467, 47.349919910160324 ], [ 8.524975208383648, 47.350147710160343 ], [ 8.525204108383805, 47.350378610160355 ], [ 8.525402108383924, 47.350611510160377 ], [ 8.525546308384003, 47.350814910160366 ], [ 8.525588808384027, 47.350851510160361 ], [ 8.525728108384147, 47.350912910160361 ], [ 8.525797808384203, 47.350947410160344 ], [ 8.525849608384245, 47.350989310160358 ], [ 8.525925908384274, 47.351118110160357 ], [ 8.525885208384221, 47.351172710160419 ] ], [ [ 8.524871708382946, 47.352108710161005 ], [ 8.524806008382905, 47.352032310161007 ], [ 8.524722008382875, 47.351852910160964 ], [ 8.524508308382797, 47.351434210160868 ], [ 8.524298808382706, 47.351063110160794 ], [ 8.52418840838266, 47.350883810160781 ], [ 8.524073208382601, 47.350708710160745 ], [ 8.523951508382535, 47.350543310160738 ], [ 8.52384120838247, 47.35039441016076 ], [ 8.523674608382377, 47.35019201016074 ], [ 8.52348310838225, 47.34997231016068 ], [ 8.5232602083821, 47.349745310160706 ], [ 8.52306210838197, 47.349553910160701 ], [ 8.522888608381848, 47.349400310160689 ], [ 8.522583908381632, 47.34912831016068 ], [ 8.522360508381473, 47.348943110160647 ], [ 8.520736808380253, 47.347776810160781 ], [ 8.520049408379734, 47.347298710160828 ], [ 8.519799708379544, 47.347118410160839 ], [ 8.519672108379453, 47.347021110160874 ], [ 8.519551208379358, 47.346919710160819 ], [ 8.519489108379322, 47.346864010160836 ], [ 8.519416308379268, 47.346793710160881 ], [ 8.519298308379195, 47.346669210160805 ], [ 8.519189708379129, 47.346531710160818 ], [ 8.519114408379087, 47.346420510160819 ], [ 8.519057308379061, 47.346321210160781 ], [ 8.518995708379039, 47.346192610160763 ], [ 8.518945408379034, 47.346053410160764 ], [ 8.518904608379042, 47.345912910160685 ], [ 8.518877508379068, 47.345728410160675 ], [ 8.518872808379088, 47.345640910160583 ], [ 8.518872608379121, 47.345546710160576 ], [ 8.518876008379143, 47.345479110160568 ], [ 8.518884408379176, 47.345399010160499 ], [ 8.51889540837921, 47.345324410160508 ], [ 8.518915808379258, 47.345228710160498 ], [ 8.519009008379456, 47.344902810160363 ], [ 8.519175508379758, 47.344434510160127 ], [ 8.519269708379952, 47.344101510160037 ], [ 8.519291708379997, 47.344017410159978 ], [ 8.519324308380094, 47.343818910159904 ], [ 8.51934480838016, 47.34366451015984 ], [ 8.519360208380208, 47.343550310159799 ], [ 8.519396808380284, 47.34342151015975 ] ], [ [ 8.525871447811442, 47.351143919835827 ], [ 8.525885208384221, 47.351172710160419 ], [ 8.525924808384227, 47.351276210160435 ], [ 8.525959408384221, 47.351407810160445 ], [ 8.52597700838419, 47.351559110160487 ], [ 8.525957108384111, 47.351739310160596 ], [ 8.525948048472953, 47.351765666265734 ], [ 8.525884508383983, 47.351950510160677 ], [ 8.525805608383861, 47.352093110160709 ], [ 8.525770312204827, 47.352134088839755 ], [ 8.525729208383762, 47.352181810160801 ], [ 8.525695359148866, 47.352221078088128 ], [ 8.525681108383694, 47.352237610160834 ], [ 8.525513308383479, 47.352410910160899 ], [ 8.525171508383053, 47.35271321016112 ], [ 8.524968908382787, 47.352926310161195 ] ] ] } },
{ "type": "Feature", "properties": { "corridor_id": 8, "corridor_name": "Weinbergstrasse", "street_names": "Weinbergstrasse", "n_edges": 28, "length_m": 1052.1176897991115, "length_km": 1.0521176897991116, "mean_score": 37.206475369895877, "total_score": 1041.7813103570845, "pair_count_max": 113, "neighborhood_span": 28, "climb_saved_m": 565.15815544493375, "mean_abs_grade": 0.021973534279185834, "max_grade": 0.060988708868102613, "elev_min_m": 432.30596923828125, "elev_max_m": 455.31661987304688, "elev_range_m": 23.010650634765625, "gain_per_km": 21.922280710194535, "low_stress_share": 0.0, "mode": "walk", "n_pieces": 1, "neighborhoods": "Unterstrass", "end_a_lon": 8.544065, "end_a_lat": 47.380292, "end_b_lon": 8.540211, "end_b_lat": 47.389318, "corridor_uid": "walk-8" }, "geometry": { "type": "LineString", "coordinates": [ [ 8.544065424578767, 47.380292380394231 ], [ 8.544065208392903, 47.380293310164561 ], [ 8.543986408392726, 47.380631710164721 ], [ 8.543821385243694, 47.38134113033118 ], [ 8.54382080839234, 47.381343610164969 ], [ 8.543786208392261, 47.381497810165037 ], [ 8.54376932926837, 47.381588547651603 ], [ 8.543768908392215, 47.381590810165072 ], [ 8.543751208392163, 47.38170581016513 ], [ 8.543724908392095, 47.381854510165162 ], [ 8.543701644712078, 47.381955187452554 ], [ 8.543701408392035, 47.381956210165242 ], [ 8.543666508391958, 47.382114110165269 ], [ 8.543623308391849, 47.382309710165309 ], [ 8.543580208391742, 47.382535610165434 ], [ 8.543556827967311, 47.382655110112289 ], [ 8.54355680839168, 47.382655210165467 ], [ 8.543542326452545, 47.382721827085348 ], [ 8.543542308391647, 47.382721910165507 ], [ 8.543493508391535, 47.382945210165609 ], [ 8.543444118540961, 47.383170463876361 ], [ 8.543444108391409, 47.383170510165712 ], [ 8.543422808391362, 47.383269410165667 ], [ 8.543405608391325, 47.383327510165749 ], [ 8.543367166372882, 47.383463451500141 ], [ 8.543367008391249, 47.383464010165774 ], [ 8.543268508391018, 47.383888510165939 ], [ 8.543246408390974, 47.383964210165978 ], [ 8.543219808390926, 47.384045510166047 ], [ 8.543218945445181, 47.384047810070477 ], [ 8.543197408390883, 47.384105210166041 ], [ 8.543158908390817, 47.384197610166048 ], [ 8.543107408390734, 47.384298810166129 ], [ 8.542974908390532, 47.384526610166205 ], [ 8.542909908390442, 47.384628210166305 ], [ 8.542909671490987, 47.384628569331561 ], [ 8.542438108389762, 47.385343510166642 ], [ 8.542416708389734, 47.385378510166682 ], [ 8.5423992083897, 47.385407010166688 ], [ 8.542398830840474, 47.385407557944227 ], [ 8.54234220838962, 47.385489710166752 ], [ 8.542291908389553, 47.385567010166767 ], [ 8.542291871277406, 47.385567070217554 ], [ 8.542272008389522, 47.385599210166788 ], [ 8.542255008389498, 47.385626810166791 ], [ 8.542012908389143, 47.385993210166987 ], [ 8.542012886858934, 47.385993242997685 ], [ 8.541791708388825, 47.386330510167156 ], [ 8.541600416580662, 47.386623197632922 ], [ 8.541600408388547, 47.386623210167322 ], [ 8.541561008388491, 47.38668351016733 ], [ 8.541514108388427, 47.386756110167369 ], [ 8.541423208388299, 47.386893910167466 ], [ 8.541259208388063, 47.387145910167575 ], [ 8.541081508387805, 47.387415110167737 ], [ 8.541000655886453, 47.387557796456875 ], [ 8.540993508387668, 47.38757041016779 ], [ 8.540947173506138, 47.387652320520097 ], [ 8.54094010838759, 47.387664810167827 ], [ 8.540852208387442, 47.387860910167916 ], [ 8.540764408387282, 47.38809201016803 ], [ 8.540707499493552, 47.388213515647998 ], [ 8.54070740838719, 47.388213710168074 ], [ 8.540649008387096, 47.388343010168178 ], [ 8.540597908387006, 47.388462410168167 ], [ 8.540597753922343, 47.388462758027607 ], [ 8.540499508386842, 47.388684010168298 ], [ 8.54039883762483, 47.388905645797976 ], [ 8.540398808386678, 47.388905710168402 ], [ 8.540369408386628, 47.388972710168403 ], [ 8.540211208386362, 47.389318210168575 ], [ 8.540211113352189, 47.389318413249896 ] ] } },
{ "type": "Feature", "properties": { "corridor_id": 9, "corridor_name": "Fronwaldstrasse - Riedenhaldenstrasse - Binzmühlestrasse", "street_names": "Binzmühlestrasse; Fronwaldstrasse; Riedenhaldenstrasse", "n_edges": 26, "length_m": 1396.3074397480293, "length_km": 1.3963074397480293, "mean_score": 37.16422985844909, "total_score": 966.2699763196764, "pair_count_max": 65, "neighborhood_span": 34, "climb_saved_m": 530.32635483833383, "mean_abs_grade": 0.013338359353588311, "max_grade": 0.047265332202848329, "elev_min_m": 454.08770751953125, "elev_max_m": 462.39105224609375, "elev_range_m": 8.3033447265625, "gain_per_km": 11.683364029184174, "low_stress_share": 0.51469690995118855, "mode": "walk", "n_pieces": 1, "neighborhoods": "Affoltern", "end_a_lon": 8.513316, "end_a_lat": 47.42062, "end_b_lon": 8.518963, "end_b_lat": 47.414341, "corridor_uid": "walk-9" }, "geometry": { "type": "MultiLineString", "coordinates": [ [ [ 8.51331560577095, 47.420619978272093 ], [ 8.513318608350543, 47.420618810186291 ], [ 8.513602208350846, 47.420508410186159 ], [ 8.513682309136046, 47.420477289948707 ], [ 8.51369100835095, 47.420473910186082 ], [ 8.513886208351177, 47.420361710186064 ], [ 8.513972708351295, 47.420247110185983 ], [ 8.513976064573038, 47.420243435691937 ], [ 8.51426480835168, 47.419927310185813 ], [ 8.514550308352053, 47.419601810185611 ], [ 8.514556697675813, 47.419594063315017 ], [ 8.514636908352172, 47.419496810185585 ], [ 8.514706708352273, 47.419396310185498 ], [ 8.51471756583263, 47.419381217517767 ], [ 8.514805408352411, 47.419259110185436 ], [ 8.514901308352554, 47.419108710185363 ], [ 8.51501390835271, 47.418930110185265 ], [ 8.515127308352884, 47.418722410185154 ], [ 8.515229808353052, 47.418525110185065 ], [ 8.51525590835309, 47.418475510185061 ], [ 8.515269969267656, 47.418447518722054 ] ], [ [ 8.513930408351253, 47.42022861018598 ], [ 8.514471408351968, 47.419632610185623 ], [ 8.514536608352058, 47.419553410185578 ], [ 8.514600108352145, 47.419472310185554 ], [ 8.514671908352241, 47.419371910185475 ], [ 8.514677497610563, 47.419363901615377 ], [ 8.514775408352392, 47.419223610185448 ], [ 8.514854208352507, 47.419104210185388 ], [ 8.514930008352612, 47.418976610185283 ], [ 8.515078908352846, 47.418708710185179 ], [ 8.515139708352937, 47.418598310185132 ], [ 8.515166408352982, 47.418549810185127 ], [ 8.515195908353027, 47.418498310185079 ], [ 8.515201485060963, 47.418487366770769 ], [ 8.515219808353059, 47.41845141018505 ], [ 8.515229451029787, 47.41843029944512 ], [ 8.515386208353339, 47.418087110184914 ], [ 8.515428615202239, 47.417976397002327 ], [ 8.515430908353412, 47.417970410184871 ], [ 8.515514908353575, 47.417727910184787 ], [ 8.515645108353798, 47.417411410184563 ], [ 8.515657108353819, 47.417384810184622 ], [ 8.515669508353836, 47.417354510184616 ], [ 8.515734946553009, 47.417199658110114 ], [ 8.51578850835404, 47.417072910184451 ], [ 8.515811008354071, 47.417030710184427 ], [ 8.515852008354127, 47.41698411018438 ], [ 8.515896208354189, 47.416944710184339 ], [ 8.516252308354625, 47.416652710184202 ], [ 8.516441108354851, 47.416504910184081 ], [ 8.516494008354917, 47.416476010184056 ], [ 8.516577508355001, 47.416444310184033 ], [ 8.516986808355448, 47.416305910183873 ], [ 8.51705520835552, 47.416280510183832 ], [ 8.517135508355606, 47.416246710183799 ], [ 8.517222208355703, 47.416201810183772 ], [ 8.517294208355787, 47.416161110183751 ], [ 8.517348808355854, 47.416124510183685 ], [ 8.517706608356283, 47.415871210183553 ], [ 8.517781308356366, 47.415818610183472 ], [ 8.517847208356446, 47.415766310183464 ], [ 8.517889808356504, 47.415720510183455 ], [ 8.517930608356556, 47.415672710183394 ], [ 8.518007008356655, 47.415595710183361 ], [ 8.518043408356688, 47.415615210183361 ], [ 8.518044335658095, 47.415615705895 ] ], [ [ 8.513972708351295, 47.420247110185983 ], [ 8.513933728299008, 47.4202300621726 ] ], [ [ 8.515632331167717, 47.417567019513292 ], [ 8.515647208353759, 47.417530110184671 ], [ 8.515760508353949, 47.417268910184518 ], [ 8.515832708354074, 47.417095210184442 ], [ 8.515860608354119, 47.417038110184407 ], [ 8.515906908354184, 47.416990110184408 ], [ 8.516170008354512, 47.416772010184246 ], [ 8.516356524224866, 47.416621228981633 ], [ 8.516443508354836, 47.416550910184071 ], [ 8.516522108354929, 47.416506010184072 ], [ 8.516592408355011, 47.416478510184028 ], [ 8.51703800835549, 47.416325310183872 ], [ 8.517154708355617, 47.416276410183784 ], [ 8.517227008355695, 47.416240710183764 ], [ 8.517345508355833, 47.416164810183695 ], [ 8.517408077634519, 47.416121167173564 ], [ 8.517462208355981, 47.416083410183653 ], [ 8.517881008356476, 47.415785310183473 ], [ 8.518043408356688, 47.415615210183361 ], [ 8.518053808356695, 47.41560431018334 ], [ 8.51806058906319, 47.415597194977124 ], [ 8.518173408356859, 47.415478810183259 ], [ 8.518192467484717, 47.415464398989855 ], [ 8.518467008357209, 47.415256810183124 ], [ 8.518523608357302, 47.415133410183081 ], [ 8.518523778226482, 47.415133065934867 ], [ 8.518568808357374, 47.415041810183027 ], [ 8.518644308357468, 47.41497131018297 ], [ 8.518802308357662, 47.414864110182883 ], [ 8.518953950105642, 47.414830822969904 ], [ 8.518954008357813, 47.414830810182828 ], [ 8.519217708358088, 47.414772210182761 ], [ 8.519140680602977, 47.414667487055034 ], [ 8.519137608358044, 47.414663310182704 ], [ 8.51897920835798, 47.414370810182675 ], [ 8.51897590835798, 47.414364710182703 ], [ 8.518963088869532, 47.414341179674281 ] ] ] } },
{ "type": "Feature", "properties": { "corridor_id": 10, "corridor_name": "Lessingstrasse", "street_names": "Lessingstrasse", "n_edges": 15, "length_m": 758.41198346224667, "length_km": 0.7584119834622467, "mean_score": 52.197271443474712, "total_score": 782.95907165212066, "pair_count_max": 65, "neighborhood_span": 33, "climb_saved_m": 401.43575227749136, "mean_abs_grade": 0.00734297502618697, "max_grade": 0.06702750844571595, "elev_min_m": 418.20870971679688, "elev_max_m": 422.32791137695312, "elev_range_m": 4.11920166015625, "gain_per_km": 2.3784744502002191, "low_stress_share": 1.0, "mode": "walk", "n_pieces": 1, "neighborhoods": "Enge", "end_a_lon": 8.525126, "end_a_lat": 47.353444, "end_b_lon": 8.523726, "end_b_lat": 47.360177, "corridor_uid": "walk-10" }, "geometry": { "type": "LineString", "coordinates": [ [ 8.525125869612216, 47.353443653607506 ], [ 8.525117708382774, 47.353450310161378 ], [ 8.525101008382732, 47.353540210161412 ], [ 8.525107508382714, 47.353618410161445 ], [ 8.52511520838268, 47.35375781016149 ], [ 8.52508843663075, 47.353958451202736 ], [ 8.525087908382586, 47.353962410161543 ], [ 8.525074635675811, 47.354033643537335 ], [ 8.525074008382552, 47.354037010161569 ], [ 8.525066408382532, 47.354077710161583 ], [ 8.525024283549838, 47.354299958393938 ], [ 8.525024008382426, 47.354301410161654 ], [ 8.524979808382296, 47.354568710161779 ], [ 8.524905608382099, 47.354966310161934 ], [ 8.524904856895578, 47.354970338691544 ], [ 8.52485210838196, 47.355253110162025 ], [ 8.524816008381851, 47.355479510162098 ], [ 8.524815256801128, 47.355488032750991 ], [ 8.524789208381737, 47.355783410162196 ], [ 8.524781608381673, 47.355956710162275 ], [ 8.52478089102719, 47.355972518141684 ], [ 8.524767908381568, 47.356258610162371 ], [ 8.524766984409496, 47.356279298844491 ], [ 8.524752308381441, 47.356607910162509 ], [ 8.524735908381395, 47.356728610162548 ], [ 8.524733142258363, 47.35675627139274 ], [ 8.524721408381334, 47.356873610162609 ], [ 8.524667108381188, 47.357162810162706 ], [ 8.52463310838113, 47.357276810162752 ], [ 8.524623629703013, 47.357306650882819 ], [ 8.524552808380967, 47.357529610162871 ], [ 8.52447020838081, 47.357777410162946 ], [ 8.524461950150387, 47.357802204825752 ], [ 8.524387508380652, 47.358025710163048 ], [ 8.524322408380531, 47.358221410163175 ], [ 8.524315780935378, 47.358241348942379 ], [ 8.524181508380259, 47.358645310163325 ], [ 8.524176411498692, 47.358660639945292 ], [ 8.524012208379942, 47.359154510163528 ], [ 8.524008952920319, 47.359164296133933 ], [ 8.523912508379748, 47.359454210163655 ], [ 8.523910502018381, 47.359460776437253 ], [ 8.52383990837961, 47.35969181016376 ], [ 8.523804908379521, 47.359866010163813 ], [ 8.523749908379385, 47.360130710163922 ], [ 8.523728408379355, 47.360172110163987 ], [ 8.523725572455792, 47.360177000629434 ] ] } },
{ "type": "Feature", "properties": { "corridor_id": 11, "corridor_name": "Museumstrasse - Bahnhofplatz - Gessnerallee", "street_names": "Bahnhofplatz; Gessnerallee; Museumstrasse", "n_edges": 18, "length_m": 815.45272833463878, "length_km": 0.81545272833463878, "mean_score": 40.448694821304152, "total_score": 728.07650678347477, "pair_count_max": 188, "neighborhood_span": 31, "climb_saved_m": 388.44106492444382, "mean_abs_grade": 0.003158967615062036, "max_grade": 0.021050914454657527, "elev_min_m": 407.427490234375, "elev_max_m": 408.644775390625, "elev_range_m": 1.21728515625, "gain_per_km": 2.3316706431077541, "low_stress_share": 0.0, "mode": "walk", "n_pieces": 1, "neighborhoods": "City; Gewerbeschule; Langstrasse", "end_a_lon": 8.535968, "end_a_lat": 47.3761, "end_b_lon": 8.541203, "end_b_lat": 47.378459, "corridor_uid": "walk-11" }, "geometry": { "type": "MultiLineString", "coordinates": [ [ [ 8.538771183394248, 47.37754164587389 ], [ 8.538601008388435, 47.377585010165298 ], [ 8.538567608388407, 47.37759361016532 ], [ 8.538567006952119, 47.377593765508628 ], [ 8.538205608388026, 47.377687110165446 ], [ 8.538137908387949, 47.377704910165441 ], [ 8.538085608387899, 47.377718610165488 ], [ 8.538085284462685, 47.377718692631888 ], [ 8.537900208387702, 47.377765810165542 ], [ 8.537852908387654, 47.377776810165571 ], [ 8.537798608387595, 47.377784610165548 ], [ 8.537761408387563, 47.377786110165601 ], [ 8.537735308387537, 47.377779810165578 ], [ 8.537700508387505, 47.377764110165593 ], [ 8.537675428213507, 47.377750331551503 ], [ 8.537668108387475, 47.377746310165591 ], [ 8.537632408387456, 47.377721310165597 ], [ 8.537589108387424, 47.377686710165626 ], [ 8.537333608387247, 47.377458210165607 ], [ 8.536757208386845, 47.376946810165599 ], [ 8.53669840838681, 47.376889210165608 ], [ 8.536649608386773, 47.376827710165628 ], [ 8.536593519746063, 47.376730250543538 ], [ 8.536587108386755, 47.376719110165595 ], [ 8.536526708386727, 47.376609110165553 ], [ 8.53638110838666, 47.376355710165555 ], [ 8.536347208386642, 47.376295710165529 ], [ 8.536287208386613, 47.376229310165506 ], [ 8.536205808386541, 47.376175810165499 ], [ 8.536126608386478, 47.376145510165514 ], [ 8.536121908386475, 47.376143710165536 ], [ 8.536003708386373, 47.376107510165561 ], [ 8.535968037837812, 47.376100050545155 ] ], [ [ 8.537472729194748, 47.379540042078922 ], [ 8.537474308386747, 47.379503910166207 ], [ 8.537491808386777, 47.379468310166196 ], [ 8.537526308386814, 47.379447110166211 ], [ 8.537588608386889, 47.379421310166151 ], [ 8.537810808387125, 47.379352810166061 ], [ 8.538199208387546, 47.379205310165929 ], [ 8.538358408387728, 47.379122210165846 ], [ 8.538438008387812, 47.379089310165803 ], [ 8.538515908387904, 47.379059910165779 ], [ 8.538604208387991, 47.379035210165725 ], [ 8.538668290459848, 47.379017721925123 ], [ 8.539737208389189, 47.378726010165302 ], [ 8.539773808535793, 47.378716022821116 ], [ 8.539979808389445, 47.37865981016521 ], [ 8.540010524011763, 47.3786514320931 ], [ 8.540494908389986, 47.378519310165025 ], [ 8.540621208390116, 47.378499110164974 ], [ 8.540744508390237, 47.378488410164984 ], [ 8.540750072977355, 47.378487504031796 ], [ 8.540840308390335, 47.378472810164901 ], [ 8.541022308390531, 47.378410310164831 ], [ 8.541089408390595, 47.378411810164813 ], [ 8.541143608390641, 47.378427110164779 ], [ 8.541171308390673, 47.378438610164814 ], [ 8.541197508390686, 47.37845471016481 ], [ 8.541202585194634, 47.37845915540462 ] ], [ [ 8.539744189829781, 47.378692477869976 ], [ 8.539721108389186, 47.378699110165293 ], [ 8.539586108389036, 47.37873551016537 ], [ 8.538905808388739, 47.377574110165206 ], [ 8.538807308388632, 47.377600810165227 ], [ 8.538683211870728, 47.377634487275756 ] ], [ [ 8.538791108388624, 47.37757291016522 ], [ 8.53878300838862, 47.377558810165233 ], [ 8.538772108388621, 47.377541410165229 ], [ 8.538772047836593, 47.377541314330948 ] ], [ [ 8.538798561390124, 47.377570926406108 ], [ 8.538791108388624, 47.37757291016522 ], [ 8.538807308388632, 47.377600810165227 ] ], [ [ 8.539721108389186, 47.378699110165293 ], [ 8.539737197825312, 47.378725992515101 ] ] ] } },
{ "type": "Feature", "properties": { "corridor_id": 12, "corridor_name": "Saatlenstrasse - Am Glattbogen", "street_names": "Am Glattbogen; Saatlenstrasse", "n_edges": 19, "length_m": 600.32401198126684, "length_km": 0.60032401198126684, "mean_score": 36.714132411535445, "total_score": 697.5685158191734, "pair_count_max": 65, "neighborhood_span": 34, "climb_saved_m": 315.01652579531634, "mean_abs_grade": 0.0068643757926113297, "max_grade": 0.039092111692976696, "elev_min_m": 428.47467041015625, "elev_max_m": 431.44488525390625, "elev_range_m": 2.97021484375, "gain_per_km": 1.7468492283831869, "low_stress_share": 1.0, "mode": "walk", "n_pieces": 1, "neighborhoods": "Saatlen", "end_a_lon": 8.565009, "end_a_lat": 47.408517, "end_b_lon": 8.565641, "end_b_lat": 47.412103, "corridor_uid": "walk-12" }, "geometry": { "type": "LineString", "coordinates": [ [ 8.565009194940549, 47.408516502424561 ], [ 8.564794208404145, 47.408766010167653 ], [ 8.564714308404042, 47.408857810167675 ], [ 8.564602408403891, 47.408988610167789 ], [ 8.564371908403585, 47.409256110167938 ], [ 8.564132908403268, 47.409533510168067 ], [ 8.56404760840315, 47.409638510168122 ], [ 8.563993809368426, 47.409701609035956 ], [ 8.563993808403081, 47.409701610168185 ], [ 8.56387360840292, 47.409842610168198 ], [ 8.56369540840268, 47.410063210168389 ], [ 8.563532288849553, 47.410311800220803 ], [ 8.563522308402426, 47.410327010168508 ], [ 8.563516371146543, 47.410336983206165 ], [ 8.563507008402407, 47.410352710168524 ], [ 8.563429708402287, 47.41048891016861 ], [ 8.563360008402167, 47.410649510168639 ], [ 8.56333470840212, 47.410728510168688 ], [ 8.56333050840211, 47.410741810168687 ], [ 8.563324383569194, 47.410760996392298 ], [ 8.563322208402097, 47.410767810168736 ], [ 8.563289208402029, 47.410891910168758 ], [ 8.563263527267027, 47.410997597916442 ], [ 8.563263208401965, 47.410998910168843 ], [ 8.563259708401954, 47.411037910168794 ], [ 8.563248819494419, 47.411158183101577 ], [ 8.563248708401906, 47.411159410168871 ], [ 8.563243608401883, 47.411216310168854 ], [ 8.56322760840172, 47.411673810169042 ], [ 8.563227908401679, 47.411805110169077 ], [ 8.563228883466762, 47.411860201347082 ], [ 8.563230908401632, 47.411974610169125 ], [ 8.563354605409721, 47.411999726469617 ], [ 8.563631308401993, 47.412055910169045 ], [ 8.56371710840207, 47.412067510168988 ], [ 8.563750619354551, 47.412072046818267 ], [ 8.563834164277377, 47.41208335697177 ], [ 8.563906208402249, 47.412093110168946 ], [ 8.564235408402567, 47.412106310168866 ], [ 8.56433682828747, 47.412103988075366 ], [ 8.564545508402867, 47.412099210168805 ], [ 8.56480670840312, 47.412097610168694 ], [ 8.564887493903315, 47.41209749161056 ], [ 8.565147408403449, 47.41209711016856 ], [ 8.565195908403497, 47.412097010168573 ], [ 8.565215816148058, 47.412097187599443 ], [ 8.565262552545107, 47.412097604144876 ], [ 8.565588608403873, 47.412100510168443 ], [ 8.565622008403906, 47.412101810168473 ], [ 8.565640959301566, 47.412102705682322 ] ] } },
{ "type": "Feature", "properties": { "corridor_id": 13, "corridor_name": "Rämistrasse - Universitätstrasse - Gloriastrasse", "street_names": "Gloriastrasse; Rämistrasse; Universitätstrasse", "n_edges": 19, "length_m": 726.73310355373542, "length_km": 0.72673310355373544, "mean_score": 35.25850366962036, "total_score": 669.91156972278679, "pair_count_max": 84, "neighborhood_span": 21, "climb_saved_m": 426.62035569375695, "mean_abs_grade": 0.0276554682526227, "max_grade": 0.059735110432702597, "elev_min_m": 447.75094604492188, "elev_max_m": 466.18463134765625, "elev_range_m": 18.433685302734375, "gain_per_km": 22.469438351051178, "low_stress_share": 0.0, "mode": "walk", "n_pieces": 1, "neighborhoods": "Fluntern; Hochschulen; Oberstrass", "end_a_lon": 8.548142, "end_a_lat": 47.379872, "end_b_lon": 8.55135, "end_b_lat": 47.374761, "corridor_uid": "walk-13" }, "geometry": { "type": "MultiLineString", "coordinates": [ [ [ 8.548810708398779, 47.376208510161881 ], [ 8.548853508398791, 47.37631251016191 ], [ 8.548744508398604, 47.376566110162017 ], [ 8.548744086271405, 47.376567093504406 ], [ 8.54870110839853, 47.376667210162054 ], [ 8.548662708398458, 47.376756610162097 ], [ 8.548585608398334, 47.376922210162185 ], [ 8.54858504264014, 47.376923486050671 ], [ 8.548522908398228, 47.37706361016226 ], [ 8.548522211963981, 47.377065063968701 ], [ 8.548498908398196, 47.377113710162263 ], [ 8.548498338160746, 47.377114902198528 ], [ 8.548387208398013, 47.377347210162398 ], [ 8.548312543200824, 47.37750624505167 ], [ 8.548311808397893, 47.377507810162456 ], [ 8.548285008397846, 47.377563410162466 ], [ 8.548181208397676, 47.377786510162579 ], [ 8.548164308397647, 47.377830910162587 ], [ 8.54814770839762, 47.377875010162612 ], [ 8.548129108397584, 47.377937610162654 ], [ 8.548120908397554, 47.378009910162667 ], [ 8.548117108933702, 47.378146790845506 ], [ 8.5481171083975, 47.378146810162711 ], [ 8.548126608397336, 47.378732510162905 ], [ 8.548135508397108, 47.379484010163104 ], [ 8.54814200833118, 47.379871906235429 ] ], [ [ 8.551349681364831, 47.374760913379646 ], [ 8.55134960840169, 47.374760910160646 ], [ 8.550750508401119, 47.374729510160876 ], [ 8.549959908400362, 47.374690610161032 ], [ 8.549771646449383, 47.374691895563082 ], [ 8.54976950840018, 47.37469191016114 ], [ 8.549560108399961, 47.374733110161195 ], [ 8.549520708399895, 47.374823810161224 ], [ 8.54952064556724, 47.374823955057337 ], [ 8.549416808399718, 47.375063410161331 ], [ 8.549376908399651, 47.375155310161382 ], [ 8.549281008399502, 47.375357010161494 ], [ 8.549243708399432, 47.375447710161495 ], [ 8.549104611716874, 47.37557124751158 ], [ 8.549095308399247, 47.375579510161614 ], [ 8.549019108399124, 47.375746410161682 ], [ 8.548967294586548, 47.3758565269925 ], [ 8.548967208399034, 47.375856710161699 ], [ 8.548810708398779, 47.376208510161881 ], [ 8.548810286989811, 47.376209413371079 ] ] ] } },
{ "type": "Feature", "properties": { "corridor_id": 14, "corridor_name": "Hallwylstrasse - Selnaustrasse - Sihlhölzlistrasse - Manessestrasse", "street_names": "Hallwylstrasse; Manessestrasse; Selnaustrasse; Sihlhölzlibrücke; Sihlhölzlistrasse", "n_edges": 20, "length_m": 1060.5902436669051, "length_km": 1.060590243666905, "mean_score": 32.151504840733352, "total_score": 643.03009681466699, "pair_count_max": 100, "neighborhood_span": 26, "climb_saved_m": 365.11599007593549, "mean_abs_grade": 0.0051564419946601358, "max_grade": 0.017690352613631027, "elev_min_m": 411.65170288085938, "elev_max_m": 413.96734619140625, "elev_range_m": 2.315643310546875, "gain_per_km": 2.7300621632262017, "low_stress_share": 0.19240818207031718, "mode": "walk", "n_pieces": 1, "neighborhoods": "City; Enge; Sihlfeld; Werd", "end_a_lon": 8.525477, "end_a_lat": 47.36928, "end_b_lon": 8.532908, "end_b_lat": 47.372971, "corridor_uid": "walk-14" }, "geometry": { "type": "MultiLineString", "coordinates": [ [ [ 8.526254108378938, 47.36949461016625 ], [ 8.526144408378824, 47.369510810166283 ], [ 8.526050473240288, 47.369510810166325 ], [ 8.526048008378732, 47.36951081016629 ], [ 8.52595620837865, 47.36949751016634 ], [ 8.525876108378576, 47.369471010166365 ], [ 8.525809708378521, 47.369445810166333 ], [ 8.525721608378445, 47.369410210166379 ], [ 8.525477349733343, 47.369280049886115 ] ], [ [ 8.526254108378938, 47.36949461016625 ], [ 8.526286708378949, 47.369556210166238 ], [ 8.526296467475721, 47.369563938937759 ], [ 8.526358808379003, 47.369613310166216 ], [ 8.526913432274736, 47.369917728532712 ], [ 8.526922508379455, 47.3699227101662 ], [ 8.527121508379613, 47.370031910166176 ], [ 8.527356327124453, 47.370241110522088 ], [ 8.52735890837978, 47.370243410166168 ], [ 8.527410608379816, 47.37028951016616 ], [ 8.527491352209355, 47.370357462893914 ], [ 8.527491408379872, 47.370357510166158 ], [ 8.528062231904046, 47.370837809252258 ] ], [ [ 8.532908023721589, 47.372971005278757 ], [ 8.532749708384246, 47.372753210165406 ], [ 8.532377108384013, 47.372330110165365 ], [ 8.532191208383889, 47.372147110165351 ], [ 8.532168946691328, 47.372128396430092 ], [ 8.53215920838387, 47.372120210165377 ], [ 8.531997590947443, 47.371984986431237 ], [ 8.53197550838374, 47.3719665101654 ], [ 8.53173160838357, 47.371741010165387 ], [ 8.531564208383463, 47.371559610165356 ], [ 8.531478708383425, 47.371423410165342 ], [ 8.531444408383408, 47.371352310165342 ], [ 8.531416908383406, 47.371280210165345 ], [ 8.531404708383407, 47.371240510165308 ], [ 8.531376708383407, 47.371151110165314 ], [ 8.531367935421285, 47.371118338439004 ], [ 8.531364608383409, 47.371105910165269 ], [ 8.531328308383413, 47.370986110165262 ], [ 8.531266708383388, 47.370862910165236 ], [ 8.531256776130338, 47.370849131674234 ], [ 8.531202408383351, 47.37077371016521 ], [ 8.531142008383311, 47.370709510165227 ], [ 8.53102110838323, 47.370593110165203 ], [ 8.531000086351087, 47.370572876156196 ], [ 8.530847708383114, 47.370426210165178 ], [ 8.530675208382997, 47.370259410165211 ], [ 8.530489608382874, 47.370087410165212 ], [ 8.530322008382756, 47.369946310165254 ], [ 8.530131008382616, 47.369787510165217 ], [ 8.529404208382088, 47.369217410165248 ], [ 8.529324308382023, 47.369156510165261 ], [ 8.528990308381804, 47.368831710165239 ], [ 8.528953108381772, 47.368795510165199 ], [ 8.528951562859076, 47.36879420173134 ], [ 8.528848808381701, 47.368707210165226 ], [ 8.528714108381543, 47.368790310165309 ], [ 8.528637208381456, 47.368837710165351 ], [ 8.528314008381079, 47.369047110165504 ], [ 8.528202708380954, 47.369105610165555 ], [ 8.528199708380949, 47.369107210165552 ], [ 8.528126208380865, 47.369138810165609 ], [ 8.52811564506694, 47.369142352354693 ], [ 8.527959208380688, 47.369194810165631 ], [ 8.527430308380147, 47.369282710165827 ], [ 8.526535108379228, 47.369443310166112 ], [ 8.526254108378938, 47.36949461016625 ] ] ] } },
{ "type": "Feature", "properties": { "corridor_id": 15, "corridor_name": "Bederstrasse - Waffenplatzstrasse", "street_names": "Bederstrasse; Waffenplatzstrasse", "n_edges": 16, "length_m": 630.4222562110524, "length_km": 0.63042225621105241, "mean_score": 39.99282576134194, "total_score": 639.88521218147105, "pair_count_max": 90, "neighborhood_span": 34, "climb_saved_m": 298.985455400653, "mean_abs_grade": 0.010595480054751099, "max_grade": 0.053303400805209747, "elev_min_m": 415.25503540039062, "elev_max_m": 420.47171020507812, "elev_range_m": 5.2166748046875, "gain_per_km": 2.4896798060083434, "low_stress_share": 0.0, "mode": "walk", "n_pieces": 1, "neighborhoods": "Enge", "end_a_lon": 8.526757, "end_a_lat": 47.359925, "end_b_lon": 8.530087, "end_b_lat": 47.364431, "corridor_uid": "walk-15" }, "geometry": { "type": "LineString", "coordinates": [ [ 8.526757282407326, 47.3599245522201 ], [ 8.526676709078437, 47.360365206355247 ], [ 8.526676708382158, 47.360365210163174 ], [ 8.526665508382134, 47.360427910163168 ], [ 8.526619408382006, 47.360685410163292 ], [ 8.52661940358877, 47.36068543691848 ], [ 8.526579708381901, 47.360907010163345 ], [ 8.526514408381736, 47.361233310163527 ], [ 8.526525608381727, 47.36129741016348 ], [ 8.526468408381563, 47.361649910163671 ], [ 8.52647010838154, 47.361741910163659 ], [ 8.526470508381534, 47.361763910163646 ], [ 8.526471008381522, 47.361792510163667 ], [ 8.526471038803617, 47.361792780055133 ], [ 8.526492808381485, 47.361985910163725 ], [ 8.526565708381536, 47.362048210163735 ], [ 8.526572808381546, 47.362054210163727 ], [ 8.526628539844749, 47.362106283948862 ], [ 8.526630708381582, 47.362108310163762 ], [ 8.526686808381616, 47.362161810163784 ], [ 8.526733208381648, 47.362212010163738 ], [ 8.526837408381711, 47.362324610163746 ], [ 8.526838314563486, 47.36232562707599 ], [ 8.526997808381818, 47.362504610163775 ], [ 8.527041408381839, 47.362553510163771 ], [ 8.527047757050987, 47.362560837980908 ], [ 8.527322808382019, 47.362878310163808 ], [ 8.527441208382092, 47.363013610163804 ], [ 8.527460378233851, 47.363035383497902 ], [ 8.527860908382356, 47.363490310163819 ], [ 8.527912608382387, 47.363547110163857 ], [ 8.528005808382442, 47.363643410163839 ], [ 8.528089608382501, 47.363720610163874 ], [ 8.528164008382555, 47.363778310163845 ], [ 8.528219208382597, 47.363818210163856 ], [ 8.52828340838265, 47.363857310163802 ], [ 8.528402008382741, 47.363919510163811 ], [ 8.528422304513027, 47.363928435339083 ], [ 8.528560508382878, 47.363989210163773 ], [ 8.528717408383008, 47.364042310163754 ], [ 8.52871931969452, 47.364042863635696 ], [ 8.529379408383596, 47.364234010163628 ], [ 8.529380352277178, 47.364234279181069 ], [ 8.529622208383817, 47.364303210163591 ], [ 8.529728708383907, 47.36433351016359 ], [ 8.529864608384031, 47.364365510163545 ], [ 8.52997660838413, 47.364393710163505 ], [ 8.530086508384228, 47.364430910163478 ] ] } },
{ "type": "Feature", "properties": { "corridor_id": 16, "corridor_name": "Hofwiesenstrasse - Wehntalerstrasse", "street_names": "Hofwiesenstrasse; Wehntalerstrasse", "n_edges": 16, "length_m": 728.17319619596196, "length_km": 0.72817319619596199, "mean_score": 39.639007767312897, "total_score": 634.22412427700635, "pair_count_max": 105, "neighborhood_span": 32, "climb_saved_m": 411.35250833214741, "mean_abs_grade": 0.011222642606492843, "max_grade": 0.032251535087216787, "elev_min_m": 464.24935913085938, "elev_max_m": 471.85202026367188, "elev_range_m": 7.6026611328125, "gain_per_km": 0.75458558075344884, "low_stress_share": 0.0, "mode": "walk", "n_pieces": 1, "neighborhoods": "Unterstrass", "end_a_lon": 8.533432, "end_a_lat": 47.398223, "end_b_lon": 8.534054, "end_b_lat": 47.403976, "corridor_uid": "walk-16" }, "geometry": { "type": "MultiLineString", "coordinates": [ [ [ 8.533321808376844, 47.398464910173495 ], [ 8.533295508376797, 47.398536210173532 ], [ 8.533273808376743, 47.398636410173538 ], [ 8.533260908376707, 47.398713710173567 ], [ 8.533291708376725, 47.398748410173575 ], [ 8.533289308376725, 47.398760110173519 ], [ 8.533278008376691, 47.398816110173605 ], [ 8.53327800788133, 47.398816112604855 ], [ 8.533269308376667, 47.398858810173621 ], [ 8.533264808376659, 47.398881110173647 ], [ 8.533306908376675, 47.398956410173639 ], [ 8.533336508376699, 47.398983010173652 ], [ 8.533340363343907, 47.398986473375913 ] ], [ [ 8.533321884449469, 47.398464922359885 ], [ 8.533342408376866, 47.398468210173469 ], [ 8.533384008376936, 47.398352610173454 ], [ 8.533431308377024, 47.398225610173419 ], [ 8.533432272413735, 47.398223016455589 ] ], [ [ 8.533408016749947, 47.398937874918708 ], [ 8.533401508376773, 47.39893981017363 ], [ 8.533336508376699, 47.398983010173652 ], [ 8.533276408376626, 47.399040610173685 ], [ 8.533251108376568, 47.399111010173755 ], [ 8.533261308376538, 47.399247610173745 ], [ 8.533280608376524, 47.399360610173787 ], [ 8.533343608376518, 47.399565810173819 ], [ 8.533444208376558, 47.39977731017386 ], [ 8.533547408376601, 47.399947910173921 ], [ 8.533774108376724, 47.400272010173943 ], [ 8.534057108376876, 47.400651010173981 ], [ 8.534326608377027, 47.401019110173991 ], [ 8.534409408377076, 47.40112211017405 ], [ 8.534415908377078, 47.401130210174045 ], [ 8.534440982337387, 47.401159938013279 ], [ 8.534442308377095, 47.401161510174028 ], [ 8.534507308377124, 47.401260610174035 ], [ 8.534850608377313, 47.401730110174114 ], [ 8.535127297867986, 47.402000556312899 ], [ 8.5351298083775, 47.402003010174099 ], [ 8.535350957630182, 47.402222536838252 ], [ 8.535361508377653, 47.402233010174079 ], [ 8.535494208377711, 47.402468710174141 ], [ 8.535353108377548, 47.402547210174184 ], [ 8.53525726257736, 47.402643232323548 ], [ 8.535244408377407, 47.402656110174306 ], [ 8.534612108376583, 47.403317710174697 ], [ 8.534325408376219, 47.403611510174869 ], [ 8.534242908376092, 47.403767210174898 ], [ 8.534053583576235, 47.403976127192564 ] ] ] } },
{ "type": "Feature", "properties": { "corridor_id": 17, "corridor_name": "Seilergraben - Hirschengraben - Heimstrasse", "street_names": "Heimstrasse; Hirschengraben; Seilergraben", "n_edges": 14, "length_m": 670.80474936531311, "length_km": 0.67080474936531309, "mean_score": 45.204567453989647, "total_score": 632.8639443558551, "pair_count_max": 159, "neighborhood_span": 32, "climb_saved_m": 264.79517355148221, "mean_abs_grade": 0.015627955592294573, "max_grade": 0.045154171948786397, "elev_min_m": 412.22769165039062, "elev_max_m": 422.71099853515625, "elev_range_m": 10.483306884765625, "gain_per_km": 15.647063139474058, "low_stress_share": 0.0, "mode": "walk", "n_pieces": 1, "neighborhoods": "Hochschulen", "end_a_lon": 8.544782, "end_a_lat": 47.376366, "end_b_lon": 8.548288, "end_b_lat": 47.3709, "corridor_uid": "walk-17" }, "geometry": { "type": "LineString", "coordinates": [ [ 8.544782174366164, 47.376365950459871 ], [ 8.544782808394816, 47.376365010163099 ], [ 8.545192708395415, 47.375712210162796 ], [ 8.545192864238311, 47.375711966254798 ], [ 8.545564508395957, 47.375130310162483 ], [ 8.545811608396319, 47.3747444101623 ], [ 8.545812836857642, 47.374742793555193 ], [ 8.545873008396402, 47.374663610162209 ], [ 8.545939608396496, 47.374583410162153 ], [ 8.546377408397083, 47.374054310161874 ], [ 8.54640567351319, 47.374020173067493 ], [ 8.546405808397123, 47.3740200101619 ], [ 8.546443408397174, 47.373975410161819 ], [ 8.546456504896533, 47.373959870285759 ], [ 8.546456808397188, 47.373959510161804 ], [ 8.547130508398096, 47.373145710161417 ], [ 8.547134408398104, 47.373140810161409 ], [ 8.547169182655448, 47.373097193307188 ], [ 8.547169408398149, 47.373096910161337 ], [ 8.547200908398187, 47.373057110161319 ], [ 8.547273613495088, 47.372974005115665 ], [ 8.547277808398295, 47.372969210161301 ], [ 8.547300808398324, 47.372942910161242 ], [ 8.547350508398392, 47.372874810161235 ], [ 8.547409208398479, 47.372785310161184 ], [ 8.547470708398574, 47.372663710161127 ], [ 8.547473650361191, 47.372653996133636 ], [ 8.547476008398585, 47.372646210161115 ], [ 8.54751950839867, 47.37250401016108 ], [ 8.547593308398872, 47.372100310160924 ], [ 8.547648308399014, 47.371804210160803 ], [ 8.547671008399059, 47.371726210160759 ], [ 8.547682008399079, 47.371688610160774 ], [ 8.547682593448206, 47.371686990760061 ], [ 8.54771260839914, 47.371603910160687 ], [ 8.547778308399241, 47.371481410160683 ], [ 8.547975508399526, 47.371169310160511 ], [ 8.548029108399605, 47.371083910160465 ], [ 8.548052608399637, 47.371047610160453 ], [ 8.548087508399687, 47.371004010160405 ], [ 8.548121808399728, 47.370974310160392 ], [ 8.548156108399771, 47.37095541016037 ], [ 8.548288008399911, 47.370899910160304 ] ] } },
{ "type": "Feature", "properties": { "corridor_id": 18, "corridor_name": "Waffenplatzstrasse - Mutschellenstrasse", "street_names": "Mutschellenstrasse; Waffenplatzstrasse", "n_edges": 17, "length_m": 690.59899963110092, "length_km": 0.69059899963110094, "mean_score": 36.719839178429517, "total_score": 624.23726603330181, "pair_count_max": 72, "neighborhood_span": 34, "climb_saved_m": 275.20890314600854, "mean_abs_grade": 0.0087303997772492127, "max_grade": 0.027778594087613934, "elev_min_m": 419.78280639648438, "elev_max_m": 425.86810302734375, "elev_range_m": 6.085296630859375, "gain_per_km": 0.042599171629577791, "low_stress_share": 0.0, "mode": "walk", "n_pieces": 1, "neighborhoods": "Enge", "end_a_lon": 8.527031, "end_a_lat": 47.353492, "end_b_lon": 8.526798, "end_b_lat": 47.359686, "corridor_uid": "walk-18" }, "geometry": { "type": "LineString", "coordinates": [ [ 8.527031108384627, 47.353491710160839 ], [ 8.526979008384457, 47.353865710160946 ], [ 8.52693500838431, 47.354202710161097 ], [ 8.526902508384229, 47.354364710161136 ], [ 8.526851688901335, 47.3546813085499 ], [ 8.526851608384083, 47.35468181016126 ], [ 8.526840008384031, 47.354816610161286 ], [ 8.526856508383982, 47.354998210161376 ], [ 8.526856508454751, 47.354998210929324 ], [ 8.526875508383945, 47.35520441016142 ], [ 8.526878508383934, 47.355237410161429 ], [ 8.526970403394188, 47.356238055830758 ], [ 8.526970408383718, 47.356238110161733 ], [ 8.526973808383707, 47.356289810161755 ], [ 8.526990408383643, 47.35655721016186 ], [ 8.526990708383098, 47.356606610074707 ], [ 8.526990708383629, 47.356606610161826 ], [ 8.526995008382062, 47.357374609924499 ], [ 8.526995008383393, 47.357374610162111 ], [ 8.526995008383384, 47.357403210162104 ], [ 8.526995008383345, 47.35752541016214 ], [ 8.526995008383388, 47.357525410323582 ], [ 8.526995108383236, 47.357885910162238 ], [ 8.52699510838195, 47.357885910807617 ], [ 8.526994608383163, 47.358136910162379 ], [ 8.526995308383114, 47.358277610162403 ], [ 8.526995408383069, 47.35838981015187 ], [ 8.526995408383083, 47.358389810162407 ], [ 8.52699540838306, 47.35846641016245 ], [ 8.526993308383037, 47.358537210162488 ], [ 8.526955908382918, 47.358795710162575 ], [ 8.526898408382765, 47.359117910162738 ], [ 8.526898392905959, 47.35911799775117 ], [ 8.526889308382733, 47.359169410162714 ], [ 8.52679840838249, 47.359685810162887 ], [ 8.526798404009009, 47.359685834573582 ] ] } },
{ "type": "Feature", "properties": { "corridor_id": 19, "corridor_name": "Theaterstrasse - Seefeldstrasse - Gottfried-Keller-Strasse", "street_names": "Gottfried-Keller-Strasse; Seefeldstrasse; Theaterstrasse", "n_edges": 17, "length_m": 693.34363685594337, "length_km": 0.69334363685594336, "mean_score": 33.146680895210793, "total_score": 563.49357521858349, "pair_count_max": 100, "neighborhood_span": 30, "climb_saved_m": 235.32048414315193, "mean_abs_grade": 0.0023477205677612661, "max_grade": 0.022627576593875629, "elev_min_m": 408.07339477539062, "elev_max_m": 409.43048095703125, "elev_range_m": 1.357086181640625, "gain_per_km": 0.65582474532318513, "low_stress_share": 0.24620972191519291, "mode": "walk", "n_pieces": 1, "neighborhoods": "Hochschulen; Mühlebach", "end_a_lon": 8.545343, "end_a_lat": 47.36734, "end_b_lon": 8.549084, "end_b_lat": 47.363889, "corridor_uid": "walk-19" }, "geometry": { "type": "MultiLineString", "coordinates": [ [ [ 8.545799744413246, 47.366853241452276 ], [ 8.545797308398743, 47.36687611015973 ], [ 8.545780808398709, 47.366910610159749 ], [ 8.545753999690451, 47.366941091293782 ], [ 8.545744308398667, 47.366952110159772 ], [ 8.545714008398626, 47.366975310159802 ], [ 8.545513008398386, 47.367129010159907 ], [ 8.545422308398271, 47.367216410159983 ], [ 8.545378908398208, 47.367274610159988 ], [ 8.545367908398189, 47.36729471016001 ], [ 8.545357908398177, 47.367313110160033 ], [ 8.545342979930515, 47.367340386866346 ] ], [ [ 8.546906008400114, 47.365915110159079 ], [ 8.546900908400085, 47.365992210159156 ], [ 8.546814608399973, 47.366069110159181 ], [ 8.54669320839983, 47.366177510159268 ], [ 8.546679920365982, 47.366188002438001 ], [ 8.546085308399084, 47.366657510159605 ], [ 8.5460828516311, 47.366659447310269 ], [ 8.545972308398946, 47.366746610159645 ], [ 8.545956508398927, 47.366758510159649 ], [ 8.5459285083989, 47.36677881015968 ], [ 8.545883708398842, 47.366813010159724 ], [ 8.545797308398743, 47.36687611015973 ] ], [ [ 8.545860849218506, 47.366697228668279 ], [ 8.545862208398857, 47.36669631015971 ], [ 8.54599070839901, 47.36661131015962 ], [ 8.546140308399185, 47.36650831015951 ], [ 8.546526608399658, 47.366206010159317 ], [ 8.546867908400069, 47.365944210159164 ], [ 8.546906008400114, 47.365915110159079 ] ], [ [ 8.547852108400875, 47.366440710158983 ], [ 8.547784308400814, 47.366414410158995 ], [ 8.54768440840073, 47.366356610159031 ], [ 8.547254208400387, 47.366105910159085 ], [ 8.547224008400368, 47.366089910159076 ], [ 8.547223369793194, 47.366089571002412 ], [ 8.547069608400244, 47.366007910159098 ], [ 8.546994708400183, 47.365967310159121 ], [ 8.546906008400114, 47.365915110159079 ] ], [ [ 8.549083908402851, 47.363888810157846 ], [ 8.548829908402526, 47.364153410158025 ], [ 8.548576708402191, 47.364438010158189 ], [ 8.548297308401821, 47.36476741015835 ], [ 8.548294605241194, 47.36477054455365 ], [ 8.54817820840166, 47.364905510158415 ], [ 8.548174670921865, 47.364909546313761 ], [ 8.547996608401418, 47.365112710158542 ], [ 8.547969008401386, 47.365140910158566 ], [ 8.547964386005345, 47.365144478091203 ], [ 8.547899308401302, 47.365194710158612 ], [ 8.547853608401244, 47.365231210158619 ], [ 8.547821208401208, 47.365257610158622 ], [ 8.547567208400897, 47.365464310158799 ], [ 8.547470408400773, 47.365543310158827 ], [ 8.547307608400581, 47.365661510158894 ], [ 8.547202608400459, 47.365733510158968 ], [ 8.546968721790337, 47.365867428306835 ], [ 8.546966308400188, 47.3658688101591 ], [ 8.546906008400114, 47.365915110159079 ] ] ] } },
{ "type": "Feature", "properties": { "corridor_id": 20, "corridor_name": "Gladbachstrasse", "street_names": "Gladbachstrasse", "n_edges": 15, "length_m": 815.41516743225384, "length_km": 0.81541516743225384, "mean_score": 33.757511180391347, "total_score": 506.36266770587019, "pair_count_max": 53, "neighborhood_span": 18, "climb_saved_m": 390.72851915993465, "mean_abs_grade": 0.010705579935344283, "max_grade": 0.033249841257822599, "elev_min_m": 505.7841796875, "elev_max_m": 514.513671875, "elev_range_m": 8.7294921875, "gain_per_km": 0.0, "low_stress_share": 0.0, "mode": "walk", "n_pieces": 1, "neighborhoods": "Fluntern", "end_a_lon": 8.559459, "end_a_lat": 47.376971, "end_b_lon": 8.551905, "end_b_lat": 47.382187, "corridor_uid": "walk-20" }, "geometry": { "type": "LineString", "coordinates": [ [ 8.55945870840887, 47.376970510159047 ], [ 8.55904110840838, 47.377235610159275 ], [ 8.55887850840819, 47.37734361015935 ], [ 8.557955208407094, 47.377987510159826 ], [ 8.557664708406758, 47.378173210159943 ], [ 8.557663327220103, 47.378174093239437 ], [ 8.557488908406553, 47.378285610160049 ], [ 8.557356108406401, 47.378373810160099 ], [ 8.557352867156325, 47.378375793225224 ], [ 8.557105708406102, 47.378527010160226 ], [ 8.556673708405611, 47.378777510160447 ], [ 8.556163908405024, 47.379067710160719 ], [ 8.556160351515224, 47.379069762563688 ], [ 8.556008108404846, 47.37915761016076 ], [ 8.555624363474951, 47.379368624890269 ], [ 8.555624208404407, 47.379368710160882 ], [ 8.55550280840427, 47.379439810160953 ], [ 8.555045308403734, 47.379718710161207 ], [ 8.554965608403643, 47.37976731016122 ], [ 8.554965513009497, 47.379767368041605 ], [ 8.554820408403476, 47.379855410161341 ], [ 8.554690182031431, 47.379952285877074 ], [ 8.554689208403323, 47.379953010161394 ], [ 8.554641908403259, 47.379990010161436 ], [ 8.554521108403115, 47.380084710161462 ], [ 8.554163808402677, 47.380363410161642 ], [ 8.553859508402317, 47.38060161016184 ], [ 8.55367460840209, 47.380747710161934 ], [ 8.553674539453306, 47.380747764358347 ], [ 8.553564308401954, 47.380834410161981 ], [ 8.553008808401279, 47.381293210162326 ], [ 8.553007577262337, 47.381294203220321 ], [ 8.552035608400088, 47.382078210162859 ], [ 8.551951508399986, 47.382147810162884 ], [ 8.551904614652212, 47.382186527059623 ] ] } },
{ "type": "Feature", "properties": { "corridor_id": 21, "corridor_name": "Bleicherweg - Seestrasse", "street_names": "Bleicherweg; Seestrasse", "n_edges": 12, "length_m": 414.74072869328859, "length_km": 0.4147407286932886, "mean_score": 38.561441659428809, "total_score": 462.7372999131457, "pair_count_max": 102, "neighborhood_span": 31, "climb_saved_m": 204.2604028671916, "mean_abs_grade": 0.0057506042125648879, "max_grade": 0.014060267129206079, "elev_min_m": 408.24432373046875, "elev_max_m": 409.66189575195312, "elev_range_m": 1.417572021484375, "gain_per_km": 4.6035296467020723, "low_stress_share": 0.35532496536264202, "mode": "walk", "n_pieces": 1, "neighborhoods": "Enge", "end_a_lon": 8.531709, "end_a_lat": 47.3651, "end_b_lon": 8.534396, "end_b_lat": 47.3676, "corridor_uid": "walk-21" }, "geometry": { "type": "MultiLineString", "coordinates": [ [ [ 8.532214008385873, 47.365799410163341 ], [ 8.532135508385805, 47.365776110163317 ], [ 8.532103408385778, 47.365760410163325 ], [ 8.531651908385463, 47.365354210163346 ] ], [ [ 8.5317086083856, 47.365100310163228 ], [ 8.531726808385594, 47.365175210163251 ], [ 8.531751208385597, 47.3652341101633 ], [ 8.53179150838562, 47.365303610163302 ], [ 8.531841408385644, 47.365365210163304 ], [ 8.531897808385681, 47.365422710163323 ], [ 8.532095808385819, 47.365604810163298 ], [ 8.532219908385901, 47.365718910163288 ], [ 8.532223508385904, 47.365735810163358 ], [ 8.532214008385873, 47.365799410163341 ] ], [ [ 8.534395739930677, 47.367599562534338 ], [ 8.534391908387436, 47.367596710163269 ], [ 8.533929308387091, 47.367253510163309 ], [ 8.533822863594745, 47.367171606532146 ], [ 8.533822608387013, 47.367171410163316 ], [ 8.533548216004382, 47.366966210657694 ], [ 8.53354580838681, 47.36696441016332 ], [ 8.533172326378056, 47.366684988829661 ], [ 8.533167008386528, 47.366681010163333 ], [ 8.533102408386487, 47.366609110163317 ], [ 8.533011108386425, 47.366512110163335 ], [ 8.533008350669947, 47.36650964011762 ], [ 8.532800208386277, 47.366323210163294 ], [ 8.53243190838602, 47.365993110163302 ], [ 8.532431551624073, 47.365992790435492 ], [ 8.532345208385964, 47.36591541016336 ], [ 8.532214008385873, 47.365799410163341 ] ] ] } },
{ "type": "Feature", "properties": { "corridor_id": 22, "corridor_name": "August-Forel-Strasse - Buchenweg", "street_names": "August-Forel-Strasse; Buchenweg", "n_edges": 10, "length_m": 682.38917047669872, "length_km": 0.68238917047669867, "mean_score": 44.661806154800125, "total_score": 446.61806154800126, "pair_count_max": 64, "neighborhood_span": 34, "climb_saved_m": 218.69439811806797, "mean_abs_grade": 0.014857341063585633, "max_grade": 0.036101094250330541, "elev_min_m": 458.9132080078125, "elev_max_m": 469.0216064453125, "elev_range_m": 10.1083984375, "gain_per_km": 4.8637491187674584, "low_stress_share": 1.0, "mode": "walk", "n_pieces": 1, "neighborhoods": "Weinegg", "end_a_lon": 8.572338, "end_a_lat": 47.352679, "end_b_lon": 8.568382, "end_b_lat": 47.3573, "corridor_uid": "walk-22" }, "geometry": { "type": "LineString", "coordinates": [ [ 8.572337707981029, 47.352679418129895 ], [ 8.572325008428876, 47.352688110147461 ], [ 8.572254108428789, 47.3527540101475 ], [ 8.57223040842875, 47.352807210147546 ], [ 8.57211570842847, 47.353344010147751 ], [ 8.572110739712542, 47.353367261907366 ], [ 8.57201800842823, 47.353801210147914 ], [ 8.572022008428217, 47.35385331014794 ], [ 8.57204190842821, 47.35394181014798 ], [ 8.572064693887747, 47.354011544679402 ], [ 8.57206670842821, 47.354017710147957 ], [ 8.572073300692692, 47.354095956021077 ], [ 8.572086608428158, 47.354253910148046 ], [ 8.57209660842808, 47.354553210148119 ], [ 8.572082708428004, 47.354742310148225 ], [ 8.572032008427898, 47.35492041014826 ], [ 8.572003208427848, 47.354986610148281 ], [ 8.5719683482207, 47.355065683301007 ], [ 8.571958108427776, 47.355088910148318 ], [ 8.571862708427634, 47.355235410148424 ], [ 8.571760208427504, 47.355351310148492 ], [ 8.571697208427425, 47.355413310148563 ], [ 8.57138310842703, 47.355702910148715 ], [ 8.571317508426944, 47.355761510148781 ], [ 8.571294768464446, 47.355784699079763 ], [ 8.570927508426443, 47.356159210149002 ], [ 8.570872537298511, 47.356215266590389 ], [ 8.570522308425925, 47.356572410149248 ], [ 8.570493578175761, 47.356603994858787 ], [ 8.570398508425763, 47.356708510149325 ], [ 8.570375827113738, 47.356733377292038 ], [ 8.569885908425093, 47.357270510149675 ], [ 8.569868608425061, 47.357305710149667 ], [ 8.569868608425054, 47.357334710149679 ], [ 8.569785608424976, 47.357337310149717 ], [ 8.569312708424505, 47.357357510149853 ], [ 8.569129108424326, 47.357365210149936 ], [ 8.568917608424128, 47.35735921014993 ], [ 8.568382208423619, 47.357300410150089 ], [ 8.568382167871793, 47.357300407462951 ] ] } },
{ "type": "Feature", "properties": { "corridor_id": 23, "corridor_name": "Wallisellenstrasse", "street_names": "Wallisellenstrasse", "n_edges": 11, "length_m": 567.2542040695115, "length_km": 0.56725420406951155, "mean_score": 33.686419707080354, "total_score": 370.55061677788393, "pair_count_max": 60, "neighborhood_span": 34, "climb_saved_m": 156.19031582510851, "mean_abs_grade": 0.0076948380658393755, "max_grade": 0.019966004776488199, "elev_min_m": 426.04061889648438, "elev_max_m": 429.46243286132812, "elev_range_m": 3.42181396484375, "gain_per_km": 6.032240819539946, "low_stress_share": 0.0, "mode": "walk", "n_pieces": 1, "neighborhoods": "Oerlikon; Saatlen", "end_a_lon": 8.554787, "end_a_lat": 47.410669, "end_b_lon": 8.562172, "end_b_lat": 47.410873, "corridor_uid": "walk-23" }, "geometry": { "type": "MultiLineString", "coordinates": [ [ [ 8.554786790525913, 47.410668653858565 ], [ 8.55494190839401, 47.410671010171107 ], [ 8.555715108394759, 47.410679410170879 ], [ 8.555864008394902, 47.410680410170855 ], [ 8.555911694501512, 47.41068111603164 ], [ 8.556051125040071, 47.410683179914862 ], [ 8.556276108395297, 47.41068651017072 ], [ 8.557677908396649, 47.410711310170306 ], [ 8.557729508396701, 47.410712110170302 ], [ 8.557750055828073, 47.410712393304202 ], [ 8.557780308396746, 47.410712810170324 ], [ 8.557850008396812, 47.410720910170269 ], [ 8.558633608397569, 47.410733210170051 ], [ 8.558645629061525, 47.410733372611482 ] ], [ [ 8.55863241387447, 47.410810610251815 ], [ 8.558766408397675, 47.410812610170083 ], [ 8.558876307190465, 47.41081451014913 ], [ 8.558876308397782, 47.410814510169978 ], [ 8.558943508397842, 47.410815610169969 ], [ 8.558987308397887, 47.410816410170007 ], [ 8.559258708398149, 47.410820910169917 ], [ 8.560118181956049, 47.410835409723575 ], [ 8.560118208398974, 47.410835410169653 ], [ 8.561140085235548, 47.410853809752254 ], [ 8.561140108399959, 47.410853810169378 ], [ 8.561185882944928, 47.410854509780286 ], [ 8.561185908400001, 47.410854510169351 ], [ 8.561508608400318, 47.410859310169272 ], [ 8.562027708400809, 47.410869810169132 ], [ 8.562171696653127, 47.41087260994064 ] ], [ [ 8.558632412782762, 47.410810327323752 ], [ 8.558633608397569, 47.410733210170051 ], [ 8.558633550096932, 47.410732543780234 ] ] ] } },
{ "type": "Feature", "properties": { "corridor_id": 24, "corridor_name": "General-Guisan-Quai", "street_names": "General-Guisan-Quai", "n_edges": 9, "length_m": 469.52209658330054, "length_km": 0.46952209658330052, "mean_score": 38.298315604877672, "total_score": 344.68484044389908, "pair_count_max": 71, "neighborhood_span": 23, "climb_saved_m": 171.98977023505628, "mean_abs_grade": 0.00061857747190699074, "max_grade": 0.009944782248377455, "elev_min_m": 407.4478759765625, "elev_max_m": 407.7464599609375, "elev_range_m": 0.298583984375, "gain_per_km": 0.45153490491104481, "low_stress_share": 0.0, "mode": "walk", "n_pieces": 1, "neighborhoods": "Enge; Lindenhof", "end_a_lon": 8.540178, "end_a_lat": 47.36607, "end_b_lon": 8.535157, "end_b_lat": 47.363583, "corridor_uid": "walk-24" }, "geometry": { "type": "LineString", "coordinates": [ [ 8.54017840839353, 47.366069810161108 ], [ 8.540022208393404, 47.365990210161108 ], [ 8.539966708393361, 47.365963010161146 ], [ 8.539757608393185, 47.365858810161171 ], [ 8.539168408392706, 47.365563810161234 ], [ 8.539168386747551, 47.365563799319986 ], [ 8.539052608392609, 47.365505810161224 ], [ 8.538987908392555, 47.365473410161243 ], [ 8.53898789138551, 47.365473401646028 ], [ 8.538915008392497, 47.36543691016135 ], [ 8.538905208392489, 47.365432010161307 ], [ 8.538816708392423, 47.365387710161322 ], [ 8.537770608391568, 47.364864610161447 ], [ 8.537727008391526, 47.364842810161434 ], [ 8.537727004486655, 47.364842808209474 ], [ 8.537329108391202, 47.364643910161497 ], [ 8.537168408391071, 47.364563610161497 ], [ 8.53694770839089, 47.364453410161559 ], [ 8.536801508390774, 47.364380510161581 ], [ 8.536801496157018, 47.364380504074525 ], [ 8.536740008390723, 47.36434991016155 ], [ 8.536220508390299, 47.364091010161623 ], [ 8.535412108389638, 47.363689010161728 ], [ 8.535263708389508, 47.363623010161753 ], [ 8.535156708389417, 47.363582610161778 ] ] } },
{ "type": "Feature", "properties": { "corridor_id": 25, "corridor_name": "Susenbergstrasse", "street_names": "Susenbergstrasse", "n_edges": 7, "length_m": 764.10690700098519, "length_km": 0.76410690700098516, "mean_score": 49.18525097700077, "total_score": 344.29675683900541, "pair_count_max": 48, "neighborhood_span": 34, "climb_saved_m": 215.55047300757622, "mean_abs_grade": 0.016582225155795723, "max_grade": 0.059657871991145216, "elev_min_m": 601.2012939453125, "elev_max_m": 614.24334716796875, "elev_range_m": 13.04205322265625, "gain_per_km": 17.661134840612167, "low_stress_share": 1.0, "mode": "walk", "n_pieces": 1, "neighborhoods": "Fluntern", "end_a_lon": 8.556355, "end_a_lat": 47.386201, "end_b_lon": 8.564078, "end_b_lat": 47.381948, "corridor_uid": "walk-25" }, "geometry": { "type": "LineString", "coordinates": [ [ 8.556355249398324, 47.386201138477162 ], [ 8.556357008402999, 47.386200210162876 ], [ 8.558315008405222, 47.385168410161974 ], [ 8.558315482837356, 47.385168164339085 ], [ 8.558629208405572, 47.385005610161869 ], [ 8.559440808406496, 47.384578510161482 ], [ 8.559551608406617, 47.384530110161464 ], [ 8.559750508406831, 47.384452110161334 ], [ 8.559888908406981, 47.384412610161327 ], [ 8.560002108407094, 47.384384010161263 ], [ 8.560130608407231, 47.384358410161177 ], [ 8.560217208407323, 47.384344310161183 ], [ 8.560283608407383, 47.384335010161166 ], [ 8.560542408407644, 47.384308510161098 ], [ 8.560645108407748, 47.384295210161049 ], [ 8.560750792702812, 47.384270694342838 ], [ 8.560760208407869, 47.384268510160993 ], [ 8.560843408407958, 47.384244210160979 ], [ 8.560934508408051, 47.384214510160945 ], [ 8.561002608408128, 47.384188810160879 ], [ 8.561078808408215, 47.384156710160887 ], [ 8.561202208408352, 47.384088410160828 ], [ 8.561285508408453, 47.384027810160788 ], [ 8.561343108408524, 47.383975710160747 ], [ 8.561652408408916, 47.383672910160563 ], [ 8.56208860840947, 47.383264210160291 ], [ 8.56233790840977, 47.383066910160174 ], [ 8.56256810841005, 47.382886410160062 ], [ 8.562659108410159, 47.382815010160002 ], [ 8.563031508410601, 47.382560210159816 ], [ 8.563251808410854, 47.382423710159664 ], [ 8.563643508411307, 47.382196210159506 ], [ 8.564062008411788, 47.381957110159313 ], [ 8.564078171565768, 47.381948121067396 ] ] } },
{ "type": "Feature", "properties": { "corridor_id": 26, "corridor_name": "Seebacherstrasse", "street_names": "Seebacherstrasse", "n_edges": 7, "length_m": 412.48089880885686, "length_km": 0.41248089880885686, "mean_score": 40.369107723015659, "total_score": 282.58375406110963, "pair_count_max": 62, "neighborhood_span": 33, "climb_saved_m": 129.74165415399227, "mean_abs_grade": 0.016555720366832661, "max_grade": 0.022813438416931935, "elev_min_m": 436.85528564453125, "elev_max_m": 443.6842041015625, "elev_range_m": 6.82891845703125, "gain_per_km": 16.555720463060187, "low_stress_share": 0.0, "mode": "walk", "n_pieces": 1, "neighborhoods": "Seebach", "end_a_lon": 8.547907, "end_a_lat": 47.4197, "end_b_lon": 8.544372, "end_b_lat": 47.422446, "corridor_uid": "walk-26" }, "geometry": { "type": "LineString", "coordinates": [ [ 8.547906707855166, 47.419700347172132 ], [ 8.547896908384372, 47.419707510175975 ], [ 8.547851508384317, 47.419756510176057 ], [ 8.547788708384225, 47.419844210176088 ], [ 8.547699508384081, 47.420029610176165 ], [ 8.547569308383874, 47.420286310176316 ], [ 8.547551008383849, 47.420321210176319 ], [ 8.547528708383815, 47.420348010176276 ], [ 8.547486208383759, 47.420388010176296 ], [ 8.547478939512121, 47.420393672086703 ], [ 8.546760208382876, 47.420953510176716 ], [ 8.546721720519304, 47.420982671182045 ], [ 8.546496108382561, 47.421153610176852 ], [ 8.546447843659289, 47.421190154906029 ], [ 8.5461127083821, 47.421443910177032 ], [ 8.546050329911751, 47.421491167765872 ], [ 8.545951408381907, 47.421566110177146 ], [ 8.545816308381745, 47.421665410177262 ], [ 8.545494908381373, 47.421852710177383 ], [ 8.5454182791739, 47.421893207032092 ], [ 8.544638108380406, 47.422305510177772 ], [ 8.544419708380152, 47.422421210177845 ], [ 8.544372442268894, 47.422446387364509 ] ] } },
{ "type": "Feature", "properties": { "corridor_id": 27, "corridor_name": "Freiestrasse - Zürichbergstrasse", "street_names": "Freiestrasse; Zürichbergstrasse", "n_edges": 8, "length_m": 422.13305068162913, "length_km": 0.42213305068162915, "mean_score": 32.613340669755502, "total_score": 260.90672535804401, "pair_count_max": 82, "neighborhood_span": 30, "climb_saved_m": 169.48222130349038, "mean_abs_grade": 0.021857000949635011, "max_grade": 0.033008117700780569, "elev_min_m": 434.53302001953125, "elev_max_m": 443.58746337890625, "elev_range_m": 9.054443359375, "gain_per_km": 18.078857690214729, "low_stress_share": 1.0, "mode": "walk", "n_pieces": 1, "neighborhoods": "Fluntern; Hottingen", "end_a_lon": 8.554964, "end_a_lat": 47.370442, "end_b_lon": 8.553028, "end_b_lat": 47.373465, "corridor_uid": "walk-27" }, "geometry": { "type": "LineString", "coordinates": [ [ 8.554963909938309, 47.370441508458441 ], [ 8.554963908406538, 47.370441510158244 ], [ 8.554623808859372, 47.370819009655349 ], [ 8.55462380840609, 47.370819010158456 ], [ 8.554582908406029, 47.370864410158518 ], [ 8.554537116883331, 47.370915400718687 ], [ 8.554537108405972, 47.37091541015856 ], [ 8.554250408405597, 47.371234510158722 ], [ 8.553410365760579, 47.372169212534708 ], [ 8.553410008404493, 47.37216961015929 ], [ 8.552692608403552, 47.372967710159749 ], [ 8.552617045814278, 47.373051800810181 ], [ 8.552616408403448, 47.373052510159781 ], [ 8.552477088279813, 47.373207553554366 ], [ 8.552476408403265, 47.373208310159875 ], [ 8.552404608403171, 47.373292710159923 ], [ 8.553028008403716, 47.3734652101598 ] ] } },
{ "type": "Feature", "properties": { "corridor_id": 28, "corridor_name": "Hardbrücke", "street_names": "Hardbrücke", "n_edges": 5, "length_m": 508.81802601622928, "length_km": 0.50881802601622927, "mean_score": 51.274091955054288, "total_score": 256.37045977527146, "pair_count_max": 114, "neighborhood_span": 29, "climb_saved_m": 164.07540573153022, "mean_abs_grade": 0.0046077032029780175, "max_grade": 0.0092777487634788484, "elev_min_m": 404.66793823242188, "elev_max_m": 406.65823364257812, "elev_range_m": 1.99029541015625, "gain_per_km": 0.6846419279291881, "low_stress_share": 0.093021397689698124, "mode": "walk", "n_pieces": 1, "neighborhoods": "Hard; Langstrasse", "end_a_lon": 8.516298, "end_a_lat": 47.381986, "end_b_lon": 8.517207, "end_b_lat": 47.385091, "corridor_uid": "walk-28" }, "geometry": { "type": "MultiLineString", "coordinates": [ [ [ 8.514715608363682, 47.382569110173797 ], [ 8.514761308363711, 47.382620810173776 ], [ 8.515175408363984, 47.383040710173823 ], [ 8.515536308364215, 47.383413810173799 ], [ 8.515572508364253, 47.383407310173808 ], [ 8.515605708364285, 47.38340131017376 ], [ 8.515615844464685, 47.383399497420321 ], [ 8.515645408364328, 47.383394210173748 ], [ 8.515662108364344, 47.383391210173762 ] ], [ [ 8.516297908365393, 47.381985910173114 ], [ 8.516259208365348, 47.382018010173162 ], [ 8.516216608365301, 47.382054110173179 ], [ 8.516162808365225, 47.382104310173219 ], [ 8.516062708365101, 47.382202910173277 ], [ 8.515968008364975, 47.382307910173374 ], [ 8.515889308364867, 47.382417510173369 ], [ 8.515835908364791, 47.382496810173429 ], [ 8.515777508364707, 47.382587710173475 ], [ 8.515722608364619, 47.382695410173547 ], [ 8.515685108364558, 47.382780610173562 ], [ 8.515649008364488, 47.38287521017358 ], [ 8.51561690836443, 47.382977110173641 ], [ 8.515600608364396, 47.383046210173681 ], [ 8.515586708364355, 47.383136610173686 ], [ 8.515582508364325, 47.383196010173748 ], [ 8.515582308364309, 47.383259210173748 ], [ 8.5155904083643, 47.38332531017376 ], [ 8.515595808364294, 47.383352510173744 ], [ 8.515605481704023, 47.383400192898954 ] ], [ [ 8.515685965835466, 47.383449191058141 ], [ 8.515711608364359, 47.383511510173776 ], [ 8.51574320836437, 47.383567210173823 ], [ 8.515791608364399, 47.383629910173795 ], [ 8.515938908364495, 47.383793410173844 ], [ 8.516865008365102, 47.384734610173865 ], [ 8.516922508365138, 47.384793210173868 ], [ 8.51710290836526, 47.384982010173864 ], [ 8.517204808365323, 47.38508871017391 ], [ 8.517207241076346, 47.385091257096676 ] ] ] } },
{ "type": "Feature", "properties": { "corridor_id": 29, "corridor_name": "Forchstrasse", "street_names": "Forchstrasse", "n_edges": 7, "length_m": 359.55552036908642, "length_km": 0.35955552036908645, "mean_score": 36.019923910888664, "total_score": 252.13946737622064, "pair_count_max": 83, "neighborhood_span": 34, "climb_saved_m": 106.45753429569879, "mean_abs_grade": 0.0064834957819417723, "max_grade": 0.01531238402917114, "elev_min_m": 449.13375854492188, "elev_max_m": 450.82028198242188, "elev_range_m": 1.6865234375, "gain_per_km": 1.8066672076177099, "low_stress_share": 0.0, "mode": "walk", "n_pieces": 1, "neighborhoods": "Hirslanden", "end_a_lon": 8.567301, "end_a_lat": 47.360254, "end_b_lon": 8.571069, "end_b_lat": 47.358437, "corridor_uid": "walk-29" }, "geometry": { "type": "LineString", "coordinates": [ [ 8.567300618563449, 47.360253596602433 ], [ 8.567541008421895, 47.360249010151293 ], [ 8.567605208421957, 47.360245910151335 ], [ 8.567653808422008, 47.360242910151243 ], [ 8.56770940842206, 47.360238510151234 ], [ 8.567764908422115, 47.360232510151228 ], [ 8.567832608422187, 47.360223510151236 ], [ 8.567893408422249, 47.360213210151223 ], [ 8.568029770270961, 47.360186342634407 ], [ 8.5680416084224, 47.360184010151102 ], [ 8.568148608422511, 47.360162910151089 ], [ 8.568222308422589, 47.360145310151097 ], [ 8.568303608422672, 47.360123510151055 ], [ 8.568351708422718, 47.360109910151003 ], [ 8.568426308422799, 47.360084710150964 ], [ 8.568526508422909, 47.360045810150972 ], [ 8.568582008422972, 47.360021610150909 ], [ 8.568594572839395, 47.360016144274866 ], [ 8.568635108423033, 47.359998510150902 ], [ 8.568749608423154, 47.35994811015086 ], [ 8.568867408423289, 47.359886110150782 ], [ 8.569018108423467, 47.359798510150668 ], [ 8.569656008424218, 47.359365910150416 ], [ 8.569751592151546, 47.359303052375701 ], [ 8.56975180842433, 47.35930291015034 ], [ 8.569754808424333, 47.35930101015034 ], [ 8.569796706793138, 47.359274033134611 ], [ 8.569797208424383, 47.359273710150347 ], [ 8.570105008424745, 47.35906631015019 ], [ 8.570825608425586, 47.358598710149828 ], [ 8.57106870174653, 47.35843704272817 ] ] } },
{ "type": "Feature", "properties": { "corridor_id": 30, "corridor_name": "Hardstrasse", "street_names": "Hardstrasse", "n_edges": 7, "length_m": 415.12642378389836, "length_km": 0.41512642378389836, "mean_score": 35.536591342849704, "total_score": 248.75613939994793, "pair_count_max": 90, "neighborhood_span": 33, "climb_saved_m": 108.72907493254246, "mean_abs_grade": 0.0080171358672432927, "max_grade": 0.012708893763609248, "elev_min_m": 406.685791015625, "elev_max_m": 410.06109619140625, "elev_range_m": 3.37530517578125, "gain_per_km": 8.1718093332958759, "low_stress_share": 0.0, "mode": "walk", "n_pieces": 1, "neighborhoods": "Hard", "end_a_lon": 8.514389, "end_a_lat": 47.382411, "end_b_lon": 8.511361, "end_b_lat": 47.379295, "corridor_uid": "walk-30" }, "geometry": { "type": "LineString", "coordinates": [ [ 8.514389130861938, 47.382410806174164 ], [ 8.514387808363415, 47.382409510173837 ], [ 8.514363008363393, 47.382383310173822 ], [ 8.514343008363381, 47.38236221017381 ], [ 8.514224108363299, 47.382237110173818 ], [ 8.514083908363213, 47.382089510173834 ], [ 8.514038408363186, 47.3820416101738 ], [ 8.513631508362922, 47.381613210173796 ], [ 8.513588208362888, 47.381568510173786 ], [ 8.513588151107335, 47.381568450302858 ], [ 8.513163508362611, 47.38112441017379 ], [ 8.512978308362493, 47.380937610173753 ], [ 8.512977200797694, 47.380936493479332 ], [ 8.512747808362343, 47.380705210173744 ], [ 8.512714508362315, 47.380671610173742 ], [ 8.512693908362305, 47.380650810173726 ], [ 8.512693638248937, 47.380650537230593 ], [ 8.512588908362234, 47.380544710173723 ], [ 8.512463378591304, 47.380428708092872 ], [ 8.512461108362142, 47.380426610173743 ], [ 8.512399708362109, 47.380361710173737 ], [ 8.512249408362006, 47.380202810173706 ], [ 8.511560408361554, 47.379499310173735 ], [ 8.511360505490934, 47.379295209342942 ] ] } },
{ "type": "Feature", "properties": { "corridor_id": 31, "corridor_name": "Mythenquai", "street_names": "Mythenquai", "n_edges": 6, "length_m": 759.89915873009704, "length_km": 0.75989915873009706, "mean_score": 40.63010698328597, "total_score": 238.11863896675396, "pair_count_max": 38, "neighborhood_span": 21, "climb_saved_m": 167.03076173161239, "mean_abs_grade": 0.0012021907066037951, "max_grade": 0.0078824915091680395, "elev_min_m": 408.15325927734375, "elev_max_m": 408.84445190429688, "elev_range_m": 0.691192626953125, "gain_per_km": 0.67910622108879415, "low_stress_share": 0.0, "mode": "walk", "n_pieces": 2, "neighborhoods": "Enge; Wollishofen", "end_a_lon": 8.534369, "end_a_lat": 47.355368, "end_b_lon": 8.534474, "end_b_lat": 47.345136, "corridor_uid": "walk-31" }, "geometry": { "type": "MultiLineString", "coordinates": [ [ [ 8.534369494233209, 47.355368351471185 ], [ 8.534364908391185, 47.355352010159329 ], [ 8.534357908391188, 47.355328610159305 ], [ 8.534288308391188, 47.35509641015927 ], [ 8.534211808391216, 47.354763810159184 ], [ 8.534160308391263, 47.354447410159089 ], [ 8.534120808391338, 47.354097010159023 ], [ 8.534108041232242, 47.353703116324631 ], [ 8.534106608391459, 47.353658910158877 ], [ 8.53409960839166, 47.352971410158609 ], [ 8.534105208391816, 47.35248901015845 ], [ 8.534156742032001, 47.352043651992467 ] ], [ [ 8.534335040929099, 47.348628243176101 ], [ 8.534335108393231, 47.348610410157107 ], [ 8.534345508393379, 47.348167010156985 ], [ 8.534344208393467, 47.347860010156886 ], [ 8.534354612730414, 47.347023501488081 ], [ 8.534354708393742, 47.347015810156599 ], [ 8.534362125958534, 47.346577085932708 ], [ 8.534362208393883, 47.346572210156467 ], [ 8.534366267771109, 47.346275677607736 ], [ 8.534366308393986, 47.346272710156384 ], [ 8.534372308394108, 47.345876110156183 ], [ 8.534378308394171, 47.345707310156172 ], [ 8.534406008394255, 47.345526110156129 ], [ 8.534473908394432, 47.345136110155956 ] ] ] } },
{ "type": "Feature", "properties": { "corridor_id": 32, "corridor_name": "Schweighofstrasse", "street_names": "Schweighofstrasse", "n_edges": 9, "length_m": 520.07819236544015, "length_km": 0.52007819236544017, "mean_score": 25.941702605895127, "total_score": 233.47532345305615, "pair_count_max": 41, "neighborhood_span": 34, "climb_saved_m": 93.011978142884757, "mean_abs_grade": 0.020701244737899013, "max_grade": 0.051627214727881163, "elev_min_m": 458.46249389648438, "elev_max_m": 469.228759765625, "elev_range_m": 10.766265869140625, "gain_per_km": 0.0, "low_stress_share": 0.0, "mode": "walk", "n_pieces": 1, "neighborhoods": "Friesenberg", "end_a_lon": 8.50668, "end_a_lat": 47.360433, "end_b_lon": 8.502894, "end_b_lat": 47.364333, "corridor_uid": "walk-32" }, "geometry": { "type": "LineString", "coordinates": [ [ 8.506679969573375, 47.360433399312832 ], [ 8.506450208362365, 47.360697310169073 ], [ 8.50633310836221, 47.360831810169138 ], [ 8.506100108361897, 47.361099210169343 ], [ 8.506099167754646, 47.361100217159155 ], [ 8.506016508361791, 47.361188710169394 ], [ 8.505922508361669, 47.36128871016944 ], [ 8.505920254916145, 47.36129085029139 ], [ 8.505749508361447, 47.361453010169541 ], [ 8.505746961943609, 47.361455380460946 ], [ 8.505200108360757, 47.36196441016984 ], [ 8.505060708360583, 47.362095310169956 ], [ 8.504880508360355, 47.362266710170061 ], [ 8.504800208360251, 47.362341710170107 ], [ 8.50479872019206, 47.36234303298626 ], [ 8.504663408360084, 47.362463310170185 ], [ 8.50454896545196, 47.362564160606603 ], [ 8.504543008359931, 47.362569410170238 ], [ 8.504388908359738, 47.362717710170351 ], [ 8.504262908359578, 47.362839010170411 ], [ 8.503797937503077, 47.363284529309396 ], [ 8.503765708358948, 47.363315410170713 ], [ 8.503543308358656, 47.363552810170859 ], [ 8.503433108358511, 47.363678910170947 ], [ 8.502990808357922, 47.364192710171224 ], [ 8.502926008357827, 47.364285610171279 ], [ 8.502894476546865, 47.364333137209968 ] ] } },
{ "type": "Feature", "properties": { "corridor_id": 33, "corridor_name": "Ueberlandstrasse - Schörlistrasse", "street_names": "Schörlistrasse; Ueberlandstrasse", "n_edges": 6, "length_m": 366.63220637203028, "length_km": 0.36663220637203026, "mean_score": 34.957118111485421, "total_score": 209.74270866891254, "pair_count_max": 50, "neighborhood_span": 27, "climb_saved_m": 105.21920456212334, "mean_abs_grade": 0.019208986284841873, "max_grade": 0.0509515429335827, "elev_min_m": 431.99395751953125, "elev_max_m": 439.03659057617188, "elev_range_m": 7.042633056640625, "gain_per_km": 17.198465833116213, "low_stress_share": 0.1614098453628901, "mode": "walk", "n_pieces": 1, "neighborhoods": "Saatlen; Schwamendingen-Mitte", "end_a_lon": 8.563066, "end_a_lat": 47.406417, "end_b_lon": 8.559733, "end_b_lat": 47.405225, "corridor_uid": "walk-33" }, "geometry": { "type": "LineString", "coordinates": [ [ 8.563066408403209, 47.406417310167392 ], [ 8.563464508403719, 47.406016010167143 ], [ 8.563494008403762, 47.405971910167118 ], [ 8.563458808403738, 47.40592541016715 ], [ 8.563434108403726, 47.405899210167178 ], [ 8.563391408403692, 47.40587151016711 ], [ 8.563289108403611, 47.405818210167126 ], [ 8.563154608403496, 47.405751510167157 ], [ 8.562984708403357, 47.40567771016719 ], [ 8.562815608403215, 47.405608610167228 ], [ 8.562606408403031, 47.405539510167259 ], [ 8.562577782055806, 47.405530033588057 ], [ 8.562533608402973, 47.405515410167247 ], [ 8.562328808402796, 47.405458210167332 ], [ 8.562157108402642, 47.405416010167329 ], [ 8.561875708402383, 47.405356110167425 ], [ 8.561460008402015, 47.405270110167521 ], [ 8.561295208401855, 47.405240910167564 ], [ 8.561221208401788, 47.405228810167543 ], [ 8.561220252432156, 47.405228654307962 ], [ 8.561014508401598, 47.405195110167604 ], [ 8.560955508401543, 47.405203510167645 ], [ 8.560850808401447, 47.405190710167659 ], [ 8.560706708401312, 47.405179310167682 ], [ 8.560616108401225, 47.405173910167704 ], [ 8.56047880840109, 47.405172010167746 ], [ 8.560378708400988, 47.405174110167792 ], [ 8.56029480840091, 47.405178110167839 ], [ 8.560234008400849, 47.405184010167851 ], [ 8.560092808400707, 47.40519651016789 ], [ 8.559895408400509, 47.405211410167915 ], [ 8.559732762357362, 47.405224868778888 ] ] } },
{ "type": "Feature", "properties": { "corridor_id": 34, "corridor_name": "unnamed corridor", "street_names": "", "n_edges": 2, "length_m": 874.9538056703293, "length_km": 0.87495380567032932, "mean_score": 44.464701540317009, "total_score": 88.929403080634017, "pair_count_max": 28, "neighborhood_span": 30, "climb_saved_m": 63.724752871458868, "mean_abs_grade": 0.0059265823419673309, "max_grade": 0.045451586294367644, "elev_min_m": 422.34561157226562, "elev_max_m": 429.7635498046875, "elev_range_m": 7.417938232421875, "gain_per_km": 8.5423385359206989, "low_stress_share": 1.0, "mode": "walk", "n_pieces": 1, "neighborhoods": "Wollishofen", "end_a_lon": 8.524358, "end_a_lat": 47.351358, "end_b_lon": 8.518891, "end_b_lat": 47.344773, "corridor_uid": "walk-34" }, "geometry": { "type": "LineString", "coordinates": [ [ 8.524357664097554, 47.351358283058751 ], [ 8.523958108382496, 47.350697710160773 ], [ 8.523624508382303, 47.350262910160765 ], [ 8.523191408382024, 47.349779510160722 ], [ 8.522830708381775, 47.349451110160729 ], [ 8.522626608381628, 47.349291810160729 ], [ 8.522564608381579, 47.349263710160749 ], [ 8.522557988014713, 47.349258502563693 ], [ 8.522315308381391, 47.349067610160752 ], [ 8.522156408381287, 47.348908810160765 ], [ 8.522002208381176, 47.348774610160739 ], [ 8.520554308380088, 47.347742410160826 ], [ 8.519833508379538, 47.347240010160874 ], [ 8.519642008379392, 47.347095910160853 ], [ 8.519500908379298, 47.346981810160919 ], [ 8.519388108379216, 47.346880410160857 ], [ 8.519271208379132, 47.346766710160857 ], [ 8.519168308379072, 47.346643610160868 ], [ 8.519084008379023, 47.346528510160837 ], [ 8.518992908378978, 47.346389610160827 ], [ 8.518925308378954, 47.346257110160806 ], [ 8.518864608378943, 47.346114110160769 ], [ 8.518816708378941, 47.34597561016075 ], [ 8.518777508378941, 47.345829510160719 ], [ 8.518752708378962, 47.345687110160668 ], [ 8.518745708378979, 47.345606110160624 ], [ 8.518740808379006, 47.345506210160607 ], [ 8.518745708379047, 47.345385610160541 ], [ 8.518758908379096, 47.345267310160509 ], [ 8.518805508379215, 47.345032410160449 ], [ 8.518890671686821, 47.344772588716218 ] ] } },
{ "type": "Feature", "properties": { "corridor_id": 35, "corridor_name": "unnamed corridor", "street_names": "", "n_edges": 1, "length_m": 389.81935165083803, "length_km": 0.38981935165083803, "mean_score": 37.220575237694185, "total_score": 37.220575237694185, "pair_count_max": 19, "neighborhood_span": 11, "climb_saved_m": 66.108268787387587, "mean_abs_grade": 0.00050627853492527279, "max_grade": 0.015070467257761169, "elev_min_m": 399.1358642578125, "elev_max_m": 399.96759033203125, "elev_range_m": 0.83172607421875, "gain_per_km": 2.1336192538838574, "low_stress_share": 1.0, "mode": "walk", "n_pieces": 1, "neighborhoods": "Altstetten", "end_a_lon": 8.500798, "end_a_lat": 47.393896, "end_b_lon": 8.49565, "end_b_lat": 47.393793, "corridor_uid": "walk-35" }, "geometry": { "type": "LineString", "coordinates": [ [ 8.500797708346635, 47.393895910181428 ], [ 8.500615908346454, 47.393920310181457 ], [ 8.500400508346235, 47.393941710181544 ], [ 8.500085308345925, 47.393956510181631 ], [ 8.499839808345683, 47.393962710181718 ], [ 8.499461808345314, 47.393962510181829 ], [ 8.499336008345198, 47.393961710181877 ], [ 8.499192108345056, 47.393958410181931 ], [ 8.498940008344816, 47.393949910181938 ], [ 8.498054208343964, 47.393911710182216 ], [ 8.497274908343218, 47.393864110182406 ], [ 8.496920408342879, 47.393843010182501 ], [ 8.496605308342579, 47.393824910182595 ], [ 8.496380608342363, 47.393813710182684 ], [ 8.496133008342131, 47.39380281018272 ], [ 8.495807408341811, 47.393795310182824 ], [ 8.495650312867577, 47.393792698373872 ] ] } },
{ "type": "Feature", "properties": { "corridor_id": 0, "corridor_name": "Schaffhauserstrasse - Hofwiesenstrasse - Oerlikonerstrasse - Stüssistrasse", "street_names": "Friedheimstrasse; Hofwiesenstrasse; Irchelstrasse; Milchbuckstrasse; Mimosenstrasse; Oerlikonerstrasse; Rothstrasse; Schaffhauserstrasse; Scheuchzerstrasse; Stüssistrasse; Wehntalerstrasse", "n_edges": 130, "length_m": 4709.6620304909702, "length_km": 4.7096620304909704, "mean_score": 45.796341191200959, "total_score": 5953.5243548561248, "pair_count_max": 214, "neighborhood_span": 34, "climb_saved_m": 2315.2851342467684, "mean_abs_grade": 0.019372762988449047, "max_grade": 0.062275503194315747, "elev_min_m": 452.99826049804688, "elev_max_m": 485.56552124023438, "elev_range_m": 32.5672607421875, "gain_per_km": 14.607208114371355, "low_stress_share": 0.31079929309397436, "mode": "bike", "n_pieces": 1, "neighborhoods": "Oerlikon; Unterstrass", "end_a_lon": 8.542572, "end_a_lat": 47.390537, "end_b_lon": 8.548373, "end_b_lat": 47.40577, "corridor_uid": "bike-36" }, "geometry": { "type": "MultiLineString", "coordinates": [ [ [ 8.539220608384129, 47.393433510170148 ], [ 8.539198608384091, 47.393495310170181 ], [ 8.539171808384046, 47.393545610170207 ], [ 8.539130308383996, 47.393585610170241 ], [ 8.539109925897829, 47.39360019551961 ], [ 8.53906420838392, 47.393632910170282 ], [ 8.539041379603297, 47.393641596857051 ], [ 8.539009808383859, 47.393653610170318 ], [ 8.538890408383732, 47.393666210170323 ], [ 8.538630208383491, 47.393644110170449 ], [ 8.538630084200365, 47.393644100533052 ], [ 8.538022008382915, 47.393596910170587 ], [ 8.537816508382718, 47.393582610170654 ], [ 8.537792308382695, 47.393581510170648 ], [ 8.537709208328188, 47.393612396916559 ], [ 8.537701908382603, 47.3936151101707 ], [ 8.537629408382525, 47.393640610170742 ], [ 8.537598308382478, 47.393670910170748 ], [ 8.53755140838242, 47.393723710170775 ], [ 8.537518408382374, 47.393767610170748 ], [ 8.537431608382276, 47.393812110170799 ], [ 8.537317608382105, 47.39398901017092 ], [ 8.537173408381904, 47.39421201017101 ], [ 8.537035508381711, 47.394386910171114 ], [ 8.536923108381567, 47.394511010171207 ], [ 8.536750008381347, 47.394666810171309 ], [ 8.53663920838121, 47.394755410171349 ], [ 8.536643108381206, 47.394783010171352 ], [ 8.536596308381149, 47.394822510171338 ], [ 8.536588895002234, 47.394827754055058 ], [ 8.536332508380836, 47.395009110171536 ], [ 8.536110208380574, 47.395157710171617 ], [ 8.53610380719355, 47.395161927620386 ], [ 8.536071808380534, 47.395183010171664 ], [ 8.535989208380441, 47.395217110171714 ], [ 8.535669608380063, 47.395428510171861 ], [ 8.535553571620712, 47.395506448042539 ], [ 8.535542908379915, 47.395513610171896 ], [ 8.535357908379698, 47.395637810172026 ], [ 8.53512130837942, 47.395795910172126 ], [ 8.535120080263933, 47.395796757344378 ], [ 8.535099708379393, 47.395810810172108 ], [ 8.534905708379162, 47.395945010172234 ], [ 8.534685414019636, 47.396093256356409 ], [ 8.534656208378872, 47.396112910172313 ], [ 8.534646508378858, 47.396119410172368 ], [ 8.534514908378696, 47.396215810172478 ], [ 8.534395808378557, 47.396307510172498 ], [ 8.534298435944864, 47.396394522114434 ], [ 8.534275508378407, 47.396415010172575 ], [ 8.534237808378359, 47.396448710172564 ], [ 8.534130408378218, 47.396559910172627 ], [ 8.534086244459379, 47.396610073718165 ], [ 8.534077408378147, 47.396620110172691 ], [ 8.534022208378078, 47.396683210172753 ], [ 8.533988108378026, 47.396730610172753 ], [ 8.533965408377993, 47.396762210172767 ], [ 8.533931308377946, 47.396814210172785 ], [ 8.533909308377909, 47.396845510172795 ], [ 8.533849408377829, 47.396946610172868 ], [ 8.533793408377736, 47.397050410172902 ], [ 8.533749808377671, 47.397152110172954 ], [ 8.533715508377606, 47.397233810172978 ], [ 8.533608908377415, 47.397516210173073 ] ], [ [ 8.539036445780855, 47.392479847033449 ], [ 8.539036808384246, 47.392481310169963 ], [ 8.539105742873559, 47.392768752112595 ], [ 8.539106308384223, 47.392771110169981 ], [ 8.539137245608952, 47.393018907360769 ], [ 8.539137308384181, 47.393019410170105 ], [ 8.539217408384125, 47.393417610170175 ], [ 8.539220608384129, 47.393433510170148 ] ], [ [ 8.539220608384129, 47.393433510170148 ], [ 8.539250408384149, 47.393465910170207 ], [ 8.539307308384137, 47.393673110170219 ], [ 8.539307724728976, 47.393675049535979 ], [ 8.539365508384115, 47.393944210170282 ], [ 8.539368229581481, 47.393955661362838 ], [ 8.539409708384099, 47.394130210170353 ], [ 8.539490308384106, 47.394356410170367 ], [ 8.539600208384137, 47.394591510170393 ], [ 8.539674908384171, 47.394730710170457 ], [ 8.539829708384225, 47.395042010170513 ], [ 8.539918508384257, 47.39520751017055 ], [ 8.540009308384301, 47.395332210170551 ], [ 8.540038208384324, 47.395371310170553 ], [ 8.540075208384343, 47.395416910170546 ], [ 8.540137884709553, 47.395490647023699 ], [ 8.540141508384389, 47.395494910170548 ], [ 8.540155419470841, 47.395517401148666 ], [ 8.540158208384392, 47.395521910170558 ], [ 8.540380808384498, 47.395869910170639 ], [ 8.540425656450873, 47.395939985274282 ], [ 8.540427208384525, 47.395942410170647 ], [ 8.540446955132072, 47.395973241177444 ], [ 8.540448408384529, 47.395975510170636 ], [ 8.540474408384547, 47.396018510170627 ], [ 8.540495908384546, 47.396075810170686 ], [ 8.540496661052487, 47.396077000378519 ], [ 8.540586908384588, 47.396219710170683 ], [ 8.540588245508522, 47.39622181373997 ], [ 8.540731708384659, 47.396447510170709 ], [ 8.540734444953152, 47.396450467750675 ], [ 8.540841908384735, 47.396566610170694 ], [ 8.540904008384757, 47.396670110170746 ], [ 8.540925808384769, 47.396706310170742 ], [ 8.540939679354802, 47.396729647140553 ], [ 8.540940608384782, 47.396731210170721 ], [ 8.54101610838481, 47.396856410170756 ] ], [ [ 8.54089470838468, 47.396909610170809 ], [ 8.540794126481021, 47.396778510245689 ], [ 8.540792208384619, 47.396776010170775 ], [ 8.540456208384454, 47.396257910170725 ], [ 8.540456043484578, 47.396257659160355 ], [ 8.540361608384403, 47.396113910170754 ], [ 8.540361078593582, 47.396113106071965 ], [ 8.540341908384393, 47.396084010170739 ], [ 8.540326408384388, 47.396060810170688 ], [ 8.540283545423444, 47.396026483088505 ], [ 8.540279708384356, 47.396023410170692 ], [ 8.540237962193896, 47.39595756504302 ], [ 8.540235708384332, 47.395954010170684 ], [ 8.540086308384261, 47.395718410170687 ], [ 8.540055008384247, 47.395668910170642 ], [ 8.539997077611828, 47.395577277847323 ], [ 8.539996908384218, 47.395577010170655 ], [ 8.539971308384207, 47.395537210170652 ], [ 8.539799208384133, 47.39523581017059 ], [ 8.539596608384056, 47.394850010170536 ], [ 8.539478908384018, 47.394612910170466 ], [ 8.539460918503082, 47.394577097756375 ] ], [ [ 8.5429276083857, 47.399977410171168 ], [ 8.542861208385652, 47.399911910171184 ], [ 8.542806008385618, 47.399850710171215 ], [ 8.542755308385587, 47.399792110171184 ], [ 8.542726708385571, 47.399752610171191 ], [ 8.542712708385563, 47.399733310171172 ], [ 8.542700638314148, 47.399716555006243 ], [ 8.542697508385555, 47.399712210171153 ], [ 8.542576008385497, 47.399532210171138 ], [ 8.542520608385473, 47.399411310171132 ], [ 8.542444908385443, 47.399294310171122 ], [ 8.542374808385402, 47.399188710171138 ], [ 8.542271408385357, 47.39903081017107 ], [ 8.542146408385291, 47.398838710171042 ], [ 8.541816308385132, 47.398326710170998 ], [ 8.541816021271867, 47.398326264629652 ], [ 8.541529608384989, 47.397881810170936 ], [ 8.541226208384838, 47.397410410170878 ], [ 8.541034008384747, 47.397111810170813 ], [ 8.541022508384749, 47.397094010170839 ], [ 8.541003308384733, 47.397064010170823 ], [ 8.541002085510089, 47.397062291536209 ], [ 8.540944108384702, 47.39698081017081 ], [ 8.54089470838468, 47.396909610170809 ] ], [ [ 8.54089470838468, 47.396909610170809 ], [ 8.54101610838481, 47.396856410170756 ] ], [ [ 8.54101610838481, 47.396856410170756 ], [ 8.541095708384848, 47.396979410170779 ], [ 8.541125978903617, 47.397028162689459 ], [ 8.541126008384866, 47.39702821017076 ], [ 8.541611580730706, 47.397773671925528 ], [ 8.541612908385105, 47.397775710170841 ], [ 8.541898808385231, 47.398248010170946 ], [ 8.54189950936733, 47.398249135057732 ], [ 8.541928408385251, 47.398295510170904 ], [ 8.541929203749405, 47.398296783237917 ], [ 8.542289708385418, 47.398873810171047 ], [ 8.542310008385423, 47.398906310171057 ], [ 8.542312027907249, 47.398909198585862 ], [ 8.542472008385509, 47.399138010171022 ], [ 8.542589008385574, 47.399310110171072 ], [ 8.542766408385672, 47.399535410171097 ], [ 8.542799408385694, 47.399574210171131 ], [ 8.542818008385705, 47.39959921017109 ] ], [ [ 8.54101610838481, 47.396856410170756 ], [ 8.541219760802592, 47.396814361289941 ], [ 8.54122000838502, 47.396814310170654 ], [ 8.541281808385087, 47.396801510170697 ], [ 8.541369680378601, 47.396783398389417 ], [ 8.541370108385177, 47.396783310170647 ], [ 8.542069808385904, 47.396632910170368 ], [ 8.543185208387056, 47.396408510169984 ] ], [ [ 8.542572495252463, 47.390536895677755 ], [ 8.54256370838827, 47.390543610168301 ], [ 8.541527492340785, 47.391335963796209 ], [ 8.541523508387016, 47.391339010168885 ], [ 8.541240208386675, 47.391558710169029 ], [ 8.541072820041991, 47.391688735043815 ], [ 8.541072208386469, 47.391689210169126 ], [ 8.540992008386366, 47.391751510169115 ], [ 8.540931618029546, 47.391818183373552 ], [ 8.540927608386282, 47.3918226101692 ], [ 8.54086900838621, 47.39188721016923 ], [ 8.540737308386021, 47.392094310169348 ], [ 8.540666508385913, 47.392226610169402 ], [ 8.540583508385781, 47.392370510169457 ], [ 8.540521408385668, 47.392539310169482 ], [ 8.540481408385599, 47.39263981016952 ], [ 8.540459308385556, 47.392715210169563 ], [ 8.540424408385451, 47.392937710169669 ], [ 8.540427108385394, 47.393144610169749 ], [ 8.540439108385298, 47.393492710169845 ], [ 8.540450008385193, 47.393835510169978 ], [ 8.540450555121597, 47.393837434509884 ], [ 8.540488108385192, 47.393969610169997 ], [ 8.540557508385222, 47.394114410170005 ], [ 8.540593708385234, 47.394174810170043 ], [ 8.540678208385271, 47.394305110170009 ], [ 8.540731508385301, 47.394384410170026 ], [ 8.540771708385329, 47.394427410170039 ], [ 8.540787669131056, 47.394442332818528 ], [ 8.540882408385398, 47.394530910170054 ], [ 8.540977408385467, 47.394608310170042 ], [ 8.54098198800447, 47.394612338857442 ], [ 8.541057208385526, 47.394678510170067 ], [ 8.541686608386303, 47.394148710169716 ], [ 8.541745008386366, 47.394119510169631 ], [ 8.541754624361502, 47.39411562056177 ], [ 8.541842908386476, 47.394079910169637 ], [ 8.541913024744854, 47.394194320997983 ], [ 8.541913508386502, 47.394195110169619 ], [ 8.542239608386655, 47.394726910169723 ], [ 8.542257325075822, 47.394755807293777 ], [ 8.542260208386661, 47.394760510169725 ], [ 8.542507968380843, 47.395152878305566 ], [ 8.542513608386789, 47.395161810169775 ], [ 8.542545758209419, 47.395215052997692 ], [ 8.542551408386805, 47.395224410169774 ], [ 8.542769688188951, 47.395572423217011 ], [ 8.542777708386909, 47.395585210169848 ], [ 8.542897803372172, 47.395791194682836 ], [ 8.542905508386973, 47.395804410169859 ], [ 8.543159024748718, 47.396352049410105 ], [ 8.543159608387043, 47.396353310169971 ], [ 8.543185208387056, 47.396408510169984 ] ], [ [ 8.546416008388327, 47.402397410170927 ], [ 8.54635930838829, 47.40235011017095 ], [ 8.546359286069332, 47.40235009159678 ], [ 8.546061308388071, 47.402102110170972 ], [ 8.546061305376448, 47.402102107664199 ], [ 8.546026708388052, 47.402073310170969 ], [ 8.546026706349146, 47.402073308473817 ], [ 8.545958108387996, 47.402016210170949 ], [ 8.545497408387671, 47.401636610170939 ], [ 8.545497306538129, 47.401636525976393 ], [ 8.545367608387579, 47.401529310170979 ], [ 8.545319208387543, 47.401489410170981 ], [ 8.545318981418882, 47.401489221781958 ], [ 8.545273908387513, 47.40145181017099 ], [ 8.545227008387482, 47.401414510170945 ], [ 8.545141508387415, 47.401348810170973 ], [ 8.545073008387362, 47.401298810170999 ], [ 8.544856408387204, 47.401150010171001 ], [ 8.544596708386999, 47.400983710171047 ], [ 8.544295646951886, 47.400785929672544 ], [ 8.54429500838677, 47.40078551017104 ], [ 8.54400680838655, 47.40059491017108 ], [ 8.543699523195738, 47.400477013765922 ], [ 8.543681008386274, 47.400469910171147 ], [ 8.543592608386204, 47.400420710171161 ], [ 8.54316985081581, 47.400147138091882 ], [ 8.543161308385869, 47.400141610171204 ], [ 8.543130276549062, 47.400121109864472 ], [ 8.543122708385843, 47.400116110171219 ], [ 8.543011408385757, 47.400039410171196 ], [ 8.5429276083857, 47.399977410171168 ] ], [ [ 8.5429276083857, 47.399977410171168 ], [ 8.542982008385719, 47.400063110171182 ], [ 8.543059908385759, 47.400187810171239 ], [ 8.543063427321622, 47.400192279219745 ], [ 8.543299908385894, 47.400492610171234 ], [ 8.543301012114053, 47.400494058383828 ], [ 8.543380008385945, 47.400597710171283 ], [ 8.543380724214554, 47.40059864940644 ], [ 8.54347260838599, 47.400719210171282 ], [ 8.543649530060733, 47.400948969533907 ], [ 8.543650408386094, 47.400950110171323 ], [ 8.543708808386121, 47.401037110171309 ], [ 8.543708823012549, 47.40103712990269 ], [ 8.543734308386135, 47.401071510171327 ], [ 8.544249608386428, 47.401740210171354 ], [ 8.544282808386448, 47.401783310171382 ], [ 8.544308867782046, 47.401817098209008 ], [ 8.544309108386463, 47.401817410171383 ], [ 8.5443752083865, 47.401905410171402 ], [ 8.544430008386529, 47.4019855101714 ], [ 8.544432294576144, 47.401988490975384 ], [ 8.544850308386764, 47.40253351017143 ], [ 8.544867210169015, 47.402540656028563 ], [ 8.544956508386857, 47.402578410171444 ], [ 8.545177212027784, 47.402883314034312 ], [ 8.545179308386972, 47.402886210171452 ], [ 8.545217508386989, 47.4029657101715 ], [ 8.545312965789977, 47.402921568595779 ], [ 8.545313308387096, 47.402921410171473 ], [ 8.545943773896205, 47.402621774089852 ], [ 8.545943908387798, 47.402621710171161 ], [ 8.546303405871745, 47.402450811367295 ], [ 8.5463034083882, 47.40245081017099 ], [ 8.546416008388327, 47.402397410170927 ] ], [ [ 8.543185208387056, 47.396408510169984 ], [ 8.543349200202574, 47.396377050107901 ], [ 8.543349408387222, 47.396377010169864 ], [ 8.544146408388047, 47.396217310169625 ], [ 8.54432310838823, 47.396181910169595 ], [ 8.544323359735415, 47.396181860864779 ] ], [ [ 8.54833720838942, 47.404858810171127 ], [ 8.548283508389451, 47.404598510171105 ], [ 8.548218708389463, 47.404361310171048 ], [ 8.548215391174672, 47.404348527273278 ], [ 8.548203008389468, 47.404300810171009 ], [ 8.548198837103747, 47.404284659808354 ], [ 8.548195208389467, 47.404270610171039 ], [ 8.548184820724567, 47.404255399661707 ], [ 8.548114008389426, 47.40415171017105 ], [ 8.548108690115727, 47.40413747653669 ], [ 8.548086508389424, 47.404078110171021 ], [ 8.548053608389417, 47.404000210171041 ], [ 8.548011608389398, 47.403922410170985 ], [ 8.54793740838937, 47.403802110170943 ], [ 8.54781280838929, 47.40364811017092 ], [ 8.547787608389273, 47.403617010170962 ], [ 8.547781952510009, 47.403610443162194 ], [ 8.547688908389212, 47.403502410170915 ], [ 8.547633508389181, 47.403454810170942 ], [ 8.54746980838906, 47.403316210170949 ], [ 8.547374908389008, 47.403196810170911 ], [ 8.546416008388327, 47.402397410170927 ] ], [ [ 8.548372908111155, 47.405769651654715 ], [ 8.548372308389283, 47.405427710171317 ], [ 8.548369608389372, 47.405137310171305 ], [ 8.548362408389403, 47.405017710171272 ], [ 8.54833720838942, 47.404858810171127 ] ], [ [ 8.54833720838942, 47.404858810171127 ], [ 8.548421308389507, 47.404846710171178 ], [ 8.548503308389593, 47.404834910171125 ], [ 8.548503414539862, 47.404834895395538 ], [ 8.54942000839052, 47.404707310170821 ], [ 8.54942003177279, 47.404707306950961 ] ] ] } },
{ "type": "Feature", "properties": { "corridor_id": 1, "corridor_name": "Winterthurerstrasse - Irchelstrasse", "street_names": "Hirschwiesenstrasse; Hüttenkopfstrasse; Irchelstrasse; Regensbergstrasse; Schwamendingenstrasse; Ueberlandstrasse; Winterthurerstrasse", "n_edges": 111, "length_m": 5504.5745980077027, "length_km": 5.5045745980077028, "mean_score": 49.788183154116489, "total_score": 5481.9795267552126, "pair_count_max": 151, "neighborhood_span": 34, "climb_saved_m": 3030.0112686088778, "mean_abs_grade": 0.01592885110363822, "max_grade": 0.082683873851224901, "elev_min_m": 437.62838745117188, "elev_max_m": 489.24032592773438, "elev_range_m": 51.6119384765625, "gain_per_km": 6.0272190013259408, "low_stress_share": 0.024557698711061851, "mode": "bike", "n_pieces": 3, "neighborhoods": "Oberstrass; Oerlikon; Schwamendingen-Mitte; Unterstrass", "end_a_lon": 8.54828, "end_a_lat": 47.384594, "end_b_lon": 8.571236, "end_b_lat": 47.403711, "corridor_uid": "bike-37" }, "geometry": { "type": "MultiLineString", "coordinates": [ [ [ 8.544385323039704, 47.39616976853457 ], [ 8.54459390838851, 47.396129310169478 ], [ 8.544984008388907, 47.39605331016935 ], [ 8.545023264893148, 47.396045657635582 ], [ 8.545023508388951, 47.396045610169359 ], [ 8.54527810838921, 47.395994010169282 ], [ 8.545253308389229, 47.395861910169167 ], [ 8.5452532760157, 47.395861305316878 ], [ 8.545245408389265, 47.395714310169168 ], [ 8.54524526248604, 47.395711776758588 ], [ 8.545236608389306, 47.395561510169109 ], [ 8.545164608389332, 47.395246110169055 ], [ 8.544970408389382, 47.394496410168841 ], [ 8.544969892770407, 47.39449458055315 ], [ 8.544958008389379, 47.394452410168846 ], [ 8.544957650518542, 47.394450844674282 ], [ 8.544934508389394, 47.394349610168838 ], [ 8.54489980838939, 47.394240210168789 ], [ 8.544863808389401, 47.394095010168712 ], [ 8.544851408389421, 47.393993810168745 ], [ 8.544851108389425, 47.393978210168726 ], [ 8.544850308389435, 47.393944410168757 ], [ 8.54485300838946, 47.393881110168707 ], [ 8.544859808389486, 47.393799110168658 ], [ 8.544860056389727, 47.393796346737432 ], [ 8.544867508389521, 47.393713310168643 ], [ 8.54489790838964, 47.393427410168542 ], [ 8.5449234083897, 47.39330811016854 ], [ 8.544935743552614, 47.393295212612131 ], [ 8.544956308389745, 47.393273710168508 ], [ 8.545011808389807, 47.393240910168423 ], [ 8.54503320838989, 47.393050910168391 ], [ 8.545078908390071, 47.392617710168217 ], [ 8.545079256567918, 47.392614409465509 ], [ 8.545138708390303, 47.392050810168023 ], [ 8.54513938039571, 47.392044435716791 ], [ 8.545149208390344, 47.391951210167996 ], [ 8.545178008390451, 47.391693210167929 ], [ 8.545196708390499, 47.391596910167841 ], [ 8.545215308390542, 47.391512610167865 ], [ 8.545270308390647, 47.391337710167782 ], [ 8.545315208390736, 47.39118691016769 ], [ 8.545315808390743, 47.391185110167726 ], [ 8.545327008390762, 47.391153010167692 ], [ 8.545327504710482, 47.391151287572008 ], [ 8.545366308390843, 47.39101661016764 ], [ 8.545330908390838, 47.390918310167571 ], [ 8.54533980839088, 47.390831610167609 ], [ 8.545342372975661, 47.390823534964184 ], [ 8.545446708391081, 47.390495010167434 ], [ 8.545463811979623, 47.390481797094758 ], [ 8.545493308391137, 47.390459010167383 ], [ 8.545563008391223, 47.39041521016734 ], [ 8.545593108391266, 47.390346110167336 ], [ 8.545656008391372, 47.390219110167301 ], [ 8.545693491784609, 47.390154852921803 ], [ 8.545693808391427, 47.390154310167269 ], [ 8.545850180092364, 47.389870948709479 ], [ 8.545850808391672, 47.389869810167149 ], [ 8.545894408391732, 47.389790910167086 ], [ 8.546107027520353, 47.389395989084313 ], [ 8.546107608392065, 47.389394910166907 ], [ 8.546190708392203, 47.389231210166827 ], [ 8.546165208392202, 47.389143210166786 ], [ 8.546170008392217, 47.389097510166778 ], [ 8.546172209936536, 47.389093408449632 ], [ 8.546342408392487, 47.388776310166612 ], [ 8.546382108392546, 47.388707510166576 ], [ 8.546396057314748, 47.388693291047367 ], [ 8.546423408392597, 47.388665410166581 ], [ 8.546533908392725, 47.388592510166497 ], [ 8.54667410839293, 47.388367110166392 ], [ 8.5468436083932, 47.388063310166267 ], [ 8.547056408393525, 47.387674510166029 ], [ 8.547273608393855, 47.387280710165889 ], [ 8.547381908394019, 47.387083510165759 ], [ 8.547476108394161, 47.386922810165707 ], [ 8.547477124356792, 47.386921320754496 ], [ 8.547577608394299, 47.386774010165645 ], [ 8.547593008394353, 47.38667141016559 ], [ 8.547703835524894, 47.386542305262346 ], [ 8.547707608394507, 47.386537910165508 ], [ 8.547928208394792, 47.386310910165385 ], [ 8.548067636409414, 47.386165905030246 ], [ 8.54810570839502, 47.386126310165288 ], [ 8.548199008395146, 47.386016510165199 ], [ 8.548257908395225, 47.385933610165175 ], [ 8.548290208395278, 47.38587271016511 ], [ 8.548317908395328, 47.385803110165135 ], [ 8.548350308395387, 47.385705710165105 ], [ 8.548363346678938, 47.385659671536324 ], [ 8.548379308395443, 47.385603310165024 ], [ 8.54839190839548, 47.385529410165006 ], [ 8.548395908395497, 47.385488810164965 ], [ 8.548393608395532, 47.385370310164923 ], [ 8.548363008395581, 47.385116210164895 ], [ 8.548347908395602, 47.384988810164799 ], [ 8.548313008395629, 47.384809310164805 ], [ 8.548280208395663, 47.384594210164742 ] ], [ [ 8.543052130517982, 47.399419011962465 ], [ 8.543406508386292, 47.399534610170932 ], [ 8.543853708386699, 47.399631710170823 ], [ 8.544150508386972, 47.39969171017075 ], [ 8.54421600838703, 47.399704410170742 ], [ 8.544217689932774, 47.399704868774087 ], [ 8.54439640838719, 47.39975361017072 ], [ 8.544487508387263, 47.399789810170702 ], [ 8.545607308388286, 47.400004310170424 ], [ 8.546236508388859, 47.400117210170229 ], [ 8.546465408389077, 47.400142510170191 ], [ 8.546754908389348, 47.400157610170147 ], [ 8.547131608389718, 47.400150310170041 ], [ 8.547599608390184, 47.40011931016987 ], [ 8.547960108390541, 47.400088910169778 ], [ 8.548246608390825, 47.400081410169712 ], [ 8.548355508390934, 47.400066710169632 ], [ 8.548494508391064, 47.400064210169575 ], [ 8.548631708391202, 47.400071810169578 ], [ 8.548888208391434, 47.400117310169506 ], [ 8.549089608391611, 47.400175610169434 ], [ 8.549229408391728, 47.400228610169478 ], [ 8.549507008391959, 47.400359110169418 ], [ 8.550190308392505, 47.400736610169332 ], [ 8.55050490839276, 47.400890510169283 ], [ 8.550814908393013, 47.401046410169236 ], [ 8.551121708393254, 47.401230410169227 ], [ 8.551413108393483, 47.401393310169198 ], [ 8.551819008393815, 47.401589810169156 ], [ 8.551972008393937, 47.401670610169099 ], [ 8.552327408394229, 47.401846410169099 ], [ 8.552473508394346, 47.401932910169052 ], [ 8.552698708394514, 47.402081110168986 ], [ 8.552857908394639, 47.402171510168991 ], [ 8.553276108394989, 47.402357410168968 ], [ 8.553410008395096, 47.402416910168931 ], [ 8.553458208395135, 47.402438410168941 ], [ 8.553461873928379, 47.402440015751139 ], [ 8.554129408395699, 47.402732410168831 ], [ 8.554328708395872, 47.402793110168773 ], [ 8.554698708396197, 47.402904310168715 ], [ 8.554858008396339, 47.402946710168656 ], [ 8.554860645437493, 47.402947413379636 ], [ 8.5550425083965, 47.402995910168642 ], [ 8.555292208396727, 47.403049110168588 ], [ 8.555362894182782, 47.403057381909484 ], [ 8.555367408396792, 47.403057910168584 ], [ 8.55552310839694, 47.403078710168522 ], [ 8.555601108397012, 47.40309071016852 ], [ 8.555664754270556, 47.403105236205604 ], [ 8.555676908397084, 47.403108010168488 ], [ 8.555751808397142, 47.403125110168432 ], [ 8.556989708398248, 47.403450810168223 ], [ 8.557145308398388, 47.403495110168208 ], [ 8.557297808398515, 47.403547510168139 ], [ 8.557604516279987, 47.403676504100687 ], [ 8.557606908398773, 47.403677510168102 ], [ 8.557682308398833, 47.403707110168078 ], [ 8.558243308399337, 47.403848310168009 ], [ 8.558308508399399, 47.403865910167987 ], [ 8.558308513909921, 47.403865911564637 ], [ 8.558446208399518, 47.403900810167961 ], [ 8.558563008399624, 47.40393051016791 ], [ 8.558565149617145, 47.403931070196045 ], [ 8.55894190839996, 47.404029610167846 ], [ 8.559258808400241, 47.404109610167801 ], [ 8.559606508400563, 47.404160010167729 ], [ 8.559939808400882, 47.404180510167592 ], [ 8.560680908401588, 47.404192610167364 ], [ 8.560735048574738, 47.40419346651457 ], [ 8.560737808401642, 47.404193510167353 ], [ 8.560894608401794, 47.40419701016733 ], [ 8.560968708401868, 47.404206810167288 ], [ 8.561024508401909, 47.404234410167284 ] ], [ [ 8.556993808397879, 47.404651610168564 ], [ 8.556744108397666, 47.404535610168644 ], [ 8.556744096559823, 47.404535604676219 ], [ 8.556652508397594, 47.404493110168666 ], [ 8.556600408397561, 47.404449310168651 ], [ 8.556422408397387, 47.404459110168709 ], [ 8.55596380839693, 47.404491510168867 ], [ 8.555961534356346, 47.404491672389639 ] ], [ [ 8.556993808397879, 47.404651610168564 ], [ 8.556833608397799, 47.404403210168589 ], [ 8.556554908397651, 47.404001310168546 ], [ 8.556434008397574, 47.403883110168529 ], [ 8.556358708397523, 47.403821310168524 ], [ 8.556183008397383, 47.403717910168552 ], [ 8.556015308397257, 47.40359271016856 ], [ 8.555971308397229, 47.403559810168545 ], [ 8.555955808397218, 47.403548310168517 ], [ 8.555942766253759, 47.403539471813907 ] ], [ [ 8.556993808397879, 47.404651610168564 ], [ 8.55724850839815, 47.404564910168489 ], [ 8.557989908398893, 47.404488810168253 ], [ 8.558040908398945, 47.404483710168243 ], [ 8.558248308399151, 47.404466610168164 ], [ 8.558258951210666, 47.404465542242242 ], [ 8.55854030839944, 47.404437310168099 ], [ 8.559356508400256, 47.404355310167837 ], [ 8.559364294837591, 47.404354530131151 ], [ 8.55958010840048, 47.404332910167746 ], [ 8.560280108401164, 47.404310010167563 ], [ 8.560688608401577, 47.404269610167383 ], [ 8.560745208401634, 47.40426401016741 ], [ 8.560745747046322, 47.404263952968861 ], [ 8.560921308401809, 47.40424531016734 ], [ 8.561024508401909, 47.404234410167284 ] ], [ [ 8.56271630840358, 47.404136010166795 ], [ 8.562282708403135, 47.404203510166894 ], [ 8.562127408402977, 47.404225910166936 ], [ 8.562064608402917, 47.404233310166951 ], [ 8.562064121962354, 47.404233367827828 ], [ 8.561938908402789, 47.404248210167033 ], [ 8.561787508402638, 47.404265410167078 ], [ 8.561032008401886, 47.404351410167365 ], [ 8.560767554300226, 47.404370199801235 ], [ 8.560767408401619, 47.404370210167379 ], [ 8.559824408400692, 47.404410410167706 ], [ 8.55938076317792, 47.404433838288824 ], [ 8.559377508400255, 47.404434010167847 ], [ 8.559260108400135, 47.404442610167877 ], [ 8.55906299193204, 47.404462726105649 ], [ 8.559060208399933, 47.404463010167923 ], [ 8.558326808399206, 47.40453181016818 ], [ 8.558263805817282, 47.404537866230363 ], [ 8.55826230839914, 47.404538010168153 ], [ 8.558178108399058, 47.404544010168195 ], [ 8.557720608398597, 47.404585210168392 ], [ 8.557412308398289, 47.404610510168467 ], [ 8.557336108398214, 47.404617910168461 ], [ 8.556993808397879, 47.404651610168564 ] ], [ [ 8.561024508401909, 47.404234410167284 ], [ 8.561742308402625, 47.404171410167081 ], [ 8.561958108402839, 47.404148310166988 ], [ 8.562031308402918, 47.404139310166997 ], [ 8.562042508402929, 47.404138310166942 ], [ 8.562043121017027, 47.404138308854641 ], [ 8.562556008403424, 47.404137210166823 ], [ 8.56271630840358, 47.404136010166795 ] ], [ [ 8.570081408410793, 47.403850510164553 ], [ 8.569727908410439, 47.403888010164678 ], [ 8.569691308410409, 47.403893710164681 ], [ 8.569521208410235, 47.4039136101647 ], [ 8.569373508410091, 47.403926110164768 ], [ 8.56937312297484, 47.403926142967819 ], [ 8.569364108410078, 47.403926910164813 ], [ 8.569334008410049, 47.403926810164748 ], [ 8.569310108410029, 47.403926710164839 ], [ 8.56904680840977, 47.403925910164865 ], [ 8.568814408409553, 47.403912810164982 ], [ 8.568633108409379, 47.403897010165032 ], [ 8.568632947763785, 47.403897000073606 ], [ 8.568416709766185, 47.40388341653204 ], [ 8.568416608409175, 47.403883410165037 ], [ 8.568181526803688, 47.403865319276278 ], [ 8.568181408408952, 47.403865310165124 ], [ 8.568022608408807, 47.403854210165115 ], [ 8.567668898907723, 47.403826325183402 ], [ 8.567668708408478, 47.403826310165257 ], [ 8.567538208408349, 47.403814210165287 ], [ 8.567131708407963, 47.403782310165383 ], [ 8.567082821698344, 47.403778692548904 ], [ 8.567081708407919, 47.403778610165418 ], [ 8.566806519351449, 47.403758549469167 ], [ 8.56680460840766, 47.403758410165473 ], [ 8.566470408407335, 47.40373391016557 ], [ 8.566257537899393, 47.40373067296435 ], [ 8.566253408407132, 47.40373061016561 ], [ 8.565999148715985, 47.403738145961015 ], [ 8.565993608406881, 47.403738310165693 ], [ 8.565807608406686, 47.403750310165755 ], [ 8.563506508404382, 47.40403331016654 ], [ 8.563115008403978, 47.404087010166634 ], [ 8.56271630840358, 47.404136010166795 ] ], [ [ 8.570081408410793, 47.403850510164553 ], [ 8.57007450841081, 47.403798710164558 ], [ 8.570074669256755, 47.403796385209517 ], [ 8.570075608410809, 47.403782810164543 ], [ 8.570077408410823, 47.403768110164542 ], [ 8.570082108410832, 47.403752710164476 ], [ 8.570106708410872, 47.403704210164477 ], [ 8.570108409643707, 47.403701004137488 ], [ 8.570152608410943, 47.40361771016444 ], [ 8.570153607029164, 47.403615746971823 ], [ 8.570249408411085, 47.403427410164355 ] ], [ [ 8.570081408410793, 47.403850510164553 ], [ 8.57027120841099, 47.403827510164483 ], [ 8.570271211903927, 47.403827509741816 ], [ 8.571235608411961, 47.403710810164164 ] ], [ [ 8.54549930838944, 47.395949210169164 ], [ 8.545548708389438, 47.396119610169215 ], [ 8.545592308389431, 47.396274010169257 ], [ 8.54560259840571, 47.396299530965798 ], [ 8.545645208389439, 47.39640521016927 ], [ 8.545707008389465, 47.396526410169301 ] ], [ [ 8.545707008389465, 47.396526410169301 ], [ 8.545726561447482, 47.396563401896962 ] ], [ [ 8.545707008389465, 47.396526410169301 ], [ 8.545884508389587, 47.396685310169275 ], [ 8.545934408389611, 47.396769010169315 ], [ 8.546133208389708, 47.397071510169333 ], [ 8.546277108389789, 47.397255610169339 ], [ 8.546393508389857, 47.3974153101694 ], [ 8.546655808390017, 47.397716810169378 ], [ 8.546711008390046, 47.397779110169395 ], [ 8.546769708390086, 47.397843110169411 ], [ 8.546862508390141, 47.397950610169374 ], [ 8.547296108390411, 47.398433810169415 ], [ 8.547348008390445, 47.398504510169438 ], [ 8.547375908390443, 47.398594510169481 ], [ 8.547383208390418, 47.39867871016947 ], [ 8.547582908390543, 47.398884210169513 ], [ 8.547682908390614, 47.398978910169497 ], [ 8.547688466532424, 47.398984176585614 ], [ 8.547755308390665, 47.399047510169517 ], [ 8.547884608390751, 47.399176710169513 ], [ 8.547911908390772, 47.399200010169515 ], [ 8.547920844060016, 47.399206757142444 ], [ 8.548010708390841, 47.399274610169485 ], [ 8.548198108390977, 47.399420910169496 ], [ 8.548612908391288, 47.399715710169467 ], [ 8.548716808391376, 47.399757010169452 ], [ 8.548977108391581, 47.399917110169405 ], [ 8.549027544488043, 47.399948079702312 ], [ 8.549028408391626, 47.399948610169425 ], [ 8.549118308391693, 47.400002910169441 ], [ 8.549401808391938, 47.400094710169348 ], [ 8.549599708392101, 47.40017681016932 ], [ 8.549818208392285, 47.400282810169315 ], [ 8.549973402543168, 47.400367519975021 ], [ 8.550011308392437, 47.400388210169268 ], [ 8.550233111603132, 47.400530579723089 ], [ 8.550265408392631, 47.400551310169263 ], [ 8.550687274731015, 47.400807416636397 ], [ 8.550717408392986, 47.400825710169215 ], [ 8.550750876020224, 47.400843359510588 ], [ 8.550783208393035, 47.400860410169209 ], [ 8.551178528999875, 47.401057935489284 ], [ 8.551222508393394, 47.401079910169166 ], [ 8.551271908393435, 47.401104010169135 ], [ 8.551846309192486, 47.401397145771426 ] ] ] } },
{ "type": "Feature", "properties": { "corridor_id": 2, "corridor_name": "Stampfenbachstrasse - Schaffhauserstrasse - Walchestrasse - Schaffhauserplatz", "street_names": "Hofwiesenstrasse; Rothstrasse; Schaffhauserplatz; Schaffhauserstrasse; Stampfenbachplatz; Stampfenbachstrasse; Walchebrücke; Walchestrasse; Weinbergstrasse", "n_edges": 83, "length_m": 2708.5753941315606, "length_km": 2.7085753941315605, "mean_score": 56.386925855007476, "total_score": 4680.1148459656206, "pair_count_max": 255, "neighborhood_span": 33, "climb_saved_m": 2262.5911670496971, "mean_abs_grade": 0.029021144196022017, "max_grade": 0.064838938280638067, "elev_min_m": 407.739501953125, "elev_max_m": 464.80938720703125, "elev_range_m": 57.06988525390625, "gain_per_km": 19.651533883138839, "low_stress_share": 0.0, "mode": "bike", "n_pieces": 1, "neighborhoods": "City; Hochschulen; Unterstrass", "end_a_lon": 8.537766, "end_a_lat": 47.393461, "end_b_lon": 8.543986, "end_b_lat": 47.377081, "corridor_uid": "bike-38" }, "geometry": { "type": "MultiLineString", "coordinates": [ [ [ 8.537765518148898, 47.393461340014895 ], [ 8.537750308382696, 47.393439510170623 ], [ 8.537726353360451, 47.393375547791599 ], [ 8.537721208382695, 47.393361810170603 ], [ 8.537706508382707, 47.393278810170585 ], [ 8.538028008383193, 47.392736810170298 ], [ 8.538169808383422, 47.392434010170135 ], [ 8.538172101275427, 47.39242858365909 ], [ 8.538172808383429, 47.392426910170165 ], [ 8.538182408383443, 47.39240421017017 ], [ 8.538192857579837, 47.392379503191783 ], [ 8.538193108383458, 47.39237891017013 ], [ 8.538286708383611, 47.392180010170065 ], [ 8.538345108383705, 47.39206371016995 ], [ 8.53840560838379, 47.391966310169913 ], [ 8.538418008383807, 47.391946410169957 ], [ 8.538428208383822, 47.391929910169907 ], [ 8.538428626954193, 47.391929270815197 ], [ 8.538446408383852, 47.391902110169923 ], [ 8.538465908383884, 47.3918722101699 ], [ 8.538543608383995, 47.391753310169818 ], [ 8.538586508384103, 47.391534710169744 ], [ 8.538587908384109, 47.391521110169734 ], [ 8.538590408384122, 47.391497010169758 ], [ 8.538591856289319, 47.391483212484943 ], [ 8.538592108384126, 47.391480810169739 ], [ 8.538622008384189, 47.391356210169711 ], [ 8.538669108384305, 47.391152410169646 ], [ 8.538669596242784, 47.391150671161121 ], [ 8.538723308384412, 47.390959210169527 ], [ 8.538778308384515, 47.390809010169441 ], [ 8.538825508384607, 47.390664110169404 ], [ 8.538882808384722, 47.390457910169324 ], [ 8.538961908384826, 47.39038871016929 ] ], [ [ 8.538942208384494, 47.391381210169612 ], [ 8.538958708384477, 47.391494210169633 ], [ 8.538958683710328, 47.391494381121852 ], [ 8.538918208384349, 47.391774810169792 ], [ 8.538909608384305, 47.391897110169801 ], [ 8.538911108384296, 47.391929110169755 ], [ 8.538911908384291, 47.391948610169777 ], [ 8.538913208384278, 47.391976310169824 ], [ 8.538913479825698, 47.391978172257915 ], [ 8.538928208384268, 47.392079210169847 ], [ 8.538968708384262, 47.39221911016984 ], [ 8.539013208384253, 47.392383710169938 ], [ 8.539025105617291, 47.392434029614606 ] ], [ [ 8.538961908384826, 47.39038871016929 ], [ 8.539003108384842, 47.390452710169271 ], [ 8.538958008384732, 47.390672010169382 ], [ 8.538917408384645, 47.390824510169452 ], [ 8.538896608384587, 47.390948410169472 ], [ 8.538893908384548, 47.391055310169477 ], [ 8.538893708384546, 47.391064610169515 ], [ 8.538895508384545, 47.391075110169496 ], [ 8.538901693025069, 47.391112119843768 ], [ 8.538901808384537, 47.391112810169545 ], [ 8.538913608384528, 47.391185510169549 ], [ 8.538926608132046, 47.391274308445006 ], [ 8.538926608384513, 47.391274310169592 ], [ 8.538942208384494, 47.391381210169612 ] ], [ [ 8.539641764472066, 47.390762990703351 ], [ 8.539524508385226, 47.390867610169302 ], [ 8.539279808384906, 47.391110410169404 ], [ 8.53914670838474, 47.391238410169528 ], [ 8.539130908384715, 47.39125351016947 ], [ 8.539082208384652, 47.391300310169548 ], [ 8.539071216010928, 47.391306753974852 ], [ 8.539064808384634, 47.391310510169561 ], [ 8.538942208384494, 47.391381210169612 ] ], [ [ 8.539065108385467, 47.388622210168691 ], [ 8.539059708385448, 47.388682210168682 ], [ 8.539054013542229, 47.388780221417186 ], [ 8.539054008385408, 47.388780310168706 ], [ 8.539054508385407, 47.388801910168716 ], [ 8.539057808385381, 47.388906710168783 ], [ 8.539072108385309, 47.389174310168855 ], [ 8.539087708385225, 47.389477110168912 ], [ 8.539095108385188, 47.389629210169019 ], [ 8.539095127861374, 47.389630590056981 ], [ 8.53909710838515, 47.389770910169027 ], [ 8.539085108385093, 47.389890810169071 ], [ 8.53907080838505, 47.390000010169146 ], [ 8.538961908384826, 47.39038871016929 ] ], [ [ 8.539065108385467, 47.388622210168691 ], [ 8.539080708385509, 47.388534110168642 ], [ 8.53908168097392, 47.388531101695712 ], [ 8.539119308385585, 47.388414710168583 ], [ 8.53912147436775, 47.388409883294372 ], [ 8.539227408385772, 47.388173810168524 ], [ 8.539320808385908, 47.387999810168409 ], [ 8.53939420838603, 47.387868110168377 ], [ 8.539394335026691, 47.38786788822987 ], [ 8.53952390838622, 47.387640810168229 ] ], [ [ 8.53952390838622, 47.387640810168229 ], [ 8.53955840838622, 47.387752110168279 ], [ 8.539532108386165, 47.387838210168297 ], [ 8.539496808386117, 47.387898110168322 ], [ 8.539496513596376, 47.387898631597487 ], [ 8.539385208385941, 47.388095510168441 ], [ 8.539254808385735, 47.388377210168549 ], [ 8.539194308385614, 47.388546910168586 ], [ 8.539175532151372, 47.388561565826578 ], [ 8.539150108385565, 47.388581410168655 ], [ 8.539065108385467, 47.388622210168691 ] ], [ [ 8.540030408387693, 47.38446831016708 ], [ 8.540007608387652, 47.3845205101671 ], [ 8.539988408387615, 47.384600810167157 ], [ 8.539977408387584, 47.384680310167134 ], [ 8.539961808387522, 47.384795310167235 ], [ 8.539940212305229, 47.384953281509517 ], [ 8.539940208387456, 47.384953310167262 ], [ 8.539897908387317, 47.385263010167385 ], [ 8.539891318737713, 47.385311134577961 ], [ 8.539891308387302, 47.385311210167401 ], [ 8.539880608387264, 47.38539891016741 ], [ 8.539868608387222, 47.385484410167443 ], [ 8.539816108387054, 47.385857510167554 ], [ 8.539794808386981, 47.386043610167619 ], [ 8.539740408386812, 47.386416810167773 ], [ 8.539736011022626, 47.386445492974936 ], [ 8.539736008386797, 47.386445510167761 ], [ 8.539726717199375, 47.386505753028004 ], [ 8.53972670838677, 47.386505810167819 ], [ 8.539719621147936, 47.386552126770752 ], [ 8.539719608386752, 47.386552210167842 ], [ 8.539682113219319, 47.386813976429316 ], [ 8.539682108386629, 47.386814010167932 ], [ 8.539656508386546, 47.386992710167995 ], [ 8.539619808386428, 47.387275310168093 ], [ 8.539619672919541, 47.387275983442208 ], [ 8.53958310838633, 47.38745771016815 ], [ 8.539566208386299, 47.387529410168199 ], [ 8.53952390838622, 47.387640810168229 ] ], [ [ 8.540030408387693, 47.38446831016708 ], [ 8.540035308387715, 47.384404010167067 ], [ 8.54005690838776, 47.384339410167037 ], [ 8.540080408387789, 47.384304710166994 ], [ 8.540089137880386, 47.384292649128966 ], [ 8.540101108387821, 47.384276110167001 ], [ 8.540110917782346, 47.384264321822712 ], [ 8.540411408388241, 47.383903210166764 ], [ 8.54044840838829, 47.383863510166755 ], [ 8.540455599705114, 47.383857788131479 ], [ 8.540536508388392, 47.383793410166668 ] ], [ [ 8.540536508388392, 47.383793410166668 ], [ 8.540564508388405, 47.383849610166735 ], [ 8.540568908388396, 47.383878010166704 ], [ 8.540570308388395, 47.383909410166751 ], [ 8.540561379180323, 47.383919416549134 ], [ 8.540381308388147, 47.384121210166853 ], [ 8.540215908387921, 47.384314810166998 ], [ 8.540206865846351, 47.384325314676346 ], [ 8.540199208387897, 47.384334210166962 ], [ 8.540109808387786, 47.384421210167041 ], [ 8.540030408387693, 47.38446831016708 ] ], [ [ 8.542791508391634, 47.380402210164966 ], [ 8.542777608391608, 47.380432910165013 ], [ 8.542758508391582, 47.380466710165031 ], [ 8.542757520255158, 47.380468369424797 ], [ 8.54272920839154, 47.380515910164995 ], [ 8.542666108391451, 47.380613610165121 ], [ 8.542606308391358, 47.380705010165144 ], [ 8.54252220839124, 47.380825710165198 ], [ 8.542433208391119, 47.38094721016526 ], [ 8.542122295559881, 47.381333562954929 ], [ 8.542110508390678, 47.38134821016547 ], [ 8.541951708390467, 47.381546810165602 ], [ 8.541866408390332, 47.381699010165647 ], [ 8.541811308390237, 47.381850010165707 ], [ 8.541790208390188, 47.381921310165758 ], [ 8.541775808390149, 47.382005410165803 ], [ 8.541771508390134, 47.382042210165771 ], [ 8.541739708390038, 47.382274610165865 ], [ 8.541736504115923, 47.382285504697869 ], [ 8.541726708390005, 47.382318810165891 ], [ 8.54169930838995, 47.382411810165927 ], [ 8.541615508389828, 47.382554310165993 ], [ 8.541528108389706, 47.382675210166063 ], [ 8.54151810838969, 47.382686710166091 ], [ 8.541486408389648, 47.382723310166092 ], [ 8.541407808389542, 47.382818010166169 ], [ 8.541407135413676, 47.382818766493877 ], [ 8.541222108389301, 47.383026710166284 ], [ 8.540928510397364, 47.38336380786042 ], [ 8.540928508388911, 47.383363810166443 ], [ 8.540861708388823, 47.383440510166501 ], [ 8.540536508388392, 47.383793410166668 ] ], [ [ 8.542791508391634, 47.380402210164966 ], [ 8.542722908391584, 47.380351110164945 ], [ 8.54271110839157, 47.380339810164983 ], [ 8.542702908391574, 47.380329310164974 ], [ 8.542683308391563, 47.380301010164992 ], [ 8.542666978939296, 47.380276734294753 ], [ 8.542664608391556, 47.380273210164951 ], [ 8.542575108391503, 47.380170410164972 ], [ 8.542526008391466, 47.380111310164978 ], [ 8.542501908391451, 47.380079510164954 ], [ 8.542489908391447, 47.380061110164959 ], [ 8.542478308391443, 47.380039610164978 ], [ 8.54246820839144, 47.380011910164953 ], [ 8.542460508391446, 47.379977010164922 ], [ 8.542460108391461, 47.37993891016496 ], [ 8.542464908391471, 47.379902210164907 ], [ 8.542473008391495, 47.379866310164893 ], [ 8.54250510839155, 47.379796410164886 ], [ 8.54251508529032, 47.37977874406387 ], [ 8.54252080839157, 47.379768610164824 ], [ 8.542550308391613, 47.379717310164828 ], [ 8.542561074287683, 47.379697064563821 ], [ 8.542572908391643, 47.379674810164772 ], [ 8.542593008391686, 47.379632910164801 ], [ 8.542748608391936, 47.379289910164644 ], [ 8.542816408392047, 47.379137010164555 ], [ 8.542854508392113, 47.379041310164467 ], [ 8.542858508392136, 47.37901661016452 ], [ 8.542858708392142, 47.378985310164531 ], [ 8.54285807799608, 47.378979132283114 ], [ 8.542856208392143, 47.378960810164507 ], [ 8.542849608392146, 47.378934610164499 ], [ 8.542834508392142, 47.378907610164475 ], [ 8.54281400839213, 47.378888010164474 ], [ 8.542786208392107, 47.378867010164498 ], [ 8.542764308392091, 47.378854810164491 ], [ 8.54274080839207, 47.378843810164526 ], [ 8.542724013896722, 47.378838466461431 ], [ 8.54271440839204, 47.378835410164456 ], [ 8.542678408392014, 47.378825210164486 ], [ 8.542630708391972, 47.378814910164493 ], [ 8.542596156915609, 47.378808789212123 ], [ 8.542484508391832, 47.378789010164517 ], [ 8.542362108391726, 47.378769410164558 ], [ 8.54227066546995, 47.378752801144117 ], [ 8.542264108391635, 47.378751610164592 ], [ 8.541748308391165, 47.378645910164714 ], [ 8.541707508391129, 47.378637410164721 ], [ 8.541668886945731, 47.378631101995339 ] ], [ [ 8.543986167322309, 47.377081405843164 ], [ 8.543967208393802, 47.377091010163561 ], [ 8.543933308393758, 47.377131610163602 ], [ 8.543756408393449, 47.377548610163792 ], [ 8.543735908393408, 47.377650110163785 ], [ 8.543724308393358, 47.37776281016383 ], [ 8.543713608393324, 47.377834810163918 ], [ 8.5437134791879, 47.377835826323647 ], [ 8.543609408392967, 47.378654310164201 ], [ 8.543606312349127, 47.378667911405053 ], [ 8.543536908392802, 47.378972810164299 ], [ 8.54324930839231, 47.379663110164635 ], [ 8.543091408392058, 47.379973610164754 ], [ 8.542986008391901, 47.380159210164834 ], [ 8.542985657242747, 47.380159819203989 ], [ 8.542949108391843, 47.380223210164893 ], [ 8.542939812182937, 47.380239403561035 ], [ 8.542939808391829, 47.380239410164869 ], [ 8.54290000839177, 47.380313510164939 ], [ 8.542894108391755, 47.380323810164931 ], [ 8.542881208391739, 47.380340210164924 ], [ 8.54286270839172, 47.380358510164953 ], [ 8.542791508391634, 47.380402210164966 ] ] ] } },
{ "type": "Feature", "properties": { "corridor_id": 3, "corridor_name": "Uraniastrasse - Pelikanstrasse - Nüschelerstrasse - Werdmühlestrasse", "street_names": "Bahnhofquai; Bahnhofstrasse; Brandschenkestrasse; Nüschelerstrasse; Pelikanstrasse; Rudolf-Brun-Brücke; Sihlstrasse; Uraniastrasse; Werdmühleplatz; Werdmühlestrasse", "n_edges": 66, "length_m": 1947.0225758546148, "length_km": 1.9470225758546149, "mean_score": 34.7580055517288, "total_score": 2294.0283664141007, "pair_count_max": 197, "neighborhood_span": 34, "climb_saved_m": 726.43309785045301, "mean_abs_grade": 0.0058224732412957923, "max_grade": 0.027831293235068302, "elev_min_m": 406.29354858398438, "elev_max_m": 411.07342529296875, "elev_range_m": 4.779876708984375, "gain_per_km": 3.7485088704124774, "low_stress_share": 0.4286445530143459, "mode": "bike", "n_pieces": 1, "neighborhoods": "City; Lindenhof; Rathaus", "end_a_lon": 8.533753, "end_a_lat": 47.369705, "end_b_lon": 8.541619, "end_b_lat": 47.377693, "corridor_uid": "bike-39" }, "geometry": { "type": "MultiLineString", "coordinates": [ [ [ 8.539195308389962, 47.374523710164127 ], [ 8.538870308389635, 47.374566310164234 ], [ 8.538793508389558, 47.374574410164286 ], [ 8.538792722720116, 47.374574486516401 ], [ 8.538658708389418, 47.374587510164282 ], [ 8.538658157711737, 47.374587569546556 ], [ 8.538540008389301, 47.374600310164325 ], [ 8.538539518134458, 47.374600364937926 ], [ 8.538304608389064, 47.374626610164434 ], [ 8.537904408388664, 47.374669110164518 ], [ 8.537904206565669, 47.374669129665264 ], [ 8.537797808388557, 47.374679410164589 ], [ 8.537797798640371, 47.374679411204362 ], [ 8.537782808388545, 47.374681010164601 ], [ 8.537714008388471, 47.374685710164577 ], [ 8.537661108388418, 47.37468831016465 ], [ 8.537609655416283, 47.374688211406514 ], [ 8.537609008388371, 47.374688210164663 ], [ 8.537532208388296, 47.374687910164674 ], [ 8.537484008388251, 47.374686210164668 ], [ 8.537411708388181, 47.374679410164674 ], [ 8.537360308388132, 47.374673310164702 ], [ 8.537302608388082, 47.374665210164743 ], [ 8.537233608388014, 47.374653410164761 ], [ 8.537183308387972, 47.374643210164763 ], [ 8.537139108387924, 47.374633110164758 ], [ 8.537103308387895, 47.37462361016474 ], [ 8.537047208387849, 47.374607010164723 ], [ 8.5369879083878, 47.374587010164781 ], [ 8.536924908387748, 47.374563210164794 ], [ 8.536860408387687, 47.374534210164811 ], [ 8.536790308387632, 47.374496410164802 ], [ 8.536729008387585, 47.374461310164818 ], [ 8.536679908387546, 47.374427810164818 ], [ 8.536632208387509, 47.374392410164823 ], [ 8.536592708387486, 47.374357810164831 ], [ 8.536545708387457, 47.374312810164788 ], [ 8.536432408387382, 47.374197510164826 ], [ 8.536411913169278, 47.374176623816624 ], [ 8.536406208387364, 47.37417081016477 ], [ 8.536345708387326, 47.37410881016482 ], [ 8.536002508387091, 47.373767210164772 ], [ 8.535905108387034, 47.3736675101648 ], [ 8.53587720838701, 47.373640610164784 ], [ 8.535867708387007, 47.373631410164762 ], [ 8.535848264945018, 47.373612736760151 ], [ 8.535847508386988, 47.373612010164777 ], [ 8.535654508386871, 47.373407110164798 ], [ 8.535460308386742, 47.373207010164776 ], [ 8.53546030038447, 47.373207001890592 ], [ 8.535419108386712, 47.373164410164783 ], [ 8.53541550838675, 47.373036510164738 ], [ 8.535478208386856, 47.372888310164676 ], [ 8.535493308386885, 47.372852610164678 ], [ 8.53549371677561, 47.372851638615657 ], [ 8.535524708386932, 47.372777910164622 ], [ 8.535549708386981, 47.372714310164596 ], [ 8.535554283402277, 47.372703996660299 ], [ 8.535619308387098, 47.372557410164511 ], [ 8.535649608387137, 47.372514510164514 ], [ 8.535658108387148, 47.372506110164487 ], [ 8.535693091397116, 47.372480683916663 ], [ 8.5356980083872, 47.372477110164468 ], [ 8.535789808387308, 47.372412910164435 ], [ 8.535821090379182, 47.372391048424426 ], [ 8.536123208387698, 47.372179910164256 ], [ 8.536143232953707, 47.372165914775735 ], [ 8.536591508388256, 47.37185261016397 ], [ 8.536645008388321, 47.371815210163959 ], [ 8.536647379788588, 47.371813458212216 ], [ 8.53674530838844, 47.371741110163931 ], [ 8.536658408388373, 47.371683610163949 ], [ 8.536397108388172, 47.371510910163934 ], [ 8.536394541559163, 47.371509384946719 ], [ 8.536335008388122, 47.371474010163965 ], [ 8.536205008388027, 47.371394710163969 ], [ 8.536170208388002, 47.371373510163977 ], [ 8.536169585525458, 47.371373129525743 ], [ 8.536080208387929, 47.371318510164024 ], [ 8.536004703685999, 47.371269392576551 ], [ 8.536003808387864, 47.371268810163961 ], [ 8.535974208387847, 47.371248910163992 ], [ 8.53575095885116, 47.371098790684009 ], [ 8.535748608387676, 47.371097210164024 ], [ 8.535390008387406, 47.370843910164062 ], [ 8.535348475131025, 47.370814592571328 ], [ 8.535347508387371, 47.370813910164031 ], [ 8.535250808387298, 47.370743210164058 ], [ 8.535148508387222, 47.370671410164036 ], [ 8.535148413754404, 47.370671344294998 ], [ 8.535115608387194, 47.370648510164031 ], [ 8.534854608387, 47.370466510164043 ], [ 8.534594608386806, 47.370286010164108 ], [ 8.534344208386608, 47.37012091016414 ], [ 8.534300459896992, 47.370091073328105 ], [ 8.53429640838657, 47.370088310164135 ], [ 8.534259405774847, 47.370064174168 ], [ 8.534254708386538, 47.370061110164123 ], [ 8.534149408386462, 47.369986410164138 ], [ 8.533803308386199, 47.369740610164136 ], [ 8.533752898712647, 47.369704868498729 ] ], [ [ 8.53714993443163, 47.373766242303063 ], [ 8.537170808388224, 47.373778810164474 ], [ 8.537205908388259, 47.373791710164454 ], [ 8.537273108388318, 47.373804210164444 ], [ 8.537665308388686, 47.373841510164326 ], [ 8.538030108389034, 47.373875310164266 ], [ 8.538039463114453, 47.373876138787949 ], [ 8.538073008389073, 47.373879110164268 ], [ 8.538167208389158, 47.373887310164221 ], [ 8.538171572471299, 47.373887758973709 ], [ 8.538241108389228, 47.373894910164218 ], [ 8.538292708389276, 47.373900210164201 ], [ 8.538308808389289, 47.373904210164177 ], [ 8.538331408389311, 47.373910710164196 ], [ 8.538347608389323, 47.373916810164175 ], [ 8.538369308389345, 47.373929110164177 ], [ 8.538405508389362, 47.373968310164173 ], [ 8.538584908389437, 47.374294610164171 ], [ 8.538624208389454, 47.374363010164274 ], [ 8.538665208389483, 47.37441291016426 ], [ 8.538704308389514, 47.37444591016429 ], [ 8.538731608389535, 47.374462810164282 ], [ 8.538755308389554, 47.374474010164221 ], [ 8.538779008389568, 47.374483510164239 ], [ 8.538812308389598, 47.374494810164222 ], [ 8.53884420443867, 47.374501293706899 ], [ 8.53885510838964, 47.374503510164232 ], [ 8.538890708389673, 47.374507310164198 ], [ 8.539195308389962, 47.374523710164127 ] ], [ [ 8.539195308389962, 47.374523710164127 ], [ 8.53955649550282, 47.374506610774127 ], [ 8.539556508390318, 47.374506610163991 ], [ 8.539658208390421, 47.374502310164011 ], [ 8.539936308390695, 47.374488210163932 ] ], [ [ 8.541859608391816, 47.376886610164121 ], [ 8.541481808391442, 47.376917310164231 ], [ 8.541480608391465, 47.376844710164214 ], [ 8.541484556360906, 47.376832433276384 ], [ 8.54169670839188, 47.376172710163885 ], [ 8.541738008391969, 47.376032210163864 ], [ 8.541724108391961, 47.376007510163866 ], [ 8.541683508391918, 47.376001110163855 ], [ 8.541583577507295, 47.375986033523191 ], [ 8.541550608316987, 47.375981059438956 ], [ 8.540982908391275, 47.375895410164034 ], [ 8.540996808391304, 47.375847910163998 ], [ 8.541004808391326, 47.375790010164003 ], [ 8.541004889789338, 47.375784031932476 ], [ 8.541005708391346, 47.375723910163956 ], [ 8.541003308391366, 47.375661110163975 ], [ 8.540987008391376, 47.375591010163966 ], [ 8.540955408391362, 47.375517410163908 ], [ 8.540940309331104, 47.375503459945222 ], [ 8.540909408391332, 47.375474910163952 ], [ 8.540835508391277, 47.37542911016395 ], [ 8.540767939017911, 47.375396214547997 ], [ 8.54076710839122, 47.375395810163958 ], [ 8.540714880311574, 47.375369402707989 ], [ 8.540713708391173, 47.375368810163963 ], [ 8.540175308390735, 47.375103010164032 ], [ 8.540071208390648, 47.375051810164045 ], [ 8.540018976937576, 47.375019570749949 ], [ 8.540013208390604, 47.375016010164074 ], [ 8.539982508390581, 47.374981610164077 ], [ 8.539964608390576, 47.374948610164026 ], [ 8.539958008390588, 47.374886510164011 ], [ 8.539947223574758, 47.37460260987099 ], [ 8.539947208390668, 47.374602210163914 ], [ 8.539942408390681, 47.374552010163953 ], [ 8.539936308390695, 47.374488210163932 ] ], [ [ 8.539936308390695, 47.374488210163932 ], [ 8.54009530839085, 47.374482010163824 ], [ 8.540095335658949, 47.374482009142966 ], [ 8.540463908391214, 47.374468210163748 ], [ 8.540463973492882, 47.374468207760913 ], [ 8.540637308391387, 47.374461810163716 ], [ 8.540637387367106, 47.374461807652992 ], [ 8.541354508392089, 47.374439010163485 ], [ 8.541541908392269, 47.374432210163413 ], [ 8.541596908392323, 47.374429610163418 ], [ 8.541692008392419, 47.374429210163377 ], [ 8.541884257347505, 47.374420812393062 ], [ 8.541884308392607, 47.374420810163279 ], [ 8.541978108392703, 47.374416110163303 ], [ 8.542806808393514, 47.374374510163008 ], [ 8.542835008393542, 47.374373110163035 ], [ 8.54284900839356, 47.374372410163012 ], [ 8.542866608393577, 47.374371610163017 ], [ 8.542866639216212, 47.374371608781658 ] ], [ [ 8.541619196740649, 47.377693358528596 ], [ 8.541619108391336, 47.37768551016444 ], [ 8.541612008391354, 47.377625310164397 ], [ 8.541530808391361, 47.377334710164376 ], [ 8.541517308391374, 47.377266310164316 ], [ 8.541516108391388, 47.377203110164317 ], [ 8.541526808391449, 47.377033410164259 ], [ 8.541605008391599, 47.376790610164178 ], [ 8.541850008392093, 47.375963310163868 ], [ 8.541850360522272, 47.375962099621901 ] ], [ [ 8.541724108391961, 47.376007510163866 ], [ 8.541850008392093, 47.375963310163868 ] ] ] } },
{ "type": "Feature", "properties": { "corridor_id": 4, "corridor_name": "Limmatquai - Seilergraben - Hirschengraben - Central", "street_names": "Central; Heimplatz; Heimstrasse; Hirschengraben; Kantonsschulstrasse; Limmatquai; Mühlegasse; Seilergraben", "n_edges": 53, "length_m": 2010.7486929087586, "length_km": 2.0107486929087588, "mean_score": 41.781318986946715, "total_score": 2214.4099063081758, "pair_count_max": 220, "neighborhood_span": 34, "climb_saved_m": 794.68072007285957, "mean_abs_grade": 0.014406734437185702, "max_grade": 0.061389367462466156, "elev_min_m": 406.84909057617188, "elev_max_m": 428.06069946289062, "elev_range_m": 21.21160888671875, "gain_per_km": 9.5587051113731079, "low_stress_share": 0.3560184513369764, "mode": "bike", "n_pieces": 1, "neighborhoods": "Hochschulen; Rathaus", "end_a_lon": 8.543438, "end_a_lat": 47.376568, "end_b_lon": 8.548736, "end_b_lat": 47.370223, "corridor_uid": "bike-40" }, "geometry": { "type": "MultiLineString", "coordinates": [ [ [ 8.542931508394627, 47.371179710161961 ], [ 8.542873908394476, 47.371484010162092 ], [ 8.542836440356888, 47.371755478582998 ], [ 8.542836408394352, 47.371755710162148 ], [ 8.542832408394334, 47.371802310162202 ], [ 8.542825008394303, 47.37188271016224 ], [ 8.542803508394208, 47.37211751016229 ], [ 8.542792708394161, 47.372231710162346 ], [ 8.542773308394077, 47.372479410162434 ], [ 8.542769808393965, 47.372804510162524 ], [ 8.54276970839393, 47.372919710162563 ], [ 8.54277510839386, 47.373158410162617 ], [ 8.5427949083938, 47.373423810162741 ], [ 8.542815908393777, 47.373576310162747 ], [ 8.542858108393748, 47.373782010162849 ], [ 8.542886808393742, 47.373906910162837 ], [ 8.542938408393727, 47.374103610162869 ], [ 8.542977308393725, 47.374235010162948 ], [ 8.542990408393726, 47.374272110162956 ], [ 8.542990476130875, 47.374272354754673 ], [ 8.54301610839372, 47.374364910162953 ] ], [ [ 8.543793408393874, 47.376316210163388 ], [ 8.543732608393857, 47.376183310163356 ], [ 8.543724551560816, 47.376173280566682 ], [ 8.543684008393829, 47.376122810163331 ], [ 8.543638308393792, 47.376083210163308 ], [ 8.543537708393718, 47.376014210163348 ], [ 8.543384208393714, 47.375546010163255 ], [ 8.543371808432527, 47.375497402315347 ], [ 8.543371708393714, 47.375497010163244 ], [ 8.543131827243975, 47.374752100297997 ], [ 8.543131508393717, 47.374751110163054 ], [ 8.54308110839372, 47.374582510163016 ], [ 8.543054908393719, 47.374494510162954 ], [ 8.543053008393718, 47.374488010162999 ], [ 8.543051008393723, 47.374481610163009 ], [ 8.543044679324678, 47.374460348446654 ], [ 8.543044608393723, 47.374460110162978 ], [ 8.54301610839372, 47.374364910162953 ] ], [ [ 8.54301610839372, 47.374364910162953 ], [ 8.543137534825776, 47.374353646848647 ], [ 8.54313900839384, 47.374353510162933 ], [ 8.54318380839389, 47.374346810162891 ], [ 8.543215808393924, 47.374342010162877 ], [ 8.543454108394165, 47.374306110162827 ], [ 8.543556608394272, 47.374301210162812 ], [ 8.543779834316918, 47.374291366218017 ] ], [ [ 8.543438273226792, 47.376567942986895 ], [ 8.543442308393461, 47.376559210163563 ], [ 8.543483508393525, 47.376461010163503 ], [ 8.543508108393588, 47.376336610163449 ], [ 8.543562108393655, 47.376300210163429 ], [ 8.543609208393702, 47.376286110163441 ], [ 8.543614466175912, 47.376285832725735 ], [ 8.543686908393783, 47.376282010163372 ], [ 8.543741208393827, 47.37629061016338 ], [ 8.543793408393874, 47.376316210163388 ] ], [ [ 8.543793408393874, 47.376316210163388 ], [ 8.543867708393902, 47.376446110163428 ], [ 8.543871604876202, 47.376456588344247 ], [ 8.543894408393905, 47.376517910163393 ], [ 8.543942008393921, 47.376622610163444 ], [ 8.543966126967231, 47.376642847586972 ], [ 8.543976808393944, 47.376651810163402 ], [ 8.544036408393991, 47.376688610163427 ], [ 8.544092908394045, 47.376709810163419 ], [ 8.544160908394099, 47.376730010163435 ], [ 8.544283908394219, 47.376734110163348 ], [ 8.544340108394268, 47.376733510163362 ], [ 8.544397808394335, 47.37672381016332 ], [ 8.544434401503759, 47.376709950417506 ], [ 8.544441108394379, 47.376707410163284 ], [ 8.544609908394563, 47.376637410163255 ], [ 8.54465477269358, 47.37656472999889 ], [ 8.54465490839463, 47.376564510163185 ], [ 8.544687508394688, 47.376509010163169 ], [ 8.544700208394699, 47.376487510163145 ], [ 8.544782174366164, 47.376365950459871 ], [ 8.544782808394816, 47.376365010163099 ], [ 8.545192708395415, 47.375712210162796 ], [ 8.545192864238311, 47.375711966254798 ], [ 8.545564508395957, 47.375130310162483 ], [ 8.545811608396319, 47.3747444101623 ], [ 8.545812836857642, 47.374742793555193 ], [ 8.545873008396402, 47.374663610162209 ], [ 8.545939608396496, 47.374583410162153 ], [ 8.546377408397083, 47.374054310161874 ], [ 8.54640567351319, 47.374020173067493 ], [ 8.546405808397123, 47.3740200101619 ], [ 8.546443408397174, 47.373975410161819 ], [ 8.546456504896533, 47.373959870285759 ], [ 8.546456808397188, 47.373959510161804 ], [ 8.547130508398096, 47.373145710161417 ], [ 8.547134408398104, 47.373140810161409 ], [ 8.547169182655448, 47.373097193307188 ], [ 8.547169408398149, 47.373096910161337 ], [ 8.547200908398187, 47.373057110161319 ] ], [ [ 8.547169408398149, 47.373096910161337 ], [ 8.547272008398226, 47.37316921016135 ], [ 8.54651800839722, 47.37405521016187 ], [ 8.546516360707992, 47.374063591885246 ], [ 8.546515708397212, 47.374066910161865 ], [ 8.54602620839656, 47.374646010162188 ], [ 8.545979808396496, 47.374700910162183 ], [ 8.545978744691231, 47.37470228239583 ] ], [ [ 8.547200908398187, 47.373057110161319 ], [ 8.547178708398189, 47.372984810161327 ], [ 8.547187508398213, 47.372948910161277 ], [ 8.547191809509009, 47.372941302690037 ], [ 8.547232908398282, 47.372868610161255 ], [ 8.547284408398358, 47.372777910161211 ], [ 8.547374108398497, 47.372620210161145 ], [ 8.547385641087651, 47.372605774137675 ], [ 8.547402708398533, 47.372584410161075 ], [ 8.54751950839867, 47.37250401016108 ] ], [ [ 8.54751950839867, 47.37250401016108 ], [ 8.547575508398698, 47.372607510161053 ], [ 8.547573748179467, 47.372683590746625 ], [ 8.547573708398666, 47.37268531016111 ], [ 8.547568508398641, 47.372745910161136 ], [ 8.54753620839859, 47.372815110161163 ], [ 8.547491608398531, 47.372872810161148 ], [ 8.547417708398438, 47.372949910161225 ], [ 8.547378508398387, 47.372991810161288 ], [ 8.547373289556221, 47.372995344036944 ], [ 8.547321208398316, 47.373030610161301 ], [ 8.547200908398187, 47.373057110161319 ] ], [ [ 8.54751950839867, 47.37250401016108 ], [ 8.547593308398872, 47.372100310160924 ], [ 8.547648308399014, 47.371804210160803 ], [ 8.547671008399059, 47.371726210160759 ], [ 8.547682008399079, 47.371688610160774 ], [ 8.547682593448206, 47.371686990760061 ], [ 8.54771260839914, 47.371603910160687 ], [ 8.547778308399241, 47.371481410160683 ], [ 8.547975508399526, 47.371169310160511 ], [ 8.548029108399605, 47.371083910160465 ], [ 8.548052608399637, 47.371047610160453 ], [ 8.548087508399687, 47.371004010160405 ], [ 8.548121808399728, 47.370974310160392 ], [ 8.548156108399771, 47.37095541016037 ], [ 8.548288008399911, 47.370899910160304 ] ], [ [ 8.549356114504153, 47.372058056695757 ], [ 8.549346208400584, 47.372047010160394 ], [ 8.549306808400562, 47.372000810160387 ], [ 8.549046408400397, 47.371718310160347 ], [ 8.548393765587727, 47.370993794783807 ], [ 8.548392608399986, 47.370992510160292 ], [ 8.548288008399911, 47.370899910160304 ] ], [ [ 8.548288008399911, 47.370899910160304 ], [ 8.5482615083999, 47.370855610160334 ], [ 8.54826320839992, 47.370816810160335 ], [ 8.548342608400029, 47.370703710160221 ], [ 8.548347709383139, 47.370695504230909 ], [ 8.548453008400191, 47.370526110160135 ], [ 8.548500808400258, 47.370457510160087 ], [ 8.548607008400397, 47.370335610160055 ], [ 8.548658608400464, 47.370287410160003 ], [ 8.548731608400553, 47.370227010159944 ], [ 8.548736269421509, 47.370222952404688 ] ] ] } },
{ "type": "Feature", "properties": { "corridor_id": 5, "corridor_name": "Langstrasse - Limmatplatz - Stauffacherstrasse", "street_names": "Langstrasse; Limmatplatz; Stauffacherstrasse", "n_edges": 42, "length_m": 1328.1262938100701, "length_km": 1.3281262938100702, "mean_score": 48.02272902555336, "total_score": 2016.954619073241, "pair_count_max": 220, "neighborhood_span": 34, "climb_saved_m": 735.34095323117685, "mean_abs_grade": 0.00508358881006839, "max_grade": 0.053860385150138433, "elev_min_m": 404.98379516601562, "elev_max_m": 411.060302734375, "elev_range_m": 6.076507568359375, "gain_per_km": 0.48641956291282534, "low_stress_share": 0.29274818147534465, "mode": "bike", "n_pieces": 1, "neighborhoods": "Gewerbeschule; Langstrasse", "end_a_lon": 8.524301, "end_a_lat": 47.374521, "end_b_lon": 8.531307, "end_b_lat": 47.384701, "corridor_uid": "bike-41" }, "geometry": { "type": "MultiLineString", "coordinates": [ [ [ 8.524300608375485, 47.374520610168425 ], [ 8.524411808375554, 47.374640410168425 ], [ 8.524706908375725, 47.375040110168442 ], [ 8.52494470837585, 47.375371210168474 ], [ 8.524999008375877, 47.375449810168533 ], [ 8.52499942657415, 47.375450394007501 ], [ 8.525116408375942, 47.375613710168523 ], [ 8.525330108376066, 47.37590131016858 ], [ 8.525475308376144, 47.376091010168636 ], [ 8.52556130837619, 47.376209210168618 ], [ 8.525589908376203, 47.376250810168592 ], [ 8.525615941910655, 47.376288830366377 ], [ 8.525617708376219, 47.376291410168641 ], [ 8.525701908376261, 47.37642881016864 ] ], [ [ 8.525701908376261, 47.37642881016864 ], [ 8.525778808376304, 47.376546810168676 ], [ 8.525779551426451, 47.376547854702245 ], [ 8.525803208376313, 47.376581110168644 ], [ 8.526018508376426, 47.376884110168682 ], [ 8.526313108376584, 47.377300410168729 ], [ 8.526369008376617, 47.377379410168771 ], [ 8.526719408376769, 47.377973510168843 ], [ 8.52698620837689, 47.378425310168922 ], [ 8.526986283040745, 47.378425433514693 ], [ 8.527013508376905, 47.378470410168887 ], [ 8.527182407582867, 47.378755308829412 ], [ 8.527182408376978, 47.378755310168977 ], [ 8.527209908376999, 47.378801710168972 ], [ 8.527283908377028, 47.378927910168969 ], [ 8.527283908613823, 47.378927910569246 ], [ 8.527288108377029, 47.378935010168973 ], [ 8.527357208377065, 47.379052910168994 ], [ 8.527395208377074, 47.379115610169016 ], [ 8.527509308377125, 47.379310010168993 ], [ 8.52750939781539, 47.379310162347586 ], [ 8.527536108377141, 47.37935561016905 ], [ 8.527574908377156, 47.37941911016906 ], [ 8.527638808377187, 47.379527410169068 ], [ 8.52765789113114, 47.379559726189576 ], [ 8.52765870837719, 47.379561110169078 ], [ 8.527699208377209, 47.379649810169091 ], [ 8.527743408377216, 47.379746710169137 ], [ 8.527744913561666, 47.379749238540725 ], [ 8.527761208377228, 47.379776610169117 ], [ 8.527768308377233, 47.379788710169151 ], [ 8.527867108377276, 47.379955810169115 ], [ 8.527893308377287, 47.37999991016914 ], [ 8.527917408377297, 47.380040410169151 ], [ 8.527934208377305, 47.380068710169162 ], [ 8.527936100992944, 47.380071218610333 ], [ 8.527992908377339, 47.380146510169155 ], [ 8.528035908377362, 47.38020061016919 ], [ 8.528086308377393, 47.3802677101692 ], [ 8.528113708377408, 47.380304110169178 ], [ 8.52840510837756, 47.380718110169212 ], [ 8.528919308377825, 47.381483710169363 ], [ 8.529137508377939, 47.381789710169372 ], [ 8.529157008377954, 47.381816910169384 ], [ 8.529168708377959, 47.381833110169381 ], [ 8.529223908377991, 47.3819052101694 ], [ 8.529293308378035, 47.381986810169415 ], [ 8.529293616816583, 47.381987142452317 ], [ 8.529333408378061, 47.382030010169387 ], [ 8.529458908378141, 47.38216511016941 ], [ 8.529560708378202, 47.382284910169403 ], [ 8.529632227815293, 47.382369108952616 ], [ 8.529632908378243, 47.382369910169416 ], [ 8.529739888919648, 47.382495752018883 ], [ 8.529740108378308, 47.382496010169412 ], [ 8.529793208378344, 47.382558410169409 ], [ 8.530031608378486, 47.382839010169455 ], [ 8.530031616826726, 47.382839020112485 ], [ 8.530094908378526, 47.382913510169459 ], [ 8.530094918307439, 47.382913521851577 ], [ 8.530431308378727, 47.383309310169437 ], [ 8.530474208378759, 47.383360210169492 ], [ 8.530474215811971, 47.383360218977749 ], [ 8.530660708378869, 47.383581210169517 ], [ 8.530908373273018, 47.383874368614897 ], [ 8.530908408379014, 47.38387441016954 ], [ 8.530942808379038, 47.383915410169529 ], [ 8.531011308379082, 47.383996510169553 ], [ 8.531210508379203, 47.384232610169533 ], [ 8.531237508379212, 47.384266510169574 ], [ 8.531254408379228, 47.384287610169565 ], [ 8.531276372828248, 47.384344717737015 ], [ 8.531276908379224, 47.384346110169574 ], [ 8.531308145567515, 47.384436146771087 ], [ 8.531309208379236, 47.38443921016961 ], [ 8.531314208379232, 47.384470410169598 ], [ 8.531307219800679, 47.384700933422465 ] ], [ [ 8.526436519205129, 47.376036189373174 ], [ 8.526293408376919, 47.376154010168371 ], [ 8.526134008376731, 47.376259010168425 ], [ 8.525955908376524, 47.376377410168537 ], [ 8.525892908376454, 47.376411710168583 ], [ 8.525866297611584, 47.376419941765157 ], [ 8.52585540837641, 47.376423310168605 ], [ 8.525812708376371, 47.37642731016863 ], [ 8.525701908376261, 47.37642881016864 ] ] ] } },
{ "type": "Feature", "properties": { "corridor_id": 6, "corridor_name": "Dufourstrasse - Höschgasse", "street_names": "Dufourstrasse; Höschgasse", "n_edges": 43, "length_m": 1074.3242661561198, "length_km": 1.0743242661561199, "mean_score": 36.357507793126935, "total_score": 1563.3728351044583, "pair_count_max": 140, "neighborhood_span": 34, "climb_saved_m": 404.33994300857125, "mean_abs_grade": 0.0070382291385562186, "max_grade": 0.025993201130655501, "elev_min_m": 407.47357177734375, "elev_max_m": 414.5147705078125, "elev_range_m": 7.04119873046875, "gain_per_km": 3.0532512278643362, "low_stress_share": 0.8911003190572947, "mode": "bike", "n_pieces": 1, "neighborhoods": "Seefeld", "end_a_lon": 8.547514, "end_a_lat": 47.364052, "end_b_lon": 8.553501, "end_b_lat": 47.356469, "corridor_uid": "bike-42" }, "geometry": { "type": "MultiLineString", "coordinates": [ [ [ 8.552892408408606, 47.357246010154611 ], [ 8.552827408408518, 47.357326610154615 ], [ 8.552827402489477, 47.357326617489058 ], [ 8.552489511053064, 47.357745306877362 ], [ 8.552489508408064, 47.357745310154854 ], [ 8.55243610840799, 47.357811510154875 ], [ 8.55239460840793, 47.357865310154935 ], [ 8.552394600694468, 47.357865320141642 ], [ 8.5522263084077, 47.358083210155044 ], [ 8.552226303802621, 47.358083216122644 ], [ 8.552112408407547, 47.358230810155113 ], [ 8.552112389743778, 47.358230834053835 ], [ 8.552104208407533, 47.358241310155151 ], [ 8.55210420426914, 47.35824131551486 ], [ 8.551764008407066, 47.358681910155362 ], [ 8.55176399425048, 47.358681928449037 ], [ 8.551720208407009, 47.358738510155412 ], [ 8.551694908406972, 47.358770010155389 ], [ 8.551694903802346, 47.358770015881355 ], [ 8.551428809266854, 47.359100909085861 ], [ 8.551428808406616, 47.35910091015559 ], [ 8.551388208406554, 47.359151410155654 ], [ 8.55133840840649, 47.35921481015567 ], [ 8.551338345840788, 47.359214889127244 ], [ 8.550951708405966, 47.359702910155931 ], [ 8.55095169534969, 47.359702926635954 ], [ 8.55084950840582, 47.359831910156011 ], [ 8.550745108405682, 47.359969110156065 ], [ 8.550744526605996, 47.35996981173804 ], [ 8.550677108405585, 47.360051110156135 ], [ 8.550616608405509, 47.360131510156172 ], [ 8.550616266907321, 47.36013194573178 ], [ 8.55049790840534, 47.360282910156236 ], [ 8.550497680600868, 47.360283200883181 ], [ 8.550281408405047, 47.36055921015641 ], [ 8.550281368242677, 47.36055926127213 ], [ 8.550250608405005, 47.360598410156413 ], [ 8.550224116661083, 47.360632999376776 ], [ 8.550224108404969, 47.36063301015642 ], [ 8.549901908404525, 47.361054610156692 ], [ 8.549901907653361, 47.361054611139267 ], [ 8.549864908404476, 47.361103010156718 ], [ 8.549820008404415, 47.36115721015674 ], [ 8.549819493945659, 47.361157885161418 ], [ 8.549559808404059, 47.36149861015695 ], [ 8.549444408403922, 47.361579510156972 ], [ 8.549152904084382, 47.361951295344269 ], [ 8.549152108403522, 47.361952310157157 ], [ 8.549121908403476, 47.361998210157211 ], [ 8.549077208403412, 47.362066110157258 ], [ 8.549075945020265, 47.362067794456799 ], [ 8.548877908403133, 47.362331810157372 ], [ 8.548875136045124, 47.362335131423031 ], [ 8.548618808402788, 47.362642210157567 ], [ 8.54859125271253, 47.362675118391962 ], [ 8.548591008402756, 47.362675410157578 ], [ 8.548535508402672, 47.36274821015764 ], [ 8.548511408402643, 47.362779710157632 ], [ 8.548481408402601, 47.362819110157673 ], [ 8.548481215015059, 47.362819356036105 ], [ 8.548460408402574, 47.362845810157665 ], [ 8.548234908402264, 47.363133510157851 ], [ 8.548102308402083, 47.363302410157893 ], [ 8.547876508401773, 47.363590410158075 ], [ 8.547876503665258, 47.36359041619572 ], [ 8.547793509954875, 47.363696208178247 ], [ 8.547793508401663, 47.363696210158096 ], [ 8.547514308401279, 47.364052310158328 ], [ 8.547514305812717, 47.364052313458622 ] ], [ [ 8.552892408408606, 47.357246010154611 ], [ 8.553002247400459, 47.357282589836977 ], [ 8.553002308408704, 47.357282610154556 ], [ 8.554245008409779, 47.357696310154303 ], [ 8.554283071645196, 47.357708932666839 ] ], [ [ 8.553500809368026, 47.356469008900021 ], [ 8.553500808409435, 47.356469010154157 ], [ 8.55322660840906, 47.356827810154364 ], [ 8.552943915575545, 47.357181501187725 ], [ 8.552943908408675, 47.357181510154525 ], [ 8.552892408408606, 47.357246010154611 ] ] ] } },
{ "type": "Feature", "properties": { "corridor_id": 7, "corridor_name": "Hofwiesenstrasse - Bucheggplatz - Wehntalerstrasse", "street_names": "Bucheggplatz; Hofwiesenstrasse; Wehntalerstrasse", "n_edges": 33, "length_m": 1625.7944866194073, "length_km": 1.6257944866194072, "mean_score": 41.60830994224311, "total_score": 1373.0742280940226, "pair_count_max": 122, "neighborhood_span": 34, "climb_saved_m": 456.13648287401162, "mean_abs_grade": 0.015832722642995452, "max_grade": 0.046359185080083007, "elev_min_m": 455.64993286132812, "elev_max_m": 472.25967407226562, "elev_range_m": 16.6097412109375, "gain_per_km": 5.3983522519962719, "low_stress_share": 0.0, "mode": "bike", "n_pieces": 1, "neighborhoods": "Unterstrass", "end_a_lon": 8.534027, "end_a_lat": 47.397892, "end_b_lon": 8.537337, "end_b_lat": 47.405234, "corridor_uid": "bike-43" }, "geometry": { "type": "MultiLineString", "coordinates": [ [ [ 8.535494208377711, 47.402468710174141 ], [ 8.535224461249609, 47.402339399761424 ], [ 8.535186308377449, 47.402321110174185 ], [ 8.534849708377237, 47.401973110174161 ], [ 8.534688708377143, 47.401765210174176 ], [ 8.534510928945416, 47.401522521025861 ], [ 8.534504108377048, 47.401513210174116 ], [ 8.534376208376974, 47.401338510174092 ], [ 8.534339708376955, 47.401282710174122 ], [ 8.534290108376934, 47.401207010174083 ], [ 8.534289228540029, 47.401205611599998 ], [ 8.534242108376906, 47.40113071017408 ], [ 8.534095208376828, 47.400933610174086 ], [ 8.53391980837673, 47.400690910174035 ], [ 8.533768708376652, 47.400481710173999 ], [ 8.533650872797969, 47.400313001998882 ], [ 8.533646408376583, 47.400306610173992 ], [ 8.533397023743424, 47.399988891870514 ], [ 8.533384008376432, 47.399972310173943 ], [ 8.533330108376411, 47.399890110173942 ], [ 8.53321080837636, 47.399670510173877 ], [ 8.533150908376347, 47.399517310173913 ], [ 8.533110708376357, 47.399377410173841 ], [ 8.533089408376373, 47.399258110173797 ], [ 8.533088674492966, 47.399248705982131 ], [ 8.533075408376416, 47.399078710173761 ], [ 8.533062508376437, 47.398961410173719 ], [ 8.533057108376441, 47.398933810173716 ], [ 8.533045908376437, 47.398915410173728 ], [ 8.533028708376428, 47.398887310173684 ], [ 8.532999964820585, 47.398864125945352 ], [ 8.532934608376364, 47.398811410173685 ], [ 8.53281340837626, 47.398747910173711 ], [ 8.532657808376129, 47.398689910173779 ], [ 8.532585808376068, 47.398645110173767 ], [ 8.532573306944148, 47.398634760627658 ], [ 8.532549208376047, 47.398614810173704 ], [ 8.532480408376003, 47.398522310173746 ], [ 8.532456708376003, 47.398457510173678 ], [ 8.53245920837603, 47.398379210173729 ] ], [ [ 8.534027408377707, 47.3978924101731 ], [ 8.534077008377745, 47.397924910173103 ], [ 8.534154008377794, 47.39799711017308 ], [ 8.534205608377821, 47.398071910173115 ], [ 8.534218108377823, 47.398108110173148 ], [ 8.534219984467031, 47.398122858318807 ], [ 8.534221708377817, 47.398136410173095 ], [ 8.53421853990414, 47.398181519232367 ], [ 8.534217908377798, 47.398190510173123 ], [ 8.534214608377784, 47.398232410173129 ], [ 8.53419900837774, 47.398304210173194 ], [ 8.534121808377595, 47.398529210173265 ], [ 8.534041008377475, 47.398678510173362 ], [ 8.533988208377403, 47.398738410173408 ], [ 8.533933308377337, 47.39877811017341 ], [ 8.533874608377273, 47.398809510173415 ], [ 8.533853153216405, 47.398818532807908 ], [ 8.533803508377193, 47.398839410173487 ], [ 8.533747408377129, 47.398856610173482 ], [ 8.533529808376899, 47.398914610173563 ], [ 8.533454308376832, 47.398924110173589 ], [ 8.533408016749947, 47.398937874918708 ], [ 8.533401508376773, 47.39893981017363 ], [ 8.533336508376699, 47.398983010173652 ], [ 8.533276408376626, 47.399040610173685 ], [ 8.533251108376568, 47.399111010173755 ], [ 8.533261308376538, 47.399247610173745 ], [ 8.533280608376524, 47.399360610173787 ], [ 8.533343608376518, 47.399565810173819 ], [ 8.533444208376558, 47.39977731017386 ], [ 8.533547408376601, 47.399947910173921 ], [ 8.533774108376724, 47.400272010173943 ], [ 8.534057108376876, 47.400651010173981 ], [ 8.534326608377027, 47.401019110173991 ], [ 8.534409408377076, 47.40112211017405 ], [ 8.534415908377078, 47.401130210174045 ], [ 8.534440982337387, 47.401159938013279 ], [ 8.534442308377095, 47.401161510174028 ], [ 8.534507308377124, 47.401260610174035 ], [ 8.534850608377313, 47.401730110174114 ], [ 8.535127297867986, 47.402000556312899 ], [ 8.5351298083775, 47.402003010174099 ], [ 8.535350957630182, 47.402222536838252 ], [ 8.535361508377653, 47.402233010174079 ], [ 8.535494208377711, 47.402468710174141 ] ], [ [ 8.534242908376092, 47.403767210174898 ], [ 8.534325408376219, 47.403611510174869 ], [ 8.534612108376583, 47.403317710174697 ], [ 8.535244408377407, 47.402656110174306 ], [ 8.53525726257736, 47.402643232323548 ], [ 8.535353108377548, 47.402547210174184 ], [ 8.535494208377711, 47.402468710174141 ] ], [ [ 8.535494208377711, 47.402468710174141 ], [ 8.53563116945897, 47.4025929841238 ], [ 8.535631308377802, 47.402593110174138 ], [ 8.535884208377981, 47.402815410174135 ], [ 8.536094008378122, 47.40301591017414 ], [ 8.536301908378249, 47.403261310174152 ], [ 8.536323473005273, 47.403289133500394 ], [ 8.536336708378265, 47.403306210174158 ], [ 8.536359219734091, 47.403335144770175 ], [ 8.536374208378287, 47.403354410174167 ], [ 8.536455508378337, 47.40346021017416 ], [ 8.5365898083784, 47.403666710174221 ], [ 8.536695002546487, 47.403874035452162 ], [ 8.53671000837844, 47.403903610174233 ], [ 8.536780208378463, 47.404055210174292 ], [ 8.53696970837853, 47.404447210174332 ], [ 8.537045973894786, 47.404610368368914 ], [ 8.537055108378549, 47.404629910174393 ], [ 8.537337448718807, 47.405234151962084 ] ] ] } },
{ "type": "Feature", "properties": { "corridor_id": 8, "corridor_name": "Toblerstrasse", "street_names": "Toblerstrasse", "n_edges": 20, "length_m": 651.10268505159434, "length_km": 0.6511026850515943, "mean_score": 54.740930752859938, "total_score": 1094.8186150571987, "pair_count_max": 164, "neighborhood_span": 34, "climb_saved_m": 381.31466249130148, "mean_abs_grade": 0.035505703108275236, "max_grade": 0.051889526065323155, "elev_min_m": 509.43853759765625, "elev_max_m": 532.373779296875, "elev_range_m": 22.93524169921875, "gain_per_km": 35.373809616604348, "low_stress_share": 1.0, "mode": "bike", "n_pieces": 1, "neighborhoods": "Fluntern", "end_a_lon": 8.552326, "end_a_lat": 47.382556, "end_b_lon": 8.55934, "end_b_lat": 47.379176, "corridor_uid": "bike-44" }, "geometry": { "type": "LineString", "coordinates": [ [ 8.552325508400225, 47.382556210162917 ], [ 8.552429408400329, 47.38253941016287 ], [ 8.552527808400429, 47.382511610162858 ], [ 8.552616427276163, 47.382471574224063 ], [ 8.552626308400544, 47.3824671101628 ], [ 8.55275489919822, 47.382409024849665 ], [ 8.552764008400692, 47.382404910162705 ], [ 8.552894801659859, 47.382345766409998 ], [ 8.55290310840085, 47.382342010162674 ], [ 8.553103408401068, 47.382251510162583 ], [ 8.553185437293735, 47.382213878828793 ], [ 8.553191908401169, 47.382210910162478 ], [ 8.55359210840161, 47.382030210162377 ], [ 8.553783808401825, 47.381946810162297 ], [ 8.553888008401939, 47.381909410162244 ], [ 8.553977255351095, 47.381870574669726 ], [ 8.553983608402039, 47.381867810162177 ], [ 8.554085108402154, 47.381821310162152 ], [ 8.554225808402311, 47.381749910162078 ], [ 8.554843008402999, 47.381475810161817 ], [ 8.554908608403064, 47.381446610161788 ], [ 8.555109708403293, 47.381357410161712 ], [ 8.555109721431593, 47.381357404381617 ], [ 8.555236608403435, 47.381301110161608 ], [ 8.555236633480467, 47.38130109906033 ], [ 8.555363108403576, 47.381245110161593 ], [ 8.555668908403916, 47.381106910161478 ], [ 8.555805908404066, 47.381044510161438 ], [ 8.556085608404375, 47.380918310161256 ], [ 8.556360808404682, 47.380798510161206 ], [ 8.556488672766855, 47.380738932493941 ], [ 8.556490008404824, 47.380738310161121 ], [ 8.55670750840507, 47.380625210160993 ], [ 8.556824400308715, 47.380562681953585 ], [ 8.556824908405202, 47.380562410160984 ], [ 8.556918455771767, 47.380510505818101 ], [ 8.55691880840531, 47.380510310160929 ], [ 8.557252408405695, 47.380328210160812 ], [ 8.557496680422121, 47.380193401543913 ], [ 8.557497208405964, 47.380193110160661 ], [ 8.557821243437637, 47.380016535994166 ], [ 8.557822208406341, 47.380016010160503 ], [ 8.558394408406995, 47.379698410160231 ], [ 8.558473551861775, 47.379654696625337 ], [ 8.55847370840708, 47.379654610160181 ], [ 8.558808008407462, 47.379468810160006 ], [ 8.559157908407865, 47.379282010159883 ], [ 8.559339943246615, 47.379176037756487 ] ] } },
{ "type": "Feature", "properties": { "corridor_id": 9, "corridor_name": "Lessingstrasse", "street_names": "Lessingstrasse", "n_edges": 16, "length_m": 874.36533903340387, "length_km": 0.87436533903340385, "mean_score": 65.446214356002471, "total_score": 1047.1394296960395, "pair_count_max": 70, "neighborhood_span": 34, "climb_saved_m": 485.47457678514252, "mean_abs_grade": 0.0080358230532891831, "max_grade": 0.06702750844571595, "elev_min_m": 418.20870971679688, "elev_max_m": 422.32791137695312, "elev_range_m": 4.11920166015625, "gain_per_km": 2.0630547036376874, "low_stress_share": 1.0, "mode": "bike", "n_pieces": 1, "neighborhoods": "Enge; Wollishofen", "end_a_lon": 8.523726, "end_a_lat": 47.360177, "end_b_lon": 8.524709, "end_b_lat": 47.353008, "corridor_uid": "bike-45" }, "geometry": { "type": "MultiLineString", "coordinates": [ [ [ 8.525125869612216, 47.353443653607506 ], [ 8.525117708382774, 47.353450310161378 ], [ 8.525101008382732, 47.353540210161412 ], [ 8.525107508382714, 47.353618410161445 ], [ 8.52511520838268, 47.35375781016149 ], [ 8.52508843663075, 47.353958451202736 ], [ 8.525087908382586, 47.353962410161543 ], [ 8.525074635675811, 47.354033643537335 ], [ 8.525074008382552, 47.354037010161569 ], [ 8.525066408382532, 47.354077710161583 ], [ 8.525024283549838, 47.354299958393938 ], [ 8.525024008382426, 47.354301410161654 ], [ 8.524979808382296, 47.354568710161779 ], [ 8.524905608382099, 47.354966310161934 ], [ 8.524904856895578, 47.354970338691544 ], [ 8.52485210838196, 47.355253110162025 ], [ 8.524816008381851, 47.355479510162098 ], [ 8.524815256801128, 47.355488032750991 ], [ 8.524789208381737, 47.355783410162196 ], [ 8.524781608381673, 47.355956710162275 ], [ 8.52478089102719, 47.355972518141684 ], [ 8.524767908381568, 47.356258610162371 ], [ 8.524766984409496, 47.356279298844491 ], [ 8.524752308381441, 47.356607910162509 ], [ 8.524735908381395, 47.356728610162548 ], [ 8.524733142258363, 47.35675627139274 ], [ 8.524721408381334, 47.356873610162609 ], [ 8.524667108381188, 47.357162810162706 ], [ 8.52463310838113, 47.357276810162752 ], [ 8.524623629703013, 47.357306650882819 ], [ 8.524552808380967, 47.357529610162871 ], [ 8.52447020838081, 47.357777410162946 ], [ 8.524461950150387, 47.357802204825752 ], [ 8.524387508380652, 47.358025710163048 ], [ 8.524322408380531, 47.358221410163175 ], [ 8.524315780935378, 47.358241348942379 ], [ 8.524181508380259, 47.358645310163325 ], [ 8.524176411498692, 47.358660639945292 ], [ 8.524012208379942, 47.359154510163528 ], [ 8.524008952920319, 47.359164296133933 ], [ 8.523912508379748, 47.359454210163655 ], [ 8.523910502018381, 47.359460776437253 ], [ 8.52383990837961, 47.35969181016376 ], [ 8.523804908379521, 47.359866010163813 ], [ 8.523749908379385, 47.360130710163922 ], [ 8.523728408379355, 47.360172110163987 ], [ 8.523725572455792, 47.360177000629434 ] ], [ [ 8.525087908382586, 47.353962410161543 ], [ 8.525020908382528, 47.353950610161547 ], [ 8.525030308382568, 47.353827710161504 ], [ 8.525041808382618, 47.35372961016148 ], [ 8.52503630838264, 47.353623610161463 ], [ 8.524993508382636, 47.35350131016142 ], [ 8.524953608382642, 47.353353710161393 ], [ 8.524917808382632, 47.353278810161363 ], [ 8.524881908382616, 47.353214410161335 ], [ 8.524708008382497, 47.353053510161345 ], [ 8.524709208382511, 47.353008210161342 ] ] ] } },
{ "type": "Feature", "properties": { "corridor_id": 10, "corridor_name": "Altwiesenstrasse - Roswiesenstrasse", "street_names": "Altwiesenstrasse; Roswiesenstrasse", "n_edges": 20, "length_m": 877.34740025817621, "length_km": 0.87734740025817626, "mean_score": 46.615367142314248, "total_score": 932.307342846285, "pair_count_max": 66, "neighborhood_span": 34, "climb_saved_m": 566.15026836992729, "mean_abs_grade": 0.0062578002517175609, "max_grade": 0.035264075164949144, "elev_min_m": 428.27960205078125, "elev_max_m": 432.96188354492188, "elev_range_m": 4.682281494140625, "gain_per_km": 3.8371181070491258, "low_stress_share": 1.0, "mode": "bike", "n_pieces": 1, "neighborhoods": "Hirzenbach; Schwamendingen-Mitte", "end_a_lon": 8.576639, "end_a_lat": 47.40317, "end_b_lon": 8.586848, "end_b_lat": 47.401563, "corridor_uid": "bike-46" }, "geometry": { "type": "LineString", "coordinates": [ [ 8.576638769130637, 47.403170075019702 ], [ 8.57665360841737, 47.403184310162381 ], [ 8.576670308417363, 47.403236010162445 ], [ 8.576696308417365, 47.403316410162439 ], [ 8.576764708417375, 47.403488710162478 ], [ 8.57684950381827, 47.403793279374447 ], [ 8.576850208417365, 47.403795810162556 ], [ 8.576870408417362, 47.403868510162575 ], [ 8.577004545912224, 47.403849333394874 ], [ 8.577004708417498, 47.403849310162549 ], [ 8.578125608418633, 47.40368891016216 ], [ 8.578301074729742, 47.403658238411971 ], [ 8.578301808418811, 47.403658110162091 ], [ 8.578470108418987, 47.403628610162016 ], [ 8.578715394841145, 47.4035702274494 ], [ 8.578718408419238, 47.403569510161937 ], [ 8.578953008419489, 47.403503710161843 ], [ 8.580249437365252, 47.403125297922678 ], [ 8.58025110842086, 47.40312481016138 ], [ 8.581164611151623, 47.402861284395399 ], [ 8.581165908421834, 47.402860910161024 ], [ 8.581539308422226, 47.40274941016088 ], [ 8.581613779261758, 47.402728801252074 ], [ 8.581614108422306, 47.402728710160844 ], [ 8.581776408422478, 47.40268091016079 ], [ 8.581917408422624, 47.402641110160722 ], [ 8.581919774556141, 47.402640474483029 ], [ 8.581997808422706, 47.402619510160683 ], [ 8.582135908422854, 47.402589810160606 ], [ 8.582314608423038, 47.402546510160576 ], [ 8.582718108423466, 47.402431810160436 ], [ 8.583022208423779, 47.402369110160301 ], [ 8.583388008424151, 47.40230831016018 ], [ 8.583396056282766, 47.402307003151591 ], [ 8.583689108424462, 47.40225941016007 ], [ 8.584099208424881, 47.402179110159935 ], [ 8.584102731300364, 47.402178400741441 ], [ 8.585088408425902, 47.401979910159568 ], [ 8.585171708425987, 47.401964010159539 ], [ 8.585265608426079, 47.401945810159539 ], [ 8.585265886767431, 47.401945762141565 ], [ 8.585299808426113, 47.401939910159513 ], [ 8.585446908426265, 47.401905110159483 ], [ 8.585573352977883, 47.401875270442851 ], [ 8.585573608426399, 47.401875210159417 ], [ 8.586196908427052, 47.401721410159197 ], [ 8.586196984847742, 47.401721391694032 ], [ 8.586617594595571, 47.40161976182619 ], [ 8.586617808427492, 47.401619710159025 ], [ 8.586847611029233, 47.401563034180249 ] ] } },
{ "type": "Feature", "properties": { "corridor_id": 11, "corridor_name": "Austrasse - Steinstrasse - Uetlibergstrasse - Haldenstrasse", "street_names": "Austrasse; Binzallee; Binzstrasse; Haldenstrasse; Steinstrasse; Uetlibergstrasse", "n_edges": 27, "length_m": 873.4770174021952, "length_km": 0.87347701740219519, "mean_score": 32.449575584921341, "total_score": 876.13854079287614, "pair_count_max": 80, "neighborhood_span": 33, "climb_saved_m": 268.89569973621548, "mean_abs_grade": 0.013137403012233909, "max_grade": 0.041691556004840022, "elev_min_m": 414.53988647460938, "elev_max_m": 425.95358276367188, "elev_range_m": 11.4136962890625, "gain_per_km": 6.7175027065581938, "low_stress_share": 0.62413130547149931, "mode": "bike", "n_pieces": 1, "neighborhoods": "Alt-Wiedikon", "end_a_lon": 8.51685, "end_a_lat": 47.363549, "end_b_lon": 8.51971, "end_b_lat": 47.368306, "corridor_uid": "bike-47" }, "geometry": { "type": "LineString", "coordinates": [ [ 8.516850311426138, 47.363548781261471 ], [ 8.51692140837169, 47.363540610167014 ], [ 8.516994408371767, 47.363511210166955 ], [ 8.51705570837184, 47.363471810166978 ], [ 8.517245308372086, 47.363276410166812 ], [ 8.517294396743431, 47.363218243809037 ], [ 8.517303708372165, 47.363207210166792 ], [ 8.517331508372207, 47.363156110166763 ], [ 8.517414308372285, 47.363165610166696 ], [ 8.517529608372396, 47.363171610166695 ], [ 8.517667308372534, 47.36316861016666 ], [ 8.517808312643766, 47.363158431514385 ], [ 8.51780860837267, 47.363158410166633 ], [ 8.517914608372777, 47.363147510166556 ], [ 8.517987408372854, 47.363129810166534 ], [ 8.518061708372931, 47.363105310166553 ], [ 8.518187708373073, 47.363056610166467 ], [ 8.518282208373174, 47.363019610166447 ], [ 8.518485708373399, 47.362938210166355 ], [ 8.518658208373592, 47.362875510166305 ], [ 8.518841508373781, 47.362809910166213 ], [ 8.518843424323547, 47.36280926889674 ], [ 8.518963408373917, 47.362769110166177 ], [ 8.519031708373989, 47.362748510166121 ], [ 8.519207708374108, 47.36290641016614 ], [ 8.519208210070346, 47.362906850052262 ], [ 8.519416308374252, 47.363089310166131 ], [ 8.519953708374638, 47.363563510166102 ], [ 8.520015908374679, 47.363620610166144 ], [ 8.520016356860033, 47.36362100447667 ], [ 8.520342908374912, 47.363908110166108 ], [ 8.52034298533804, 47.363908177800397 ], [ 8.520405608374951, 47.363963210166112 ], [ 8.520345392858829, 47.364000253090516 ], [ 8.520333108374867, 47.364007810166171 ], [ 8.52029300837482, 47.364035010166198 ], [ 8.5202836083748, 47.364061310166193 ], [ 8.520215508374688, 47.364222010166266 ], [ 8.520125308374539, 47.36441511016637 ], [ 8.519952998238603, 47.364796325549001 ], [ 8.519949208374245, 47.364804710166574 ], [ 8.519779708373973, 47.365179910166702 ], [ 8.519735308373889, 47.365296310166762 ], [ 8.519721208373857, 47.36534401016678 ], [ 8.519724108373843, 47.365408910166771 ], [ 8.519798594771963, 47.365772843709593 ], [ 8.519798608373801, 47.365772910166868 ], [ 8.519814608373794, 47.365855910166907 ], [ 8.519829908373785, 47.365928910166936 ], [ 8.519830233248447, 47.365930458370705 ], [ 8.519886208373755, 47.366197210167002 ], [ 8.519887727127633, 47.366204441267371 ], [ 8.520008908373697, 47.366781410167178 ], [ 8.520027508373706, 47.366825610167183 ], [ 8.520068408373728, 47.366873810167171 ], [ 8.520078514814399, 47.36688322227225 ], [ 8.520147008373781, 47.366947010167181 ], [ 8.520059046663954, 47.367029140161378 ], [ 8.520056508373665, 47.367031510167216 ], [ 8.520004108373602, 47.367083410167268 ], [ 8.519972608373557, 47.367122010167293 ], [ 8.519928508373493, 47.367186410167307 ], [ 8.519910008373465, 47.367218110167357 ], [ 8.519886708373429, 47.367278710167355 ], [ 8.51973720837316, 47.367669710167533 ], [ 8.519720622652612, 47.367725591287439 ], [ 8.519717708373117, 47.367735410167562 ], [ 8.519716021937871, 47.36774133142908 ], [ 8.519713208373116, 47.367751210167597 ], [ 8.519704525590702, 47.367842333683633 ], [ 8.519703708373068, 47.367850910167562 ], [ 8.519705318454529, 47.367964468267878 ], [ 8.519705408373037, 47.367970810167627 ], [ 8.519710408372937, 47.36830551016773 ] ] } },
{ "type": "Feature", "properties": { "corridor_id": 12, "corridor_name": "Spulenweg", "street_names": "Spulenweg", "n_edges": 14, "length_m": 2420.546840556533, "length_km": 2.4205468405565331, "mean_score": 49.055037070807131, "total_score": 686.77051899129981, "pair_count_max": 70, "neighborhood_span": 34, "climb_saved_m": 863.55994347733292, "mean_abs_grade": 0.0050441094634137559, "max_grade": 0.056129142932443012, "elev_min_m": 421.34619140625, "elev_max_m": 429.7635498046875, "elev_range_m": 8.4173583984375, "gain_per_km": 3.703681809633212, "low_stress_share": 0.91034401748599147, "mode": "bike", "n_pieces": 1, "neighborhoods": "Wollishofen", "end_a_lon": 8.518489, "end_a_lat": 47.341789, "end_b_lon": 8.524702, "end_b_lat": 47.352609, "corridor_uid": "bike-48" }, "geometry": { "type": "MultiLineString", "coordinates": [ [ [ 8.518489099397383, 47.341788710800543 ], [ 8.518497008379905, 47.341799810159465 ], [ 8.518542808379934, 47.341864110159506 ], [ 8.518784808380033, 47.342297010159562 ], [ 8.518878808380036, 47.342576010159625 ], [ 8.518959508380005, 47.342950310159722 ], [ 8.518985008379957, 47.343179810159789 ], [ 8.518973066212212, 47.34337994098636 ], [ 8.518973008379882, 47.343380910159858 ], [ 8.51897150837987, 47.343405210159858 ], [ 8.519038108379929, 47.343433110159836 ], [ 8.519096608379968, 47.343498910159887 ], [ 8.519254908380088, 47.343610110159851 ] ], [ [ 8.524701866165257, 47.352608865408577 ], [ 8.524746408382713, 47.352463810161105 ], [ 8.52476180838277, 47.35233121016109 ], [ 8.524750308382799, 47.352214910161088 ], [ 8.524721208382834, 47.352002710160988 ], [ 8.524680908382829, 47.351873910161004 ], [ 8.524483608382743, 47.351533510160941 ], [ 8.524410908382704, 47.351446310160945 ], [ 8.524357664097554, 47.351358283058751 ], [ 8.523958108382496, 47.350697710160773 ], [ 8.523624508382303, 47.350262910160765 ], [ 8.523191408382024, 47.349779510160722 ], [ 8.522830708381775, 47.349451110160729 ], [ 8.522626608381628, 47.349291810160729 ], [ 8.522564608381579, 47.349263710160749 ], [ 8.522557988014713, 47.349258502563693 ], [ 8.522315308381391, 47.349067610160752 ], [ 8.522156408381287, 47.348908810160765 ], [ 8.522002208381176, 47.348774610160739 ], [ 8.520554308380088, 47.347742410160826 ], [ 8.519833508379538, 47.347240010160874 ], [ 8.519642008379392, 47.347095910160853 ], [ 8.519500908379298, 47.346981810160919 ], [ 8.519388108379216, 47.346880410160857 ], [ 8.519271208379132, 47.346766710160857 ], [ 8.519168308379072, 47.346643610160868 ], [ 8.519084008379023, 47.346528510160837 ], [ 8.518992908378978, 47.346389610160827 ], [ 8.518925308378954, 47.346257110160806 ], [ 8.518864608378943, 47.346114110160769 ], [ 8.518816708378941, 47.34597561016075 ], [ 8.518777508378941, 47.345829510160719 ], [ 8.518752708378962, 47.345687110160668 ], [ 8.518745708378979, 47.345606110160624 ], [ 8.518740808379006, 47.345506210160607 ], [ 8.518745708379047, 47.345385610160541 ], [ 8.518758908379096, 47.345267310160509 ], [ 8.518805508379215, 47.345032410160449 ], [ 8.518890671686821, 47.344772588716218 ], [ 8.518927408379446, 47.344660510160303 ], [ 8.519157108379865, 47.344023910159983 ], [ 8.519219908379986, 47.343829610159936 ], [ 8.519245108380044, 47.343716110159882 ], [ 8.519253610123771, 47.343624152524058 ], [ 8.519254908380088, 47.343610110159851 ], [ 8.519261908380134, 47.343494510159807 ], [ 8.519396808380284, 47.34342151015975 ], [ 8.519499508380353, 47.343532110159742 ], [ 8.519544608380258, 47.343979710159893 ], [ 8.51960690838013, 47.344588910160056 ], [ 8.519703808380035, 47.345204810160219 ], [ 8.519755508380038, 47.345372110160262 ], [ 8.519805608380022, 47.345570710160324 ], [ 8.519824808380021, 47.345650110160356 ], [ 8.519859308380031, 47.345718710160384 ], [ 8.519873108380029, 47.345772810160376 ], [ 8.519871808380012, 47.345815510160399 ], [ 8.519909108380018, 47.345922410160441 ], [ 8.519947608380026, 47.346008610160439 ], [ 8.51995174312162, 47.346016936439554 ], [ 8.52002040838005, 47.34615521016044 ], [ 8.520094308380081, 47.346286010160505 ], [ 8.520183208380132, 47.346420910160525 ], [ 8.520279508380179, 47.346550210160544 ], [ 8.520375708380245, 47.346665110160551 ], [ 8.520500008380324, 47.34679711016053 ], [ 8.520607308380395, 47.346900310160542 ], [ 8.521018308380683, 47.347260810160527 ], [ 8.521871708381324, 47.347882010160468 ], [ 8.522710208381959, 47.348477810160432 ], [ 8.522883096417408, 47.348605071417346 ], [ 8.522913308382106, 47.348627310160424 ], [ 8.523919108382868, 47.349348910160387 ], [ 8.524711208383467, 47.349919910160324 ], [ 8.524975208383648, 47.350147710160343 ], [ 8.525204108383805, 47.350378610160355 ], [ 8.525402108383924, 47.350611510160377 ], [ 8.525546308384003, 47.350814910160366 ], [ 8.525588808384027, 47.350851510160361 ], [ 8.525728108384147, 47.350912910160361 ], [ 8.525797808384203, 47.350947410160344 ], [ 8.525849608384245, 47.350989310160358 ], [ 8.525925908384274, 47.351118110160357 ] ] ] } },
{ "type": "Feature", "properties": { "corridor_id": 13, "corridor_name": "Dübendorfstrasse - Winterthurerstrasse", "street_names": "Dübendorfstrasse; Winterthurerstrasse", "n_edges": 12, "length_m": 799.86781688541259, "length_km": 0.79986781688541264, "mean_score": 51.828677765902313, "total_score": 621.94413319082776, "pair_count_max": 56, "neighborhood_span": 32, "climb_saved_m": 396.95629574510116, "mean_abs_grade": 0.0087041739214308942, "max_grade": 0.034964438367272185, "elev_min_m": 432.12045288085938, "elev_max_m": 436.819091796875, "elev_range_m": 4.698638916015625, "gain_per_km": 2.8232280144847124, "low_stress_share": 0.0, "mode": "bike", "n_pieces": 1, "neighborhoods": "Hirzenbach; Schwamendingen-Mitte", "end_a_lon": 8.571676, "end_a_lat": 47.403724, "end_b_lon": 8.581164, "end_b_lat": 47.401718, "corridor_uid": "bike-49" }, "geometry": { "type": "LineString", "coordinates": [ [ 8.571675767870113, 47.403724374328455 ], [ 8.5716985084124, 47.403727010164033 ], [ 8.571750108412447, 47.403738310164044 ], [ 8.571798108412496, 47.403750610164032 ], [ 8.571850408412535, 47.403767810164005 ], [ 8.571879508412556, 47.403779310164019 ], [ 8.572369508412972, 47.403997710163921 ], [ 8.572556108413124, 47.404077610163903 ], [ 8.572710908413249, 47.404138710163835 ], [ 8.572717585877902, 47.40414123642902 ], [ 8.572763508413297, 47.404158610163854 ], [ 8.572785508413316, 47.404166910163831 ], [ 8.572883308413402, 47.404202010163836 ], [ 8.572983008413487, 47.404227510163828 ], [ 8.573080908413573, 47.404248210163807 ], [ 8.573193208413681, 47.404264010163757 ], [ 8.573323408413806, 47.404270110163736 ], [ 8.573435808413915, 47.404268710163734 ], [ 8.573541308414022, 47.404260410163694 ], [ 8.573648008414125, 47.404247110163638 ], [ 8.573746108414227, 47.404226210163614 ], [ 8.573827508414313, 47.40420301016357 ], [ 8.573947908414437, 47.404168810163512 ], [ 8.573982008414477, 47.404154510163472 ], [ 8.574204726159271, 47.404061311967475 ], [ 8.574205208414725, 47.40406111016344 ], [ 8.574292108414824, 47.404025210163418 ], [ 8.574530708415079, 47.403926810163291 ], [ 8.574858708415443, 47.403790010163192 ], [ 8.575538757514961, 47.403505479529393 ], [ 8.575542508416188, 47.403503910162854 ], [ 8.575678908416339, 47.403443110162819 ], [ 8.576038408416739, 47.403283210162648 ], [ 8.576322308417057, 47.4031574101625 ], [ 8.576367908417099, 47.403137910162478 ], [ 8.576368893274394, 47.403137512240363 ], [ 8.576526308417275, 47.403073910162405 ], [ 8.576736208417502, 47.403003510162328 ], [ 8.576738722284951, 47.403002770254417 ], [ 8.576819108417588, 47.402979110162313 ], [ 8.577411308418219, 47.402805010162105 ], [ 8.577414081586499, 47.402804215023558 ], [ 8.577467808418275, 47.402788810162086 ], [ 8.57818130841903, 47.402584410161808 ], [ 8.578704908419589, 47.402431210161602 ], [ 8.579196508420109, 47.402281310161428 ], [ 8.579199685575627, 47.402280428303399 ], [ 8.579711708420648, 47.402138310161199 ], [ 8.580119808421081, 47.402022610161062 ], [ 8.580119986605323, 47.402022558180555 ], [ 8.581004208422016, 47.401764610160711 ], [ 8.581163608422186, 47.401717910160684 ] ] } },
{ "type": "Feature", "properties": { "corridor_id": 14, "corridor_name": "Friedackerstrasse - Friedheimstrasse - Regensbergstrasse - Viktoriastrasse", "street_names": "Friedackerstrasse; Friedheimstrasse; Regensbergstrasse; Viktoriastrasse", "n_edges": 14, "length_m": 548.38724686254, "length_km": 0.54838724686254003, "mean_score": 41.314996439628096, "total_score": 578.40995015479336, "pair_count_max": 82, "neighborhood_span": 29, "climb_saved_m": 273.38412154562991, "mean_abs_grade": 0.0084428920500615404, "max_grade": 0.037646607914108517, "elev_min_m": 447.0828857421875, "elev_max_m": 450.30624389648438, "elev_range_m": 3.223358154296875, "gain_per_km": 4.6321129182410674, "low_stress_share": 1.0, "mode": "bike", "n_pieces": 1, "neighborhoods": "Oerlikon", "end_a_lon": 8.550097, "end_a_lat": 47.40465, "end_b_lon": 8.55551, "end_b_lat": 47.404535, "corridor_uid": "bike-50" }, "geometry": { "type": "MultiLineString", "coordinates": [ [ [ 8.550097121739244, 47.404650094771355 ], [ 8.550687108391777, 47.404607510170415 ], [ 8.550687153259933, 47.404607507147887 ], [ 8.550753908391846, 47.404603010170433 ], [ 8.550781008391823, 47.404755110170449 ], [ 8.551103808392144, 47.404737310170326 ], [ 8.55142570839247, 47.404704310170224 ], [ 8.551682508392727, 47.404656810170124 ], [ 8.552377677280589, 47.40447274231547 ], [ 8.552382708393461, 47.404471410169876 ], [ 8.552698608393793, 47.404383910169727 ], [ 8.552954708393896, 47.404867310169863 ], [ 8.552955111651194, 47.404867990106489 ], [ 8.552990708393917, 47.404928010169833 ] ], [ [ 8.552990708393917, 47.404928010169833 ], [ 8.553039052139678, 47.405009559720767 ], [ 8.55304020839394, 47.405011510169878 ], [ 8.553120298958611, 47.405188860651968 ], [ 8.553120908393952, 47.405190210169906 ], [ 8.553274008394002, 47.405529110169972 ] ], [ [ 8.552990708393917, 47.404928010169833 ], [ 8.553696308394635, 47.404793510169611 ], [ 8.553842508394791, 47.404764910169561 ], [ 8.553991008394936, 47.404742710169522 ], [ 8.553994629094507, 47.40474215665666 ], [ 8.554220608395173, 47.404707610169439 ], [ 8.554855508395818, 47.404612310169163 ], [ 8.5548568060105, 47.404612195190701 ], [ 8.554974008395938, 47.404601810169169 ], [ 8.555509808396479, 47.404534710169003 ], [ 8.555510319700266, 47.404534661911121 ] ] ] } },
{ "type": "Feature", "properties": { "corridor_id": 15, "corridor_name": "Weinbergstrasse", "street_names": "Weinbergstrasse", "n_edges": 17, "length_m": 647.54260014092335, "length_km": 0.64754260014092335, "mean_score": 33.638138069379373, "total_score": 571.84834717944932, "pair_count_max": 75, "neighborhood_span": 27, "climb_saved_m": 224.70452844002904, "mean_abs_grade": 0.01787373534418343, "max_grade": 0.028683980387789645, "elev_min_m": 443.60055541992188, "elev_max_m": 455.06646728515625, "elev_range_m": 11.465911865234375, "gain_per_km": 17.790459753380176, "low_stress_share": 0.0, "mode": "bike", "n_pieces": 1, "neighborhoods": "Unterstrass", "end_a_lon": 8.543367, "end_a_lat": 47.383463, "end_b_lon": 8.540399, "end_b_lat": 47.388906, "corridor_uid": "bike-51" }, "geometry": { "type": "LineString", "coordinates": [ [ 8.543367166372882, 47.383463451500141 ], [ 8.543367008391249, 47.383464010165774 ], [ 8.543268508391018, 47.383888510165939 ], [ 8.543246408390974, 47.383964210165978 ], [ 8.543219808390926, 47.384045510166047 ], [ 8.543218945445181, 47.384047810070477 ], [ 8.543197408390883, 47.384105210166041 ], [ 8.543158908390817, 47.384197610166048 ], [ 8.543107408390734, 47.384298810166129 ], [ 8.542974908390532, 47.384526610166205 ], [ 8.542909908390442, 47.384628210166305 ], [ 8.542909671490987, 47.384628569331561 ], [ 8.542438108389762, 47.385343510166642 ], [ 8.542416708389734, 47.385378510166682 ], [ 8.5423992083897, 47.385407010166688 ], [ 8.542398830840474, 47.385407557944227 ], [ 8.54234220838962, 47.385489710166752 ], [ 8.542291908389553, 47.385567010166767 ], [ 8.542291871277406, 47.385567070217554 ], [ 8.542272008389522, 47.385599210166788 ], [ 8.542255008389498, 47.385626810166791 ], [ 8.542012908389143, 47.385993210166987 ], [ 8.542012886858934, 47.385993242997685 ], [ 8.541791708388825, 47.386330510167156 ], [ 8.541600416580662, 47.386623197632922 ], [ 8.541600408388547, 47.386623210167322 ], [ 8.541561008388491, 47.38668351016733 ], [ 8.541514108388427, 47.386756110167369 ], [ 8.541423208388299, 47.386893910167466 ], [ 8.541259208388063, 47.387145910167575 ], [ 8.541081508387805, 47.387415110167737 ], [ 8.541000655886453, 47.387557796456875 ], [ 8.540993508387668, 47.38757041016779 ], [ 8.540947173506138, 47.387652320520097 ], [ 8.54094010838759, 47.387664810167827 ], [ 8.540852208387442, 47.387860910167916 ], [ 8.540764408387282, 47.38809201016803 ], [ 8.540707499493552, 47.388213515647998 ], [ 8.54070740838719, 47.388213710168074 ], [ 8.540649008387096, 47.388343010168178 ], [ 8.540597908387006, 47.388462410168167 ], [ 8.540597753922343, 47.388462758027607 ], [ 8.540499508386842, 47.388684010168298 ], [ 8.54039883762483, 47.388905645797976 ] ] } },
{ "type": "Feature", "properties": { "corridor_id": 16, "corridor_name": "Wallisellenstrasse - Saatlenstrasse", "street_names": "Saatlenstrasse; Wallisellenstrasse", "n_edges": 16, "length_m": 693.39218801378706, "length_km": 0.6933921880137871, "mean_score": 32.913218541008916, "total_score": 526.61149665614266, "pair_count_max": 69, "neighborhood_span": 34, "climb_saved_m": 159.61657311571321, "mean_abs_grade": 0.0084464312523088343, "max_grade": 0.019966004776488199, "elev_min_m": 426.04061889648438, "elev_max_m": 431.49862670898438, "elev_range_m": 5.4580078125, "gain_per_km": 8.342210841305274, "low_stress_share": 0.42693463429239498, "mode": "bike", "n_pieces": 1, "neighborhoods": "Saatlen", "end_a_lon": 8.558876, "end_a_lat": 47.410815, "end_b_lon": 8.565009, "end_b_lat": 47.408517, "corridor_uid": "bike-52" }, "geometry": { "type": "MultiLineString", "coordinates": [ [ [ 8.558876307190465, 47.41081451014913 ], [ 8.558876308397782, 47.410814510169978 ], [ 8.558943508397842, 47.410815610169969 ], [ 8.558987308397887, 47.410816410170007 ], [ 8.559258708398149, 47.410820910169917 ], [ 8.560118181956049, 47.410835409723575 ], [ 8.560118208398974, 47.410835410169653 ], [ 8.561140085235548, 47.410853809752254 ], [ 8.561140108399959, 47.410853810169378 ], [ 8.561185882944928, 47.410854509780286 ], [ 8.561185908400001, 47.410854510169351 ], [ 8.561508608400318, 47.410859310169272 ], [ 8.562027708400809, 47.410869810169132 ], [ 8.562171696653127, 47.41087260994064 ], [ 8.562171708400948, 47.410872610169051 ], [ 8.562409608401177, 47.410878910168975 ], [ 8.562409649692466, 47.410878910520438 ], [ 8.562668108401425, 47.410881110168908 ], [ 8.56278420840154, 47.410883310168927 ], [ 8.563038008401788, 47.41088801016884 ], [ 8.563070508401815, 47.410888610168819 ], [ 8.563134208401875, 47.410889910168805 ], [ 8.563134222332158, 47.410889910348523 ], [ 8.563289208402029, 47.410891910168758 ] ], [ [ 8.563289208402029, 47.410891910168758 ], [ 8.563500976832872, 47.410894707110252 ], [ 8.563501208402229, 47.410894710168705 ], [ 8.563559708402289, 47.410895610168673 ], [ 8.563589908402317, 47.410896010168663 ], [ 8.563921908402639, 47.410900010168554 ], [ 8.56413947224943, 47.410902698600488 ] ], [ [ 8.563289208402029, 47.410891910168758 ], [ 8.563322208402097, 47.410767810168736 ], [ 8.563324383569194, 47.410760996392298 ], [ 8.56333050840211, 47.410741810168687 ], [ 8.56333470840212, 47.410728510168688 ], [ 8.563360008402167, 47.410649510168639 ], [ 8.563429708402287, 47.41048891016861 ], [ 8.563507008402407, 47.410352710168524 ], [ 8.563516371146543, 47.410336983206165 ], [ 8.563522308402426, 47.410327010168508 ], [ 8.563532288849553, 47.410311800220803 ], [ 8.56369540840268, 47.410063210168389 ], [ 8.56387360840292, 47.409842610168198 ], [ 8.563993808403081, 47.409701610168185 ], [ 8.563993809368426, 47.409701609035956 ], [ 8.56404760840315, 47.409638510168122 ], [ 8.564132908403268, 47.409533510168067 ], [ 8.564371908403585, 47.409256110167938 ], [ 8.564602408403891, 47.408988610167789 ], [ 8.564714308404042, 47.408857810167675 ], [ 8.564794208404145, 47.408766010167653 ], [ 8.565009194940549, 47.408516502424561 ] ] ] } },
{ "type": "Feature", "properties": { "corridor_id": 17, "corridor_name": "Neumühlequai - Walchebrücke - Bahnhofquai", "street_names": "Bahnhofquai; Neumühlequai; Walchebrücke", "n_edges": 9, "length_m": 403.5905801375709, "length_km": 0.40359058013757088, "mean_score": 52.106917332377236, "total_score": 468.96225599139512, "pair_count_max": 233, "neighborhood_span": 33, "climb_saved_m": 167.64018912776027, "mean_abs_grade": 0.0055934823265123756, "max_grade": 0.026216602286089626, "elev_min_m": 407.67340087890625, "elev_max_m": 409.08651733398438, "elev_range_m": 1.413116455078125, "gain_per_km": 3.6113058267491391, "low_stress_share": 0.0, "mode": "bike", "n_pieces": 1, "neighborhoods": "City; Hochschulen", "end_a_lon": 8.541967, "end_a_lat": 47.377158, "end_b_lon": 8.543339, "end_b_lat": 47.377027, "corridor_uid": "bike-53" }, "geometry": { "type": "LineString", "coordinates": [ [ 8.541966622893268, 47.37715822849362 ], [ 8.541966808391839, 47.377158810164183 ], [ 8.541990308391767, 47.377461810164249 ], [ 8.541990308391719, 47.377607010164304 ], [ 8.541970808391648, 47.377787210164371 ], [ 8.541933108391575, 47.377905010164454 ], [ 8.541846308391447, 47.37805021016451 ], [ 8.541701708391225, 47.378311510164643 ], [ 8.541704208391211, 47.37836441016465 ], [ 8.541713508391204, 47.378408610164662 ], [ 8.541723908391214, 47.378425310164673 ], [ 8.541730608391214, 47.378435910164647 ], [ 8.541763808391233, 47.378470310164666 ], [ 8.541795708391259, 47.378489610164671 ], [ 8.541805766025039, 47.378494193000833 ], [ 8.541828408391289, 47.378504510164639 ], [ 8.541876008391329, 47.378521710164613 ], [ 8.541926608391375, 47.378536610164616 ], [ 8.54198910839143, 47.378552210164585 ], [ 8.542069208391498, 47.378569010164597 ], [ 8.542248108391668, 47.378599110164544 ], [ 8.542316108391732, 47.378610610164529 ], [ 8.542335513121335, 47.378613510379758 ], [ 8.542417808391825, 47.378625810164529 ], [ 8.542548408391948, 47.37863711016449 ], [ 8.542562008391963, 47.378638210164475 ], [ 8.54257640839198, 47.378613110164459 ], [ 8.542597303704806, 47.378573399167138 ], [ 8.542597508392015, 47.378573010164438 ], [ 8.542615953400388, 47.378538092875949 ], [ 8.542616208392037, 47.37853761016445 ], [ 8.542635708392071, 47.378500910164377 ], [ 8.543079508392779, 47.377632610163992 ], [ 8.543292408393112, 47.377217110163834 ], [ 8.543327508393165, 47.377155010163769 ], [ 8.543344708393194, 47.377108410163785 ], [ 8.543344708393208, 47.377064010163757 ], [ 8.543339044185702, 47.37702737553122 ] ] } },
{ "type": "Feature", "properties": { "corridor_id": 18, "corridor_name": "Sihlpromenade - Hertersteg", "street_names": "Hertersteg; Sihlpromenade", "n_edges": 11, "length_m": 685.97856906315735, "length_km": 0.68597856906315735, "mean_score": 42.303571049947124, "total_score": 465.33928154941833, "pair_count_max": 52, "neighborhood_span": 20, "climb_saved_m": 282.31177714411837, "mean_abs_grade": 0.0037320249849156317, "max_grade": 0.036599416902109279, "elev_min_m": 415.939697265625, "elev_max_m": 417.79571533203125, "elev_range_m": 1.85601806640625, "gain_per_km": 3.6652489450162582, "low_stress_share": 1.0, "mode": "bike", "n_pieces": 1, "neighborhoods": "Enge; Sihlfeld", "end_a_lon": 8.523333, "end_a_lat": 47.361501, "end_b_lon": 8.523816, "end_b_lat": 47.367006, "corridor_uid": "bike-54" }, "geometry": { "type": "LineString", "coordinates": [ [ 8.523332931981646, 47.3615010661103 ], [ 8.523227408378297, 47.362015110164727 ], [ 8.523218666148987, 47.36207845268261 ], [ 8.52317650837813, 47.362383910164809 ], [ 8.523169460974977, 47.362465879960112 ], [ 8.523148308378005, 47.362711910164904 ], [ 8.523145608377936, 47.362931710165014 ], [ 8.523147262699867, 47.363043224969957 ], [ 8.523150508377842, 47.363262010165123 ], [ 8.523170908377793, 47.363461410165158 ], [ 8.523142008377759, 47.363504410165213 ], [ 8.523138413510615, 47.36359239881736 ], [ 8.523133608377682, 47.363710010165299 ], [ 8.523176108377671, 47.363890010165299 ], [ 8.523241008377655, 47.364125010165367 ], [ 8.523305508377685, 47.364257810165384 ], [ 8.523336108377704, 47.364289710165394 ], [ 8.523355308377713, 47.364313010165368 ], [ 8.523366208377718, 47.364344710165398 ], [ 8.523378508377712, 47.364392910165392 ], [ 8.523406318289055, 47.364462752238076 ], [ 8.523453008377729, 47.364580010165454 ], [ 8.523564108377764, 47.364812810165539 ], [ 8.523769308377858, 47.365161810165546 ], [ 8.523944208377948, 47.365404610165569 ], [ 8.524139908378066, 47.36565191016561 ], [ 8.524391208378235, 47.365907210165624 ], [ 8.524520208378316, 47.366032610165625 ], [ 8.52462060837839, 47.366112610165636 ], [ 8.524660794641315, 47.366145352530111 ], [ 8.524695108378449, 47.366173310165628 ], [ 8.524725357353391, 47.366198061131328 ], [ 8.524847508378555, 47.366298010165615 ], [ 8.524857847005634, 47.366306045076882 ], [ 8.524921108378605, 47.366355210165615 ], [ 8.524902308378584, 47.366366410165625 ], [ 8.524445908378059, 47.366640310165863 ], [ 8.52441169204767, 47.366660489027389 ], [ 8.524410808378018, 47.366661010165842 ], [ 8.523816487472192, 47.367006358800218 ] ] } },
{ "type": "Feature", "properties": { "corridor_id": 19, "corridor_name": "Maneggpromenade", "street_names": "Maneggpromenade", "n_edges": 10, "length_m": 541.89399667856139, "length_km": 0.54189399667856142, "mean_score": 45.360213384092312, "total_score": 453.6021338409231, "pair_count_max": 66, "neighborhood_span": 34, "climb_saved_m": 196.17031945390863, "mean_abs_grade": 0.0099591242675758015, "max_grade": 0.060741547844927454, "elev_min_m": 474.93508911132812, "elev_max_m": 479.17410278320312, "elev_range_m": 4.239013671875, "gain_per_km": 9.1799288612428267, "low_stress_share": 1.0, "mode": "bike", "n_pieces": 1, "neighborhoods": "Leimbach", "end_a_lon": 8.514314, "end_a_lat": 47.333609, "end_b_lon": 8.512878, "end_b_lat": 47.328955, "corridor_uid": "bike-55" }, "geometry": { "type": "LineString", "coordinates": [ [ 8.514314251574783, 47.333608847509154 ], [ 8.514377108378488, 47.333316310157876 ], [ 8.51437720547419, 47.333299809958156 ], [ 8.514378708378572, 47.333044410157768 ], [ 8.514350708378627, 47.332795510157744 ], [ 8.514321708378629, 47.332672910157669 ], [ 8.514308708378641, 47.332627610157672 ], [ 8.514307231450372, 47.33262207303914 ], [ 8.514281608378639, 47.33252601015765 ], [ 8.514248108378633, 47.332432510157631 ], [ 8.514201708378616, 47.332332010157621 ], [ 8.514144708378597, 47.332220410157561 ], [ 8.514093908378577, 47.332128610157561 ], [ 8.514060407810932, 47.332076680432976 ], [ 8.513963208378515, 47.331926010157538 ], [ 8.51350580837823, 47.331384710157465 ], [ 8.513500263069837, 47.331378139886873 ], [ 8.51342140837818, 47.331284710157476 ], [ 8.513181708378035, 47.330989510157451 ], [ 8.513107308378002, 47.330877010157465 ], [ 8.513067408377976, 47.330807610157429 ], [ 8.512999208377957, 47.330649410157392 ], [ 8.512957308377967, 47.330510610157347 ], [ 8.512936408377971, 47.330403010157298 ], [ 8.512936309971026, 47.330399579972166 ], [ 8.512935708377984, 47.330378610157311 ], [ 8.512931708378019, 47.330243710157305 ], [ 8.512940617563205, 47.330081214367624 ], [ 8.512940908378082, 47.330075910157191 ], [ 8.512949308378124, 47.32997101015718 ], [ 8.512967305358265, 47.329870027102167 ], [ 8.512967308378173, 47.329870010157144 ], [ 8.51298010837824, 47.329692310157107 ], [ 8.512972008378329, 47.329342610156992 ], [ 8.51293060837836, 47.329141710156904 ], [ 8.512877808378363, 47.328956210156903 ], [ 8.512877520963245, 47.328955200149501 ] ] } },
{ "type": "Feature", "properties": { "corridor_id": 20, "corridor_name": "Leimbachstrasse", "street_names": "Leimbachstrasse", "n_edges": 13, "length_m": 560.75725484702321, "length_km": 0.56075725484702321, "mean_score": 33.775464661379601, "total_score": 439.08104059793482, "pair_count_max": 66, "neighborhood_span": 34, "climb_saved_m": 175.97731136737622, "mean_abs_grade": 0.0066148953546407499, "max_grade": 0.021791025138130544, "elev_min_m": 433.2386474609375, "elev_max_m": 436.2537841796875, "elev_range_m": 3.01513671875, "gain_per_km": 6.3647715050047138, "low_stress_share": 0.0, "mode": "bike", "n_pieces": 1, "neighborhoods": "Leimbach", "end_a_lon": 8.51822, "end_a_lat": 47.336318, "end_b_lon": 8.518171, "end_b_lat": 47.332792, "corridor_uid": "bike-56" }, "geometry": { "type": "MultiLineString", "coordinates": [ [ [ 8.518216808381315, 47.336294610157765 ], [ 8.518299047834962, 47.336278846205659 ], [ 8.518315408381421, 47.336275710157707 ], [ 8.518432308381541, 47.33625331015768 ], [ 8.518530908381653, 47.336195610157631 ], [ 8.518813808382053, 47.335816510157429 ], [ 8.518961308382245, 47.33563841015733 ], [ 8.519023208382315, 47.335615110157299 ] ], [ [ 8.518220244302112, 47.336317712204178 ], [ 8.518216808381315, 47.336294610157765 ], [ 8.518209108381328, 47.336242810157742 ], [ 8.518218108381371, 47.336129010157684 ], [ 8.51825810838144, 47.336025910157645 ], [ 8.518353808381574, 47.335900410157578 ], [ 8.518506708381759, 47.335786710157514 ], [ 8.518740208382036, 47.335612910157373 ], [ 8.518819608047183, 47.335553832004827 ], [ 8.518832808382152, 47.335544010157335 ], [ 8.518892122324218, 47.335491650263727 ], [ 8.518905308382241, 47.335480010157262 ], [ 8.519077508382461, 47.335312010157175 ], [ 8.519096208382484, 47.33528811015718 ], [ 8.519109708382503, 47.33527121015716 ], [ 8.519120288398904, 47.335258088572587 ], [ 8.519127608382529, 47.335249010157142 ], [ 8.519210282530572, 47.335141894064371 ], [ 8.519212508382646, 47.335139010157064 ], [ 8.51924330838269, 47.335096210157047 ], [ 8.519286535152006, 47.335036995404636 ], [ 8.519287108382752, 47.335036210157035 ], [ 8.519317708382795, 47.334994410157051 ], [ 8.519341208382832, 47.334943610156962 ], [ 8.519398508382949, 47.33473631015687 ], [ 8.519385208383017, 47.334478410156819 ], [ 8.51936370838304, 47.334322110156769 ], [ 8.519303408383047, 47.334109410156678 ], [ 8.519210808383018, 47.333910310156682 ], [ 8.519095508382957, 47.333750410156661 ], [ 8.518926508382851, 47.333551310156651 ], [ 8.518697108382698, 47.333318210156634 ], [ 8.518662076237732, 47.333285645886853 ], [ 8.518457208382534, 47.333095210156642 ], [ 8.518380008382488, 47.333013610156641 ], [ 8.518269408382411, 47.332896410156643 ], [ 8.518171008382351, 47.332792310156606 ] ], [ [ 8.518832808382152, 47.335544010157335 ], [ 8.518890387224801, 47.335570910992615 ], [ 8.5188953083822, 47.335573210157314 ], [ 8.51891610838222, 47.335582910157314 ], [ 8.519003152773513, 47.335609080366396 ] ] ] } },
{ "type": "Feature", "properties": { "corridor_id": 21, "corridor_name": "In Böden - Riedenhaldenstrasse", "street_names": "In Böden; Riedenhaldenstrasse", "n_edges": 12, "length_m": 589.84289882501639, "length_km": 0.58984289882501639, "mean_score": 33.141064744234853, "total_score": 397.69277693081824, "pair_count_max": 62, "neighborhood_span": 33, "climb_saved_m": 120.42309129794053, "mean_abs_grade": 0.014191556224828462, "max_grade": 0.034592931711400633, "elev_min_m": 459.54837036132812, "elev_max_m": 463.28604125976562, "elev_range_m": 3.7376708984375, "gain_per_km": 9.3672527558399334, "low_stress_share": 1.0, "mode": "bike", "n_pieces": 1, "neighborhoods": "Affoltern", "end_a_lon": 8.518288, "end_a_lat": 47.414992, "end_b_lon": 8.511557, "end_b_lat": 47.417664, "corridor_uid": "bike-57" }, "geometry": { "type": "LineString", "coordinates": [ [ 8.518287508357115, 47.414992310183116 ], [ 8.518030808356832, 47.415089110183182 ], [ 8.517325608356073, 47.415336810183476 ], [ 8.517134320989658, 47.415415463870715 ], [ 8.517134208355861, 47.415415510183571 ], [ 8.516838008355542, 47.415533110183659 ], [ 8.516580508355254, 47.415650310183757 ], [ 8.516571026229677, 47.415654024764777 ], [ 8.516284908354926, 47.415766110183903 ], [ 8.515960208354585, 47.415864710183989 ], [ 8.5157904083544, 47.415923410184078 ], [ 8.515372108353944, 47.41608441018429 ], [ 8.515365041170897, 47.416086824621686 ], [ 8.515275808353843, 47.416117310184298 ], [ 8.514759108353287, 47.416288410184521 ], [ 8.514758168875431, 47.416288721971746 ], [ 8.51466780835319, 47.416318710184569 ], [ 8.514568308353079, 47.416351910184581 ], [ 8.514492208352999, 47.416378510184614 ], [ 8.514492202439715, 47.416378512249871 ], [ 8.513640108352078, 47.416676110184959 ], [ 8.513551408351979, 47.416708910184994 ], [ 8.51343117588956, 47.416758032397254 ], [ 8.513422908351842, 47.41676141018506 ], [ 8.513265608351665, 47.416830310185119 ], [ 8.513192992866983, 47.416863837984316 ], [ 8.513179408351577, 47.416870110185137 ], [ 8.513172708351568, 47.416873210185138 ], [ 8.513127298454064, 47.416894180204238 ], [ 8.513112508351492, 47.416901010185178 ], [ 8.513007108351378, 47.416949710185214 ], [ 8.512111808350376, 47.417368410185624 ], [ 8.511797208350023, 47.417529610185774 ], [ 8.511557304759835, 47.417664443892612 ] ] } },
{ "type": "Feature", "properties": { "corridor_id": 22, "corridor_name": "August-Forel-Strasse - Buchenweg", "street_names": "August-Forel-Strasse; Buchenweg", "n_edges": 10, "length_m": 682.38917047669861, "length_km": 0.68238917047669856, "mean_score": 35.213714787730254, "total_score": 352.13714787730254, "pair_count_max": 54, "neighborhood_span": 34, "climb_saved_m": 123.90345833774111, "mean_abs_grade": 0.014857341063585633, "max_grade": 0.036101094250330541, "elev_min_m": 458.9132080078125, "elev_max_m": 469.0216064453125, "elev_range_m": 10.1083984375, "gain_per_km": 4.8637491187674593, "low_stress_share": 1.0, "mode": "bike", "n_pieces": 1, "neighborhoods": "Weinegg", "end_a_lon": 8.572338, "end_a_lat": 47.352679, "end_b_lon": 8.568382, "end_b_lat": 47.3573, "corridor_uid": "bike-58" }, "geometry": { "type": "LineString", "coordinates": [ [ 8.572337707981029, 47.352679418129895 ], [ 8.572325008428876, 47.352688110147461 ], [ 8.572254108428789, 47.3527540101475 ], [ 8.57223040842875, 47.352807210147546 ], [ 8.57211570842847, 47.353344010147751 ], [ 8.572110739712542, 47.353367261907366 ], [ 8.57201800842823, 47.353801210147914 ], [ 8.572022008428217, 47.35385331014794 ], [ 8.57204190842821, 47.35394181014798 ], [ 8.572064693887747, 47.354011544679402 ], [ 8.57206670842821, 47.354017710147957 ], [ 8.572073300692692, 47.354095956021077 ], [ 8.572086608428158, 47.354253910148046 ], [ 8.57209660842808, 47.354553210148119 ], [ 8.572082708428004, 47.354742310148225 ], [ 8.572032008427898, 47.35492041014826 ], [ 8.572003208427848, 47.354986610148281 ], [ 8.5719683482207, 47.355065683301007 ], [ 8.571958108427776, 47.355088910148318 ], [ 8.571862708427634, 47.355235410148424 ], [ 8.571760208427504, 47.355351310148492 ], [ 8.571697208427425, 47.355413310148563 ], [ 8.57138310842703, 47.355702910148715 ], [ 8.571317508426944, 47.355761510148781 ], [ 8.571294768464446, 47.355784699079763 ], [ 8.570927508426443, 47.356159210149002 ], [ 8.570872537298511, 47.356215266590389 ], [ 8.570522308425925, 47.356572410149248 ], [ 8.570493578175761, 47.356603994858787 ], [ 8.570398508425763, 47.356708510149325 ], [ 8.570375827113738, 47.356733377292038 ], [ 8.569885908425093, 47.357270510149675 ], [ 8.569868608425061, 47.357305710149667 ], [ 8.569868608425054, 47.357334710149679 ], [ 8.569785608424976, 47.357337310149717 ], [ 8.569312708424505, 47.357357510149853 ], [ 8.569129108424326, 47.357365210149936 ], [ 8.568917608424128, 47.35735921014993 ], [ 8.568382208423619, 47.357300410150089 ], [ 8.568382167871793, 47.357300407462951 ] ] } },
{ "type": "Feature", "properties": { "corridor_id": 23, "corridor_name": "Forchstrasse", "street_names": "Forchstrasse", "n_edges": 12, "length_m": 491.40357368519403, "length_km": 0.49140357368519405, "mean_score": 28.069741440051487, "total_score": 336.83689728061785, "pair_count_max": 45, "neighborhood_span": 34, "climb_saved_m": 101.68527751763455, "mean_abs_grade": 0.0067036335248499314, "max_grade": 0.044659018541019127, "elev_min_m": 449.11172485351562, "elev_max_m": 450.8978271484375, "elev_range_m": 1.786102294921875, "gain_per_km": 4.5748087986399177, "low_stress_share": 0.15820689064863208, "mode": "bike", "n_pieces": 1, "neighborhoods": "Hirslanden", "end_a_lon": 8.572393, "end_a_lat": 47.358213, "end_b_lon": 8.567063, "end_b_lat": 47.360328, "corridor_uid": "bike-59" }, "geometry": { "type": "LineString", "coordinates": [ [ 8.572393281284208, 47.35821315941795 ], [ 8.572371008427195, 47.358250610149263 ], [ 8.571558008426374, 47.358350610149515 ], [ 8.571498308426323, 47.35834641014953 ], [ 8.571491402126442, 47.358345808875569 ], [ 8.571415608426241, 47.358339210149559 ], [ 8.571340208426157, 47.358378810149624 ], [ 8.571231008426031, 47.358442710149674 ], [ 8.571058108425831, 47.358555410149741 ], [ 8.570629308425325, 47.358835610149931 ], [ 8.570185739803595, 47.359121596497076 ], [ 8.570185408424809, 47.359121810150171 ], [ 8.569929408424509, 47.35928471015032 ], [ 8.569872051349529, 47.359321245821349 ], [ 8.569871008424437, 47.359321910150349 ], [ 8.569825508424387, 47.359354910150358 ], [ 8.569730808424271, 47.359419010150425 ], [ 8.569730601677698, 47.359419149654592 ], [ 8.569491908423991, 47.359580210150519 ], [ 8.569069808423498, 47.359866610150746 ], [ 8.568945008423338, 47.359961410150802 ], [ 8.568823508423201, 47.360050310150889 ], [ 8.568778808423144, 47.360080410150921 ], [ 8.568733508423096, 47.3601017101509 ], [ 8.568728458710559, 47.360104101827964 ], [ 8.568642508422993, 47.360144810150956 ], [ 8.568498308422834, 47.360198910151048 ], [ 8.568413308422745, 47.36022771015103 ], [ 8.568307908422636, 47.360256310151037 ], [ 8.568231308422554, 47.360275910151103 ], [ 8.568157008422478, 47.360291210151161 ], [ 8.568137308422456, 47.360294210151146 ], [ 8.5680822084224, 47.360302510151193 ], [ 8.568076024757634, 47.360303291332229 ], [ 8.568007008422327, 47.360312010151191 ], [ 8.567968308422289, 47.360316010151173 ], [ 8.567933208422255, 47.360318410151251 ], [ 8.567896808422214, 47.360319510151236 ], [ 8.567856908422179, 47.360320210151208 ], [ 8.567674308422001, 47.36032101015131 ], [ 8.567408608421738, 47.360323510151353 ], [ 8.567166308421502, 47.360325710151457 ], [ 8.567062752313351, 47.360328357892854 ] ] } },
{ "type": "Feature", "properties": { "corridor_id": 24, "corridor_name": "Schweighofstrasse", "street_names": "Schweighofstrasse", "n_edges": 10, "length_m": 571.77915484888661, "length_km": 0.57177915484888664, "mean_score": 29.105739619657015, "total_score": 291.05739619657015, "pair_count_max": 40, "neighborhood_span": 34, "climb_saved_m": 97.665536831774162, "mean_abs_grade": 0.020402529453861808, "max_grade": 0.051627214727881163, "elev_min_m": 458.46249389648438, "elev_max_m": 470.12823486328125, "elev_range_m": 11.665740966796875, "gain_per_km": 0.0, "low_stress_share": 0.0, "mode": "bike", "n_pieces": 1, "neighborhoods": "Friesenberg", "end_a_lon": 8.507029, "end_a_lat": 47.360033, "end_b_lon": 8.502894, "end_b_lat": 47.364333, "corridor_uid": "bike-60" }, "geometry": { "type": "LineString", "coordinates": [ [ 8.507028508363135, 47.360033210168687 ], [ 8.506680308362672, 47.360433010168961 ], [ 8.506679969573375, 47.360433399312832 ], [ 8.506450208362365, 47.360697310169073 ], [ 8.50633310836221, 47.360831810169138 ], [ 8.506100108361897, 47.361099210169343 ], [ 8.506099167754646, 47.361100217159155 ], [ 8.506016508361791, 47.361188710169394 ], [ 8.505922508361669, 47.36128871016944 ], [ 8.505920254916145, 47.36129085029139 ], [ 8.505749508361447, 47.361453010169541 ], [ 8.505746961943609, 47.361455380460946 ], [ 8.505200108360757, 47.36196441016984 ], [ 8.505060708360583, 47.362095310169956 ], [ 8.504880508360355, 47.362266710170061 ], [ 8.504800208360251, 47.362341710170107 ], [ 8.50479872019206, 47.36234303298626 ], [ 8.504663408360084, 47.362463310170185 ], [ 8.50454896545196, 47.362564160606603 ], [ 8.504543008359931, 47.362569410170238 ], [ 8.504388908359738, 47.362717710170351 ], [ 8.504262908359578, 47.362839010170411 ], [ 8.503797937503077, 47.363284529309396 ], [ 8.503765708358948, 47.363315410170713 ], [ 8.503543308358656, 47.363552810170859 ], [ 8.503433108358511, 47.363678910170947 ], [ 8.502990808357922, 47.364192710171224 ], [ 8.502926008357827, 47.364285610171279 ], [ 8.502894476546865, 47.364333137209968 ] ] } },
{ "type": "Feature", "properties": { "corridor_id": 25, "corridor_name": "Maneggstrasse", "street_names": "Maneggstrasse", "n_edges": 5, "length_m": 425.15644633976444, "length_km": 0.42515644633976446, "mean_score": 55.693548448904117, "total_score": 278.46774224452059, "pair_count_max": 62, "neighborhood_span": 32, "climb_saved_m": 117.72201213825771, "mean_abs_grade": 0.0041003404139351466, "max_grade": 0.019959687664086453, "elev_min_m": 428.07937622070312, "elev_max_m": 429.87506103515625, "elev_range_m": 1.795684814453125, "gain_per_km": 0.12324564778855666, "low_stress_share": 1.0, "mode": "bike", "n_pieces": 1, "neighborhoods": "Wollishofen", "end_a_lon": 8.519819, "end_a_lat": 47.339146, "end_b_lon": 8.520025, "end_b_lat": 47.342964, "corridor_uid": "bike-61" }, "geometry": { "type": "LineString", "coordinates": [ [ 8.519818508382006, 47.339145710158213 ], [ 8.519850208381722, 47.340163510158561 ], [ 8.519861008381691, 47.340304510158617 ], [ 8.519863408381692, 47.340341510158588 ], [ 8.519863438189878, 47.340341963918547 ], [ 8.519914608381495, 47.34112091015885 ], [ 8.51991760838148, 47.341175610158857 ], [ 8.519917618837992, 47.341175804087591 ], [ 8.519953308381311, 47.341837710159069 ], [ 8.519956808381247, 47.342062210159163 ], [ 8.51995683049061, 47.342062601827607 ], [ 8.519975408381164, 47.34239171015922 ], [ 8.519986608381151, 47.342467110159269 ], [ 8.520044308381097, 47.342822710159375 ], [ 8.520047308381089, 47.342866310159394 ], [ 8.520040808381072, 47.342909410159415 ], [ 8.520025208381037, 47.342963910159405 ] ] } },
{ "type": "Feature", "properties": { "corridor_id": 26, "corridor_name": "Freiestrasse", "street_names": "Freiestrasse", "n_edges": 7, "length_m": 447.03630501783226, "length_km": 0.44703630501783226, "mean_score": 32.147948507500367, "total_score": 225.03563955250257, "pair_count_max": 61, "neighborhood_span": 29, "climb_saved_m": 72.198160389432331, "mean_abs_grade": 0.034480013810581411, "max_grade": 0.05072961766211781, "elev_min_m": 436.08966064453125, "elev_max_m": 451.50347900390625, "elev_range_m": 15.413818359375, "gain_per_km": 0.0, "low_stress_share": 1.0, "mode": "bike", "n_pieces": 1, "neighborhoods": "Hirslanden; Hottingen", "end_a_lon": 8.562911, "end_a_lat": 47.363261, "end_b_lon": 8.559139, "end_b_lat": 47.366337, "corridor_uid": "bike-62" }, "geometry": { "type": "LineString", "coordinates": [ [ 8.562910721098532, 47.363260722234948 ], [ 8.562908408416467, 47.363262310153644 ], [ 8.56272250841624, 47.363399810153751 ], [ 8.561714083745688, 47.364119556388246 ], [ 8.561714008415041, 47.364119610154226 ], [ 8.561632808414947, 47.364177610154307 ], [ 8.561579460559653, 47.364216072559287 ], [ 8.561579408414882, 47.364216110154324 ], [ 8.561010408414202, 47.364626610154609 ], [ 8.560345829042472, 47.365096918681516 ], [ 8.560342308413411, 47.365099410154961 ], [ 8.560268308413319, 47.365166410154984 ], [ 8.56019705193561, 47.365237766014069 ], [ 8.560196608413223, 47.365238210155034 ], [ 8.559992508412954, 47.365465210155172 ], [ 8.559883808412817, 47.365577810155258 ], [ 8.559708508412601, 47.365724910155329 ], [ 8.559593108412448, 47.365850310155437 ], [ 8.55947280841229, 47.366002010155498 ], [ 8.559268908412021, 47.366221810155665 ], [ 8.559138758693225, 47.366337088472477 ] ] } },
{ "type": "Feature", "properties": { "corridor_id": 27, "corridor_name": "Brandschenkestrasse", "street_names": "Brandschenkestrasse", "n_edges": 6, "length_m": 500.46149479795054, "length_km": 0.50046149479795055, "mean_score": 37.43973054431796, "total_score": 224.63838326590778, "pair_count_max": 45, "neighborhood_span": 22, "climb_saved_m": 123.01380692000379, "mean_abs_grade": 0.0050943580562263432, "max_grade": 0.018517637051242878, "elev_min_m": 419.7769775390625, "elev_max_m": 422.26776123046875, "elev_range_m": 2.49078369140625, "gain_per_km": 4.9111774834978581, "low_stress_share": 0.0, "mode": "bike", "n_pieces": 1, "neighborhoods": "Enge", "end_a_lon": 8.526321, "end_a_lat": 47.364288, "end_b_lon": 8.529753, "end_b_lat": 47.367824, "corridor_uid": "bike-63" }, "geometry": { "type": "LineString", "coordinates": [ [ 8.526321168797459, 47.36428792709723 ], [ 8.526299708380485, 47.364611910164669 ], [ 8.526288108380411, 47.36481481016471 ], [ 8.526290108380396, 47.36487301016475 ], [ 8.526324308380396, 47.364998210164771 ], [ 8.526350608380405, 47.365051110164785 ], [ 8.526393708380418, 47.365141210164786 ], [ 8.526413712947917, 47.365168317331168 ], [ 8.526424408380434, 47.365182810164754 ], [ 8.526521508380483, 47.365318210164745 ], [ 8.526550708380505, 47.365356110164846 ], [ 8.526563032937917, 47.365370483521062 ], [ 8.526705908380604, 47.365537110164816 ], [ 8.526822408380669, 47.365659510164818 ], [ 8.527450608381018, 47.366516210164924 ], [ 8.527692708381164, 47.366807910164937 ], [ 8.527756608381203, 47.366873310164955 ], [ 8.527841108381267, 47.366953010164949 ], [ 8.527972508381369, 47.367045910164947 ], [ 8.528083408381445, 47.367120610164903 ], [ 8.528232935059046, 47.367200827510935 ], [ 8.528238308381576, 47.367203710164915 ], [ 8.528353808381668, 47.367256510164907 ], [ 8.528468308381768, 47.367296210164895 ], [ 8.528651308381928, 47.367353510164861 ], [ 8.528947408382178, 47.367458910164792 ], [ 8.529020421974526, 47.367488636520712 ], [ 8.5292053083824, 47.367563910164733 ], [ 8.529499908382647, 47.367690010164736 ], [ 8.529746308382848, 47.367821110164705 ], [ 8.529752683636726, 47.367824497675791 ] ] } },
{ "type": "Feature", "properties": { "corridor_id": 28, "corridor_name": "Sihlquai - Zöllystrasse", "street_names": "Sihlquai; Zöllystrasse", "n_edges": 7, "length_m": 511.29804776867235, "length_km": 0.51129804776867238, "mean_score": 29.101491060061853, "total_score": 203.71043742043298, "pair_count_max": 53, "neighborhood_span": 21, "climb_saved_m": 86.900028725431838, "mean_abs_grade": 0.0023625101090496755, "max_grade": 0.0074940528281421401, "elev_min_m": 402.68359375, "elev_max_m": 403.89154052734375, "elev_range_m": 1.20794677734375, "gain_per_km": 0.81466069672258656, "low_stress_share": 0.0, "mode": "bike", "n_pieces": 1, "neighborhoods": "Escher Wyss; Gewerbeschule", "end_a_lon": 8.52886, "end_a_lat": 47.388188, "end_b_lon": 8.523377, "end_b_lat": 47.390653, "corridor_uid": "bike-64" }, "geometry": { "type": "LineString", "coordinates": [ [ 8.528859816429559, 47.388187961197872 ], [ 8.528788908375606, 47.388246410171526 ], [ 8.527845708374475, 47.388950010172046 ], [ 8.527798159982407, 47.388980292735582 ], [ 8.527616308374206, 47.389096110172147 ], [ 8.527560308374138, 47.389127210172184 ], [ 8.527486308374058, 47.389168310172217 ], [ 8.527440954741481, 47.389194297308251 ], [ 8.527284908373822, 47.389283710172286 ], [ 8.527242792594551, 47.389306085148512 ], [ 8.527013108373515, 47.389428110172432 ], [ 8.526979640564871, 47.389445883766577 ], [ 8.525963708372323, 47.389985410172898 ], [ 8.525707608372041, 47.390091410173042 ], [ 8.525570508371889, 47.390155810173027 ], [ 8.525363508371647, 47.390274210173118 ], [ 8.525176508371455, 47.390333110173259 ], [ 8.525076908371345, 47.39037781017327 ], [ 8.524913208371165, 47.390438310173373 ], [ 8.524715708370946, 47.390508510173433 ], [ 8.524557008370779, 47.390542710173484 ], [ 8.524369608370591, 47.390577810173561 ], [ 8.524206708370427, 47.390602610173609 ], [ 8.524044708370255, 47.390622110173616 ], [ 8.5238828083701, 47.390639710173744 ], [ 8.523724608369944, 47.390651710173778 ], [ 8.52357340836979, 47.39065671017385 ], [ 8.523384208369617, 47.390652310173834 ], [ 8.523376642049493, 47.390653304288911 ] ] } },
{ "type": "Feature", "properties": { "corridor_id": 29, "corridor_name": "Wehntalerstrasse", "street_names": "Wehntalerstrasse", "n_edges": 5, "length_m": 412.02138536620203, "length_km": 0.41202138536620203, "mean_score": 35.378323230061696, "total_score": 176.89161615030849, "pair_count_max": 54, "neighborhood_span": 28, "climb_saved_m": 125.28436745388674, "mean_abs_grade": 0.0042537963962778046, "max_grade": 0.010300583555034635, "elev_min_m": 463.01824951171875, "elev_max_m": 464.65386962890625, "elev_range_m": 1.6356201171875, "gain_per_km": 0.0, "low_stress_share": 0.0, "mode": "bike", "n_pieces": 1, "neighborhoods": "Unterstrass", "end_a_lon": 8.533912, "end_a_lat": 47.404133, "end_b_lon": 8.53095, "end_b_lat": 47.407245, "corridor_uid": "bike-65" }, "geometry": { "type": "LineString", "coordinates": [ [ 8.533912412847698, 47.404132705227703 ], [ 8.533912408375658, 47.404132710175126 ], [ 8.533609808375259, 47.404467410175315 ], [ 8.533522333283111, 47.404559084071835 ], [ 8.533522308375151, 47.404559110175342 ], [ 8.533477408375088, 47.404606910175417 ], [ 8.53347731784657, 47.404607005052199 ], [ 8.533154708374667, 47.404945110175625 ], [ 8.532360608373644, 47.405776910176122 ], [ 8.530950350849407, 47.407245287645431 ] ] } },
{ "type": "Feature", "properties": { "corridor_id": 30, "corridor_name": "Emil-Klöti-Strasse", "street_names": "Emil-Klöti-Strasse", "n_edges": 2, "length_m": 404.67188979526338, "length_km": 0.40467188979526336, "mean_score": 44.135622666822258, "total_score": 88.271245333644515, "pair_count_max": 30, "neighborhood_span": 25, "climb_saved_m": 46.598968442911556, "mean_abs_grade": 0.0083539660939042845, "max_grade": 0.028338361273800038, "elev_min_m": 530.06903076171875, "elev_max_m": 533.6402587890625, "elev_range_m": 3.57122802734375, "gain_per_km": 8.8249965401613402, "low_stress_share": 0.0, "mode": "bike", "n_pieces": 1, "neighborhoods": "Höngg", "end_a_lon": 8.509001, "end_a_lat": 47.401215, "end_b_lon": 8.512954, "end_b_lat": 47.398983, "corridor_uid": "bike-66" }, "geometry": { "type": "LineString", "coordinates": [ [ 8.509000517636471, 47.401215293640533 ], [ 8.509130708352521, 47.401104810181309 ], [ 8.509300008352733, 47.400949310181204 ], [ 8.509509808352997, 47.400752810181132 ], [ 8.50969980835324, 47.400559410180946 ], [ 8.510095008353757, 47.40012521018074 ], [ 8.510341308354073, 47.39989951018056 ], [ 8.510570708354349, 47.399727310180467 ], [ 8.510809215749282, 47.399589521682174 ], [ 8.510873108354692, 47.399552610180329 ], [ 8.511230708355088, 47.399391310180185 ], [ 8.511792908355694, 47.399208910179951 ], [ 8.512370608356298, 47.399070910179717 ], [ 8.51292370835686, 47.398984510179531 ], [ 8.512954329972237, 47.39898319091418 ] ] } },
{ "type": "Feature", "properties": { "corridor_id": 31, "corridor_name": "Tièchestrasse", "street_names": "Tièchestrasse", "n_edges": 2, "length_m": 398.93549077735918, "length_km": 0.39893549077735918, "mean_score": 43.668579580421373, "total_score": 87.337159160842745, "pair_count_max": 30, "neighborhood_span": 25, "climb_saved_m": 45.938407915847257, "mean_abs_grade": 0.019252514453242688, "max_grade": 0.046725164182785744, "elev_min_m": 484.19921875, "elev_max_m": 491.88809204101562, "elev_range_m": 7.688873291015625, "gain_per_km": 19.273475207816713, "low_stress_share": 0.0, "mode": "bike", "n_pieces": 1, "neighborhoods": "Wipkingen", "end_a_lon": 8.527278, "end_a_lat": 47.398312, "end_b_lon": 8.522201, "end_b_lat": 47.399066, "corridor_uid": "bike-67" }, "geometry": { "type": "LineString", "coordinates": [ [ 8.527278366607476, 47.398312315458526 ], [ 8.526282508369956, 47.398611610175585 ], [ 8.52573500836939, 47.398732410175761 ], [ 8.525317108368974, 47.39879071017593 ], [ 8.525272203724455, 47.398793394989504 ], [ 8.524823708368483, 47.398820210176069 ], [ 8.524517608368178, 47.398831210176141 ], [ 8.52344920836715, 47.398798210176452 ], [ 8.52316500836687, 47.398818610176555 ], [ 8.522972608366677, 47.398845810176589 ], [ 8.522768108366465, 47.3988857101767 ], [ 8.522526408366211, 47.398953610176733 ], [ 8.522211108365864, 47.399063110176876 ], [ 8.522201230721224, 47.399066418592824 ] ] } }
]
}
